2014-08-01,21.3,15.1,26.7,
2014-08-06,21.3,16.8,26.1,
2014-08-07,21.6,17.1,26.4,
2014-08-09,21.0,18.8,23.9,
2014-08-10,20.3,17.5,24.4,
2014-08-11,18.0,13.1,22.0,
2014-08-12,18.1,10.8,24.8,
2014-08-13,21.0,14.6,27.3,
2014-08-14,19.8,17.4,23.7,
2014-08-15,22.2,18.4,26.2,
2014-08-16,23.4,19.5,28.1,
2014-08-17,20.5,18.5,22.7,
2014-08-18,20.9,18.1,26.5,
2014-08-20,22.5,17.7,27.5,
2014-08-21,22.1,19.5,25.2,
2014-08-22,22.4,19.7,26.1,
2014-08-23,20.7,18.5,22.7,
2014-08-24,21.6,17.4,26.1,
2014-08-25,15.4,11.6,19.2,
2014-08-26,14.3,8.0,18.1,
2014-08-27,17.8,14.0,22.5,
2014-08-28,18.1,16.3,19.7,
2014-08-29,19.2,17.7,21.5,
2014-09-01,17.8,13.0,23.2,
2014-09-02,17.4,10.4,24.2,
2014-09-03,17.5,13.8,20.2,
2014-09-04,19.7,14.0,23.2,
2014-09-05,13.6,9.5,18.5,
2014-09-06,14.8,7.6,24.1,
2014-09-07,17.6,11.5,25.4,
2014-09-08,19.0,13.9,25.1,
2014-09-09,15.9,11.7,19.6,
2014-09-10,10.0,9.0,11.5,
2014-09-11,8.7,6.7,11.6,
2014-09-16,11.5,2.7,20.0,
2014-09-17,15.5,9.7,22.8,
2014-09-18,15.1,9.0,23.5,
2014-09-19,17.4,15.3,22.3,
2014-09-20,15.6,12.4,21.8,
2014-09-21,12.5,9.5,16.2,
2014-09-22,14.0,6.2,22.4,
2014-09-23,14.8,10.8,20.9,
2014-09-25,18.3,12.6,26.7,
2014-09-26,20.4,15.2,26.0,
2014-09-27,20.9,15.5,27.2,
2014-09-28,18.2,14.4,25.0,
2014-10-02,11.1,7.8,16.0,
2014-10-03,4.9,3.0,7.6,
2014-10-04,3.0,0.0,7.2,
2014-10-06,7.1,-0.8,15.6,
2014-10-07,9.0,3.9,13.4,
2014-10-08,5.3,-0.4,10.8,
2014-10-09,4.1,-0.3,9.8,
2014-10-10,4.4,-1.7,11.1,
2014-10-11,7.5,0.0,15.1,
2014-10-12,11.4,6.0,16.5,
2014-10-13,10.9,7.8,15.5,
2014-10-15,11.0,4.7,18.6,
2014-10-16,13.2,9.5,21.2,
2014-10-17,7.0,6.0,10.5,
2014-10-18,5.6,3.7,7.3,
2014-10-19,10.9,4.0,19.7,
2014-10-20,9.0,1.7,16.6,
2014-10-23,11.1,4.2,20.6,
2014-10-24,13.5,6.6,22.5,
2014-10-25,9.4,4.3,14.5,
2014-10-26,9.8,2.8,17.0,
2014-10-27,6.9,3.0,9.2,
2014-10-28,3.3,2.5,4.5,
2014-10-29,1.9,0.3,3.9,
2014-11-02,6.3,1.5,12.4,
2014-11-03,5.4,1.6,9.9,
2014-11-04,2.3,-2.9,5.6,
2014-11-05,1.9,-1.1,4.3,
2014-11-06,0.8,-1.0,4.3,
2014-11-07,3.4,0.5,8.0,
2014-11-08,1.3,-0.2,3.3,
2014-11-09,-1.8,-3.8,1.2,
2014-11-10,-5.6,-7.8,-3.3,
2014-11-11,-7.7,-9.7,-6.5,
2014-11-12,-7.3,-10.0,-5.0,
2014-11-13,-10.2,-15.5,-7.6,
2014-11-14,-15.6,-18.2,-11.8,
2014-11-15,-11.2,-16.4,-7.4,
2014-11-16,-13.3,-18.7,-8.3,
2014-11-17,-12.4,-14.2,-11.0,
2014-11-18,-10.4,-13.4,-7.5,
2014-11-19,-7.7,-12.1,-5.1,
2014-11-20,-14.5,-18.1,-10.5,
2014-11-22,-1.3,-5.0,2.5,
2014-11-24,-11.0,-13.2,-7.3,
2014-11-25,-8.8,-15.0,-5.3,
2014-11-28,-10.4,-13.8,-7.1,
2014-12-01,-19.6,-24.8,-15.5,
2014-12-02,-9.9,-14.1,-4.8,
2014-12-03,-11.2,-14.2,-8.3,
2014-12-04,-5.0,-9.3,-1.1,
2014-12-05,-4.0,-9.1,-0.9,
2014-12-07,-0.9,-3.5,0.0,
2014-12-17,-14.1,-17.6,-9.5,
2014-12-18,-10.3,-14.1,-7.0,
2014-12-20,-1.4,-2.0,-0.8,
2014-12-21,-0.5,-1.7,1.1,
2014-12-23,0.3,-1.0,1.5,
2014-12-24,-2.1,-3.3,-1.0,
2014-12-25,-2.3,-3.3,-1.6,
2014-12-26,-4.5,-7.1,-3.5,
2014-12-27,-9.6,-14.8,-4.9,
2014-12-28,-10.4,-15.5,-7.7,
2014-12-29,-19.0,-21.5,-15.8,
2015-01-01,-7.8,-14.1,-2.9,
2015-01-02,-5.8,-14.7,0.5,
2015-01-03,-12.4,-23.6,-4.7,
2015-01-04,-23.0,-25.0,-19.5,
2015-01-05,-21.6,-24.6,-18.1,
2015-01-06,-19.5,-22.9,-16.1,
2015-01-07,-21.3,-23.8,-18.0,
2015-01-08,-15.3,-20.0,-11.7,
2015-01-09,-18.7,-21.2,-15.1,
2015-01-10,-16.6,-22.4,-9.2,
2015-01-11,-17.2,-20.5,-14.3,
2015-01-12,-23.0,-26.7,-19.1,
2015-01-13,-17.4,-26.2,-10.0,
2015-01-14,-11.0,-16.6,-4.6,
2015-01-15,-5.5,-9.9,-0.7,
2015-01-16,-3.7,-4.6,-2.7,
2015-01-17,-0.7,-2.7,1.1,
2015-01-18,-3.3,-6.9,0.2,
2015-01-19,-0.6,-3.7,2.7,
2015-01-20,-1.8,-3.0,-1.0,
2015-01-21,-6.4,-14.3,-3.0,
2015-01-22,-8.9,-16.8,-1.7,
2015-01-23,-0.6,-4.9,2.3,
2015-01-24,-1.3,-5.2,0.4,
2015-01-25,-3.5,-5.8,-0.1,
2015-01-26,-0.1,-3.2,3.5,
2015-01-27,-1.7,-3.2,0.0,
2015-01-28,-0.2,-1.0,0.1,
2015-01-29,-7.8,-13.5,-1.5,
2015-02-01,-15.8,-19.3,-12.8,
2015-02-02,-14.6,-20.5,-8.1,
2015-02-03,-13.8,-16.2,-11.5,
2015-02-04,-19.5,-24.9,-14.2,
2015-02-05,-14.2,-24.5,-6.0,
2015-02-06,-5.4,-11.3,-1.7,
2015-02-07,-3.2,-6.1,0.6,
2015-02-08,-4.2,-5.2,-2.5,
2015-02-09,-5.5,-8.3,-2.8,
2015-02-10,-3.3,-8.8,-0.5,
2015-02-11,-15.4,-21.5,-8.7,
2015-02-12,-19.4,-26.3,-11.2,
2015-02-13,-10.1,-12.6,-7.9,
2015-02-14,-19.3,-24.1,-13.1,
2015-02-15,-15.4,-17.7,-12.5,
2015-02-16,-12.2,-15.4,-10.7,
2015-02-17,-19.3,-22.8,-15.8,
2015-02-18,-23.3,-27.1,-20.0,
2015-02-19,-19.5,-27.6,-11.5,
2015-02-20,-8.3,-11.5,-2.6,
2015-02-21,-16.2,-22.0,-11.5,
2015-02-22,-25.2,-28.8,-21.8,
2015-02-23,-14.5,-27.9,-1.5,
2015-02-24,-7.0,-11.7,-1.9,
2015-02-25,-14.8,-20.2,-12.2,
2015-03-01,-11.0,-18.8,-5.0,
2015-03-02,-9.2,-18.0,-3.0,
2015-03-03,-9.9,-17.4,-4.5,
2015-03-04,-19.2,-22.1,-17.0,
2015-03-05,-17.4,-26.5,-8.3,
2015-03-06,-5.9,-13.3,0.6,
2015-03-07,-0.5,-3.0,2.1,
2015-03-09,3.9,0.0,10.2,
2015-03-10,4.5,0.0,10.3,
2015-03-11,4.5,-1.7,11.0,
2015-03-12,8.5,4.1,15.1,
2015-03-18,0.2,-1.6,3.3,
2015-03-19,3.2,-0.1,10.4,
2015-03-20,1.8,-2.5,10.1,
2015-03-21,-2.9,-5.3,-0.2,
2015-03-22,-1.6,-2.6,0.6,
2015-03-24,-1.2,-2.2,0.1,
2015-03-25,0.4,-0.6,2.5,
2015-03-26,-3.3,-6.3,-0.3,
2015-03-27,-4.5,-11.2,0.3,
2015-03-29,5.5,2.3,10.4,
2015-04-02,5.4,-2.3,12.3,
2015-04-03,-2.5,-8.5,4.0,
2015-04-04,2.1,-5.3,9.2,
2015-04-05,3.1,-1.1,8.0,
2015-04-06,2.3,0.2,4.8,
2015-04-08,4.1,0.3,10.2,
2015-04-09,6.2,2.1,12.6,
2015-04-10,5.6,-0.8,12.6,
2015-04-11,12.2,0.8,23.4,
2015-04-16,14.7,9.7,20.1,
2015-04-17,13.4,4.6,21.5,
2015-04-18,14.8,7.6,21.6,
2015-04-19,7.5,4.9,10.4,
2015-04-20,1.7,0.3,3.7,
2015-04-21,0.6,-0.1,2.1,
2015-04-22,1.8,-3.2,6.9,
2015-04-23,3.4,-6.0,10.6,
2015-04-24,6.4,2.9,9.6,
2015-04-25,7.9,5.0,13.2,
2015-04-26,9.8,2.5,16.5,
2015-04-27,12.8,4.6,20.1,
2015-04-28,11.4,7.1,17.1,
2015-05-02,18.6,9.4,27.3,
2015-05-03,16.4,12.3,20.1,
2015-05-04,13.8,7.4,19.0,
2015-05-05,16.5,10.0,24.3,
2015-05-06,15.7,12.7,19.3,
2015-05-07,15.5,7.7,19.9,
2015-05-08,6.6,3.0,10.0,
2015-05-09,6.9,0.3,12.2,
2015-05-10,7.2,5.3,9.6,
2015-05-11,5.0,3.5,6.7,
2015-05-12,6.9,2.0,12.0,
2015-05-13,12.6,6.7,20.9,
2015-05-14,11.4,10.1,15.2,
2015-05-15,12.3,5.7,15.6,
2015-05-16,15.3,12.5,18.4,
2015-05-17,15.3,4.5,21.6,
2015-05-18,1.7,0.5,4.1,
2015-05-19,6.4,0.4,12.1,
2015-05-20,10.6,3.3,17.7,
2015-05-21,13.4,6.5,19.5,
2015-05-22,15.8,6.8,22.5,
2015-05-23,15.7,9.5,20.0,
2015-05-24,15.8,14.0,18.4,
2015-05-25,14.2,13.4,16.7,
2015-05-26,16.5,10.9,21.7,
2015-05-27,19.1,11.7,26.7,
2015-05-29,12.6,9.2,15.5,
2015-06-02,20.0,14.5,26.4,
2015-06-03,16.4,13.2,20.8,
2015-06-04,16.2,12.2,21.3,
2015-06-05,18.6,15.0,22.6,
2015-06-06,19.4,15.7,24.0,
2015-06-07,20.3,12.5,27.0,
2015-06-08,20.7,14.2,27.0,
2015-06-09,23.9,16.9,33.0,
2015-06-11,19.4,16.5,23.2,
2015-06-12,20.2,14.0,25.9,
2015-06-13,19.9,15.7,24.0,
2015-06-14,20.4,17.0,24.7,
2015-06-15,18.2,13.8,21.9,
2015-06-16,13.0,11.1,16.1,
2015-06-18,16.7,12.2,21.2,
2015-06-19,20.2,14.2,27.0,
2015-06-21,21.2,13.9,27.1,
2015-06-22,20.2,16.6,22.7,
2015-06-23,19.8,12.3,26.1,
2015-06-24,20.6,15.7,26.7,
2015-06-25,21.0,16.1,25.5,
2015-06-27,20.5,14.2,27.3,
2015-07-03,20.0,13.3,26.5,
2015-07-04,22.7,17.3,27.5,
2015-07-05,24.0,18.7,30.1,
2015-07-06,18.4,12.7,21.6,
2015-07-07,15.2,8.8,20.5,
2015-07-08,16.3,11.2,21.7,
2015-07-09,19.0,13.0,24.6,
2015-07-10,21.9,13.6,28.1,
2015-07-11,23.0,18.9,27.3,
2015-07-12,24.4,20.0,29.5,
2015-07-14,23.6,18.3,28.5,
2015-07-15,22.6,19.5,29.2,
2015-07-16,22.3,19.2,26.3,
2015-07-17,23.2,18.3,29.1,
2015-07-18,20.1,15.4,24.7,
2015-07-19,20.5,12.6,27.5,
2015-07-20,19.2,16.5,22.0,
2015-07-21,19.5,11.1,25.8,
2015-07-22,21.7,17.5,25.6,
2015-07-23,23.1,17.0,28.1,
2015-07-24,22.8,19.4,26.3,
2015-07-26,24.2,18.5,29.0,
2015-07-27,24.9,20.6,29.5,
2015-07-28,22.5,18.7,25.0,
2015-07-29,20.6,16.0,25.7,
2015-08-02,20.7,15.9,23.8,
2015-08-03,18.0,11.5,24.3,
2015-08-04,19.3,11.5,25.4,
2015-08-05,20.7,15.4,26.2,
2015-08-07,21.4,17.4,26.8,
2015-08-08,23.5,19.4,28.1,
2015-08-09,22.4,18.4,26.5,
2015-08-10,20.8,15.0,25.7,
2015-08-11,21.3,14.6,26.5,
2015-08-12,22.7,15.4,30.0,
2015-08-13,22.4,19.0,26.9,
2015-08-14,24.7,18.1,31.3,
2015-08-15,25.7,20.7,30.7,
2015-08-16,19.5,13.6,24.0,
2015-08-17,17.1,13.4,20.5,
2015-08-18,14.5,13.0,16.3,
2015-08-19,14.4,10.6,17.8,
2015-08-20,15.3,7.2,22.2,
2015-08-21,19.3,14.5,25.0,
2015-08-22,18.6,12.3,24.6,
2015-08-24,13.6,8.3,19.1,
2015-08-25,13.9,6.9,20.5,
2015-08-26,16.5,9.8,22.4,
2015-08-27,19.2,15.3,23.5,
2015-08-28,19.6,15.6,24.7,
2015-08-29,18.4,13.5,23.5,
2015-09-02,22.8,17.5,27.9,
2015-09-03,24.4,20.0,30.0,
2015-09-04,24.4,22.6,27.9,
2015-09-05,24.0,21.5,26.5,
2015-09-06,23.4,18.9,28.6,
2015-09-07,17.7,9.0,21.9,
2015-09-08,17.2,11.5,21.9,
2015-09-09,16.9,11.3,23.0,
2015-09-10,14.1,9.0,17.3,
2015-09-11,10.9,5.7,15.7,
2015-09-12,12.9,5.5,20.4,
2015-09-13,17.6,9.2,26.2,
2015-09-14,20.2,13.6,26.5,
2015-09-15,22.7,18.7,27.5,
2015-09-16,24.2,18.4,29.5,
2015-09-17,19.6,11.7,23.5,
2015-09-18,10.8,6.4,16.0,
2015-09-19,11.5,3.7,20.1,
2015-09-20,15.8,9.5,23.9,
2015-09-24,17.9,15.0,21.5,
2015-09-25,19.0,14.5,24.7,
2015-09-26,19.7,14.4,25.9,
2015-09-27,20.6,15.3,28.1,
2015-10-04,10.1,5.5,14.2,
2015-10-05,12.4,9.7,16.1,
2015-10-11,19.3,10.5,32.4,
2015-10-12,9.5,4.7,14.1,
2015-10-14,9.8,2.1,19.9,
2015-10-16,1.2,-4.1,5.8,
2015-10-17,4.6,-3.2,12.5,
2015-10-18,10.8,4.5,18.9,
2015-10-19,13.5,8.9,20.2,
2015-10-20,12.9,10.0,18.0,
2015-10-21,9.3,4.1,13.1,
2015-10-22,8.5,1.1,16.4,
2015-10-23,8.9,7.6,11.2,
2015-10-24,7.2,3.0,11.3,
2015-10-25,7.5,3.6,10.8,
2015-10-26,7.8,6.5,9.6,
2015-10-27,9.6,7.2,13.6,
2015-10-28,2.8,0.1,8.7,
2015-11-01,6.0,-0.7,11.1,
2015-11-02,11.5,6.4,19.0,
2015-11-03,12.9,8.1,19.5,
2015-11-04,12.3,9.5,16.5,
2015-11-05,5.0,2.5,9.5,
2015-11-06,2.9,-0.2,5.7,
2015-11-08,6.9,1.1,16.0,
2015-11-09,8.3,2.0,16.6,
2015-11-10,8.5,3.6,15.6,
2015-11-11,2.8,0.6,4.5,
2015-11-12,0.8,-1.4,3.1,
2015-11-15,8.2,2.1,15.4,
2015-11-17,8.0,4.6,9.6,
2015-11-18,2.9,-0.8,5.3,
2015-11-19,-3.2,-4.7,-1.1,
2015-11-21,-9.1,-13.1,-5.1,
2015-11-22,-4.6,-10.1,0.6,
2015-11-23,-0.9,-5.0,2.6,
2015-11-24,1.0,-2.2,4.8,
2015-11-25,-0.5,-4.5,1.0,
2015-11-26,-6.6,-9.0,-4.9,
2015-11-27,-9.8,-13.5,-6.2,
2015-11-28,-6.6,-12.7,1.5,
2015-12-01,-0.2,-1.2,0.5,
2015-12-02,-5.9,-11.0,0.0,
2015-12-03,-7.8,-12.8,-2.7,
2015-12-04,-2.3,-7.6,2.6,
2015-12-07,-0.1,-2.9,2.0,
2015-12-11,0.0,-0.5,0.6,
2015-12-12,0.5,0.0,1.5,
2015-12-13,1.0,0.3,2.2,
2015-12-14,0.0,-1.6,1.0,
2015-12-15,-1.9,-3.1,-1.3,
2015-12-16,-3.8,-7.6,-1.0,
2015-12-17,-7.9,-12.1,-4.0,
2015-12-18,-13.0,-17.6,-10.2,
2015-12-19,-11.6,-18.6,-4.1,
2015-12-20,-3.9,-6.0,-2.5,
2015-12-21,-6.1,-6.6,-5.7,
2015-12-22,-3.1,-6.6,0.4,
2015-12-23,-4.0,-6.5,-1.3,
2015-12-24,-8.4,-9.3,-6.5,
2015-12-25,-4.1,-7.0,-2.0,
2015-12-26,-6.6,-18.5,-2.7,
2015-12-27,-18.8,-22.0,-16.0,
2015-12-28,-11.6,-17.2,-7.4,
2015-12-29,-6.7,-7.5,-6.0,
2016-01-02,-7.8,-13.9,-3.3,
2016-01-03,-6.2,-12.8,-3.7,
2016-01-04,-9.8,-15.2,-5.1,
2016-01-05,-6.6,-11.0,-3.8,
2016-01-06,-2.7,-3.8,-1.5,
2016-01-07,-0.7,-1.7,0.0,
2016-01-08,-8.9,-17.3,-0.6,
2016-01-09,-20.4,-24.5,-16.9,
2016-01-10,-22.8,-27.1,-19.1,
2016-01-12,-21.4,-24.3,-17.5,
2016-01-13,-10.9,-20.1,-5.0,
2016-01-14,-6.1,-8.0,-3.8,
2016-01-15,-17.8,-21.5,-11.5,
2016-01-16,-22.5,-27.0,-20.0,
2016-01-17,-25.5,-29.2,-21.7,
2016-01-18,-19.3,-21.5,-17.2,
2016-01-19,-16.3,-21.1,-12.8,
2016-01-20,-7.7,-12.5,-4.9,
2016-01-21,-8.2,-12.5,-5.3,
2016-01-22,-12.7,-17.6,-9.8,
2016-01-23,-8.0,-10.9,-4.1,
2016-01-24,-4.2,-9.1,-2.7,
2016-01-25,-5.8,-7.1,-3.5,
2016-01-26,-6.5,-11.5,-3.4,
2016-01-27,-2.4,-9.8,3.2,
2016-01-28,-3.5,-6.9,1.3,
2016-01-29,-2.1,-5.5,1.8,
2016-02-01,-4.8,-6.8,-2.5,
2016-02-02,-4.7,-7.1,-2.7,
2016-02-03,-8.3,-11.5,-6.3,
2016-02-04,-8.4,-13.2,-5.3,
2016-02-05,-8.3,-14.1,-4.0,
2016-02-06,-3.1,-11.4,2.0,
2016-02-07,-2.3,-11.6,1.8,
2016-02-08,-12.1,-13.7,-10.5,
2016-02-09,-13.6,-16.7,-10.5,
2016-02-11,-12.7,-16.9,-10.3,
2016-02-12,-17.1,-21.0,-12.7,
2016-02-13,-16.8,-22.3,-11.3,
2016-02-14,-9.8,-12.2,-7.5,
2016-02-15,-3.1,-7.1,0.6,
2016-02-16,-3.1,-5.0,-1.0,
2016-02-17,-5.3,-8.2,-2.5,
2016-02-18,0.0,-3.0,1.9,
2016-02-19,2.7,0.0,8.0,
2016-02-20,0.5,-0.5,1.9,
2016-02-21,-3.8,-7.5,-0.8,
2016-02-22,-3.7,-8.0,-0.5,
2016-02-23,-0.4,-2.5,0.2,
2016-02-24,-2.7,-7.1,0.1,
2016-02-25,-3.5,-5.3,-0.6,
2016-02-26,-1.0,-7.5,7.2,
2016-02-27,4.9,-1.0,13.9,
2016-03-01,-10.0,-13.3,-5.5,
2016-03-02,-5.0,-9.6,-0.9,
2016-03-04,-1.8,-8.2,2.8,
2016-03-05,-1.4,-5.6,4.1,
2016-03-06,7.2,0.5,16.1,
2016-03-07,8.9,1.8,16.5,
2016-03-08,6.4,-0.7,14.3,
2016-03-09,-1.7,-3.3,-0.5,
2016-03-11,8.1,1.2,19.0,
2016-03-12,11.1,4.0,19.3,
2016-03-14,9.3,6.4,13.9,
2016-03-15,9.0,5.6,11.2,
2016-03-16,3.1,0.0,6.5,
2016-03-17,-0.2,-1.2,0.5,
2016-03-18,-1.1,-2.1,0.0,
2016-03-19,-0.9,-4.4,2.5,
2016-03-20,-1.2,-5.0,3.0,
2016-03-21,2.3,-2.7,7.2,
2016-03-22,4.0,-0.1,8.8,
2016-03-23,1.4,-1.0,4.1,
2016-03-24,1.0,-5.1,7.3,
2016-03-25,3.6,-1.2,9.9,
2016-03-26,1.3,-0.9,4.0,
2016-03-27,2.9,-3.6,10.8,
2016-03-28,7.3,1.1,15.8,
2016-03-29,10.8,5.5,18.3,
2016-04-02,-3.1,-6.1,0.4,
2016-04-03,4.0,-3.0,10.9,
2016-04-04,-0.2,-4.5,4.6,
2016-04-05,3.9,-1.1,9.1,
2016-04-06,2.0,0.3,4.0,
2016-04-07,0.8,-0.2,2.0,
2016-04-08,-3.1,-5.5,-0.6,
2016-04-09,-0.2,-7.3,7.4,
2016-04-10,4.0,0.0,9.6,
2016-04-11,-1.0,-4.3,2.5,
2016-04-12,-0.5,-7.0,3.4,
2016-04-13,8.4,0.3,18.2,
2016-04-14,17.4,7.2,28.4,
2016-04-15,15.6,10.6,22.7,
2016-04-16,17.6,12.7,24.0,
2016-04-17,13.3,5.9,20.6,
2016-04-18,12.5,8.2,19.1,
2016-04-19,8.2,6.7,10.5,
2016-04-20,11.7,9.5,15.2,
2016-04-23,13.9,7.2,21.7,
2016-05-03,13.6,5.2,21.0,
2016-05-04,12.4,4.5,18.8,
2016-05-05,18.5,7.7,29.5,
2016-05-06,20.1,12.6,31.2,
2016-05-07,13.7,7.0,18.4,
2016-05-08,15.8,7.9,22.3,
2016-05-09,14.0,10.8,19.0,
2016-05-10,11.4,10.5,12.0,
2016-05-11,12.4,10.2,17.0,
2016-05-12,8.7,5.1,11.4,
2016-05-13,4.6,2.2,5.4,
2016-05-14,3.8,-1.3,9.6,
2016-05-15,10.1,-0.6,19.4,
2016-05-16,12.3,5.9,16.6,
2016-05-17,12.8,7.1,17.6,
2016-05-18,14.4,7.5,20.2,
2016-05-19,17.3,10.1,24.6,
2016-05-20,16.9,12.1,21.2,
2016-05-21,18.9,11.1,25.5,
2016-05-22,20.6,11.2,27.6,
2016-05-23,21.3,16.2,25.5,
2016-05-24,21.0,13.2,29.1,
2016-05-25,19.0,17.0,24.0,
2016-05-26,18.7,10.8,24.8,
2016-05-27,17.4,15.1,20.0,
2016-05-28,15.9,13.7,18.6,
2016-05-29,18.1,13.1,23.9,
2016-06-01,13.2,11.5,15.6,
2016-06-02,15.6,7.0,23.2,
2016-06-03,17.7,15.7,20.9,
2016-06-04,16.1,13.6,20.8,
2016-06-05,18.9,11.5,25.7,
2016-06-06,14.8,10.5,18.4,
2016-06-08,19.1,11.1,26.9,
2016-06-09,23.5,18.0,28.6,
2016-06-10,25.2,20.8,30.9,
2016-06-11,23.8,18.5,30.3,
2016-06-12,22.4,19.2,28.8,
2016-06-13,21.6,16.2,26.6,
2016-06-14,17.5,15.1,19.4,
2016-06-15,17.8,15.0,21.1,
2016-06-16,19.9,15.0,25.5,
2016-06-17,21.1,19.0,23.7,
2016-06-18,21.9,17.4,27.5,
2016-06-19,26.4,20.5,32.7,
2016-06-20,19.5,14.2,22.9,
2016-06-21,19.8,11.0,26.5,
2016-06-22,21.6,16.1,26.1,
2016-06-23,19.6,14.5,24.6,
2016-06-24,21.6,14.8,27.5,
2016-06-25,25.3,18.7,30.4,
2016-06-26,21.9,15.3,28.1,
2016-06-27,16.7,13.2,20.0,
2016-06-28,18.3,12.0,23.4,
2016-07-02,20.4,14.2,25.3,
2016-07-03,20.4,14.2,25.8,
2016-07-04,21.3,16.3,27.7,
2016-07-05,21.7,18.2,27.1,
2016-07-06,21.5,15.1,26.4,
2016-07-07,21.3,17.1,25.4,
2016-07-08,18.9,13.7,24.7,
2016-07-09,21.9,14.9,26.6,
2016-07-14,15.4,13.5,17.3,
2016-07-15,17.6,11.7,22.8,
2016-07-16,19.4,14.1,25.2,
2016-07-17,20.1,16.4,25.0,
2016-07-18,21.5,14.7,27.4,
2016-07-19,24.1,19.0,29.0,
2016-07-20,25.5,21.0,31.5,
2016-07-21,24.8,19.6,30.0,
2016-07-22,26.3,21.2,31.1,
2016-07-23,23.9,21.1,26.3,
2016-07-24,21.3,16.6,26.1,
2016-07-25,22.3,15.0,29.4,
2016-07-26,23.3,19.1,28.7,
2016-07-28,20.6,17.1,25.0,
2016-07-29,19.9,16.0,25.0,
2016-08-02,24.1,19.6,28.9,
2016-08-03,24.1,19.2,29.8,
2016-08-04,21.2,18.0,24.6,
2016-08-05,18.3,12.5,23.7,
2016-08-06,19.6,12.9,24.7,
2016-08-07,21.0,16.6,25.5,
2016-08-08,20.9,16.0,25.5,
2016-08-09,24.1,18.5,30.4,
2016-08-10,22.2,18.3,26.7,
2016-08-11,22.3,18.8,26.2,
2016-08-12,21.4,19.2,24.7,
2016-08-13,18.8,13.9,24.9,
2016-08-14,19.2,12.1,25.2,
2016-08-15,18.3,16.9,20.9,
2016-08-16,21.4,17.3,27.0,
2016-08-17,21.9,16.4,27.9,
2016-08-18,20.7,17.8,26.4,
2016-08-19,19.7,16.7,23.3,
2016-08-20,15.8,12.6,19.6,
2016-08-21,15.7,8.6,22.9,
2016-08-22,20.9,14.5,27.7,
2016-08-23,22.6,18.1,28.0,
2016-08-24,18.9,14.0,22.5,
2016-08-25,14.3,10.0,18.4,
2016-08-26,15.8,9.3,22.5,
2016-08-27,17.7,15.2,21.6,
2016-08-28,21.9,15.0,29.5,
2016-08-29,24.0,19.5,28.6,
2016-09-02,17.8,12.6,23.2,
2016-09-03,19.9,16.0,24.6,
2016-09-04,21.3,17.3,26.1,
2016-09-05,20.7,18.3,24.4,
2016-09-06,18.5,15.5,22.1,
2016-09-07,18.1,15.5,22.1,
2016-09-08,16.8,9.7,23.4,
2016-09-09,15.3,11.6,19.8,
2016-09-10,14.6,8.2,21.3,
2016-09-11,18.2,11.5,26.0,
2016-09-12,15.9,12.8,18.2,
2016-09-14,11.3,3.7,18.6,
2016-09-15,16.0,12.8,18.1,
2016-09-16,15.8,13.0,21.5,
2016-09-17,15.9,11.5,21.4,
2016-09-18,17.4,11.5,25.1,
2016-09-19,17.7,13.1,24.5,
2016-09-20,17.0,9.8,23.5,
2016-09-21,17.4,15.5,21.0,
2016-09-22,15.2,12.8,17.5,
2016-09-23,15.3,13.5,16.8,
2016-09-28,10.7,6.0,15.8,
2016-10-04,16.0,12.3,19.8,
2016-10-05,10.8,6.0,15.1,
2016-10-06,5.6,1.1,8.6,
2016-10-07,3.1,-0.3,5.5,
2016-10-08,2.4,-2.3,7.8,
2016-10-09,7.8,0.9,14.7,
2016-10-10,15.7,10.5,22.9,
2016-10-11,7.3,4.0,13.8,
2016-10-12,3.4,1.5,5.0,
2016-10-13,4.9,-2.3,14.0,
2016-10-14,11.3,4.2,21.3,
2016-10-15,13.9,9.9,18.4,
2016-10-16,12.4,4.4,17.0,
2016-10-17,12.0,9.4,17.1,
2016-10-18,9.3,4.6,14.5,
2016-10-19,4.7,2.6,6.5,
2016-10-21,7.2,3.6,11.1,
2016-10-22,8.9,1.5,18.0,
2016-10-23,7.9,3.1,11.5,
2016-10-24,5.2,-1.6,11.4,
2016-10-25,6.1,4.8,7.6,
2016-10-26,6.1,5.1,7.3,
2016-10-27,8.1,5.7,12.3,
2016-10-28,11.1,8.0,15.2,
2016-10-29,6.6,4.0,10.2,
2016-11-02,8.1,3.5,14.5,
2016-11-03,8.7,2.9,16.2,
2016-11-04,9.5,3.5,18.0,
2016-11-05,11.9,5.6,20.6,
2016-11-06,12.6,7.0,20.0,
2016-11-07,11.2,5.5,15.9,
2016-11-08,5.4,-0.3,12.0,
2016-11-09,7.0,0.0,18.0,
2016-11-10,7.7,2.4,14.6,
2016-11-11,2.3,-2.0,7.5,
2016-11-12,5.6,-0.6,14.8,
2016-11-13,8.6,1.1,18.2,
2016-11-14,4.8,2.5,7.7,
2016-11-15,6.5,2.5,12.0,
2016-11-16,7.2,1.2,13.3,
2016-11-17,4.1,1.0,5.3,
2016-11-18,-0.6,-2.6,1.5,
2016-11-19,-6.6,-10.2,-3.0,
2016-11-20,-4.8,-7.0,-2.6,
2016-11-21,-2.7,-6.2,0.1,
2016-11-22,0.0,0.0,0.2,
2016-11-23,-0.2,-0.5,0.2,
2016-11-24,-0.1,-0.3,0.4,
2016-11-25,0.1,-1.3,2.5,
2016-11-26,-0.8,-2.0,1.5,
2016-11-27,0.1,-2.2,2.8,
2016-11-28,2.4,0.0,5.7,
2016-12-01,-0.5,-2.2,0.4,
2016-12-02,-3.3,-3.7,-2.5,
2016-12-04,-0.1,-3.0,0.8,
2016-12-05,-0.7,-4.1,1.5,
2016-12-14,-18.7,-22.5,-13.6,
2016-12-15,-20.9,-26.0,-16.3,
2016-12-16,-14.0,-16.6,-13.0,
2016-12-17,-22.7,-29.9,-17.1,
2016-12-18,-25.6,-31.5,-19.5,
2016-12-19,-9.1,-19.2,-4.6,
2016-12-29,-4.0,-8.7,-1.8,
2017-01-01,-6.1,-7.7,-4.2,
2017-01-02,-5.0,-7.7,-3.1,
2017-01-03,-16.2,-21.8,-7.6,
2017-01-04,-22.5,-25.1,-19.4,
2017-01-05,-24.7,-26.8,-22.7,
2017-01-06,-21.6,-26.5,-17.8,
2017-01-07,-22.7,-25.4,-20.0,
2017-01-08,-16.5,-23.2,-9.8,
2017-01-09,-14.5,-20.1,-7.2,
2017-01-10,-14.0,-19.6,-8.5,
2017-01-11,-19.0,-21.2,-16.8,
2017-01-12,-21.4,-26.2,-15.6,
2017-01-13,-20.6,-27.6,-14.2,
2017-01-14,-14.9,-17.3,-11.8,
2017-01-15,-11.0,-15.7,-5.0,
2017-01-16,-8.8,-13.4,-4.2,
2017-01-17,-12.2,-17.2,-6.7,
2017-01-18,-3.1,-7.7,1.2,
2017-01-19,0.3,-1.9,2.5,
2017-01-20,0.8,0.5,1.2,
2017-01-21,0.8,0.1,1.5,
2017-01-22,-0.2,-0.8,0.2,
2017-01-23,-0.6,-1.0,-0.3,
2017-01-24,-1.3,-2.8,-0.5,
2017-01-25,-4.0,-5.0,-2.8,
2017-01-26,-6.9,-8.7,-5.5,
2017-01-27,-6.5,-11.0,-2.5,
2017-01-28,-4.6,-6.4,-2.5,
2017-01-29,-4.1,-5.6,-3.0,
2017-02-01,-13.5,-17.0,-10.5,
2017-02-05,-12.0,-15.2,-9.5,
2017-02-06,-7.9,-10.8,-4.7,
2017-02-07,-12.5,-19.6,-6.0,
2017-02-08,-18.3,-21.9,-14.7,
2017-02-09,-13.4,-20.7,-6.2,
2017-02-10,-0.6,-7.2,8.1,
2017-02-11,-0.4,-4.0,2.5,
2017-02-12,-1.4,-4.5,2.6,
2017-02-13,-0.3,-5.2,5.3,
2017-02-14,-2.0,-7.1,1.2,
2017-02-15,-4.0,-10.0,2.0,
2017-02-16,1.5,-3.0,7.1,
2017-02-17,4.6,0.5,11.5,
2017-02-18,3.4,-0.8,8.6,
2017-02-19,7.7,2.6,13.0,
2017-02-20,7.1,0.3,10.8,
2017-02-21,4.2,-1.3,10.3,
2017-02-22,2.0,-0.4,5.1,
2017-02-23,-2.7,-4.7,-1.0,
2017-02-24,-6.7,-9.0,-3.7,
2017-02-25,-5.4,-10.5,0.0,
2017-02-26,-8.3,-10.5,-4.3,
2017-03-01,-5.5,-7.5,-2.5,
2017-03-02,-9.6,-11.7,-6.7,
2017-03-03,-6.5,-13.0,-0.9,
2017-03-04,0.7,-4.1,6.1,
2017-03-05,7.2,0.9,15.5,
2017-03-06,8.4,-3.6,18.4,
2017-03-07,-1.7,-5.2,2.4,
2017-03-15,-6.7,-13.8,0.2,
2017-03-16,-0.4,-5.0,4.3,
2017-03-17,0.3,-1.6,2.6,
2017-03-18,-1.0,-5.6,5.4,
2017-03-19,5.9,0.2,14.9,
2017-03-20,4.5,1.1,10.2,
2017-03-21,-4.3,-7.2,0.6,
2017-03-22,-3.4,-8.6,1.1,
2017-03-23,1.9,0.8,4.7,
2017-03-24,2.4,0.0,7.1,
2017-03-25,1.8,-0.7,6.8,
2017-03-26,3.7,0.7,7.0,
2017-03-27,5.8,0.1,13.3,
2017-03-28,6.8,-0.3,14.6,
2017-03-29,7.3,1.5,13.9,
2017-04-02,7.4,1.4,13.6,
2017-04-03,9.3,5.9,13.9,
2017-04-04,8.8,3.5,14.2,
2017-04-05,6.7,3.2,10.2,
2017-04-06,4.7,-1.4,11.0,
2017-04-09,9.7,3.6,12.1,
2017-04-10,2.8,-1.1,6.3,
2017-04-11,5.7,0.0,11.4,
2017-04-12,8.6,4.2,15.0,
2017-04-14,12.9,8.7,19.8,
2017-04-15,12.3,8.1,14.6,
2017-04-16,8.8,0.6,17.4,
2017-04-17,5.1,-1.3,10.4,
2017-04-21,9.0,2.0,15.8,
2017-04-22,12.0,5.0,19.1,
2017-04-23,8.1,4.6,12.5,
2017-04-24,9.5,3.0,17.2,
2017-04-25,3.9,1.8,6.1,
2017-04-26,0.0,-1.2,2.0,
2017-04-27,-0.8,-2.5,1.6,
2017-04-28,3.9,-1.3,9.8,
2017-05-02,9.6,2.2,16.5,
2017-05-03,10.7,4.4,17.7,
2017-05-04,12.5,5.2,20.1,
2017-05-05,17.6,6.9,26.7,
2017-05-06,16.3,9.5,21.6,
2017-05-07,16.2,11.5,21.7,
2017-05-08,15.0,10.6,20.8,
2017-05-09,14.1,8.2,18.8,
2017-05-10,14.0,9.3,18.1,
2017-05-11,11.8,4.9,18.1,
2017-05-12,17.4,8.6,25.3,
2017-05-13,20.1,12.0,27.9,
2017-05-14,20.6,13.6,28.5,
2017-05-15,17.6,13.3,22.7,
2017-05-16,15.4,12.5,18.9,
2017-05-17,12.3,11.0,13.5,
2017-05-18,11.4,8.6,15.2,
2017-05-19,9.7,6.5,12.6,
2017-05-20,6.2,4.3,9.1,
2017-05-21,5.7,4.2,8.6,
2017-05-22,8.9,4.5,14.0,
2017-05-23,10.1,7.6,13.5,
2017-05-26,15.8,9.9,21.4,
2017-05-27,15.6,8.1,22.6,
2017-05-28,13.7,8.3,19.5,
2017-05-29,11.3,9.7,13.5,
2017-06-02,24.2,15.8,32.7,
2017-06-03,23.6,16.3,29.6,
2017-06-04,21.7,12.7,28.7,
2017-06-05,21.3,15.0,26.8,
2017-06-06,22.6,15.5,29.0,
2017-06-07,22.0,16.8,28.7,
2017-06-08,20.3,13.0,26.0,
2017-06-09,24.3,16.9,31.2,
2017-06-10,25.5,21.2,28.9,
2017-06-11,19.8,15.6,23.8,
2017-06-12,21.2,15.3,25.0,
2017-06-13,19.8,16.5,24.0,
2017-06-14,21.2,16.7,25.2,
2017-06-15,20.5,14.3,25.6,
2017-06-16,19.1,14.6,24.9,
2017-06-17,17.6,13.7,24.1,
2017-06-20,17.3,14.0,20.7,
2017-06-21,20.7,14.4,27.6,
2017-06-22,19.7,15.1,24.0,
2017-06-23,15.0,12.0,17.0,
2017-06-24,11.5,6.5,15.3,
2017-06-25,12.6,8.0,17.4,
2017-06-26,14.4,7.0,20.3,
2017-06-27,16.7,8.1,21.8,
2017-06-28,19.1,16.5,21.1,
2017-07-02,18.6,13.2,23.2,
2017-07-03,20.9,15.3,25.1,
2017-07-04,24.7,18.6,31.5,
2017-07-05,25.6,18.7,32.8,
2017-07-06,24.6,20.4,29.0,
2017-07-07,20.2,13.6,25.1,
2017-07-08,20.9,12.3,27.0,
2017-07-09,21.6,17.7,26.4,
2017-07-10,22.3,16.9,26.9,
2017-07-11,23.5,16.5,29.3,
2017-07-12,19.6,16.2,24.0,
2017-07-13,15.3,13.6,16.7,
2017-07-14,18.3,12.0,24.5,
2017-07-15,21.8,16.3,25.5,
2017-07-16,21.7,15.5,27.2,
2017-07-17,24.0,19.2,34.0,
2017-07-18,21.2,17.3,24.4,
2017-07-19,20.3,16.4,24.9,
2017-07-20,22.4,14.9,29.2,
2017-07-21,23.7,19.2,29.1,
2017-07-22,22.6,17.7,27.0,
2017-07-23,18.9,15.4,22.6,
2017-07-24,19.7,14.6,23.8,
2017-07-25,22.3,18.8,26.0,
2017-07-26,22.4,18.6,25.7,
2017-07-27,22.1,16.9,26.5,
2017-07-28,23.2,16.9,27.9,
2017-07-29,22.5,17.3,27.7,
2017-08-02,19.4,14.2,24.2,
2017-08-03,14.7,12.7,18.9,
2017-08-04,16.7,9.3,23.2,
2017-08-05,17.6,12.4,23.5,
2017-08-06,17.5,13.8,22.7,
2017-08-07,18.6,11.3,25.2,
2017-08-08,19.1,11.5,26.1,
2017-08-09,18.0,14.8,23.1,
2017-08-10,17.8,14.3,22.5,
2017-08-11,18.7,12.2,23.8,
2017-08-12,18.6,11.4,24.2,
2017-08-14,18.5,16.0,22.6,
2017-08-15,18.4,13.4,21.7,
2017-08-16,18.4,17.0,20.0,
2017-08-17,19.1,16.2,23.5,
2017-08-18,17.5,14.9,21.0,
2017-08-19,18.7,12.2,24.9,
2017-08-20,18.4,16.3,22.0,
2017-08-21,17.7,13.2,21.1,
2017-08-22,15.9,9.5,21.4,
2017-08-23,16.7,8.5,23.0,
2017-08-24,17.4,12.7,22.3,
2017-08-25,16.8,15.0,18.1,
2017-08-26,17.8,15.2,19.6,
2017-08-27,17.2,14.3,21.4,
2017-08-28,18.5,12.9,24.7,
2017-08-29,19.5,12.7,26.0,
2017-09-02,19.1,14.0,24.3,
2017-09-03,19.7,11.2,28.0,
2017-09-04,15.7,11.1,19.7,
2017-09-05,11.7,6.5,17.2,
2017-09-08,13.9,9.6,18.6,
2017-09-09,16.1,11.1,21.8,
2017-09-10,20.9,17.3,25.9,
2017-09-11,19.7,15.2,25.0,
2017-09-12,21.4,15.0,29.1,
2017-09-13,22.0,16.8,28.2,
2017-09-14,21.1,15.0,28.3,
2017-09-15,18.4,16.2,20.7,
2017-09-16,12.0,10.0,20.4,
2017-09-17,10.5,6.0,15.0,
2017-09-18,13.8,11.2,16.0,
2017-09-19,18.6,14.1,22.5,
2017-09-20,16.0,12.5,20.2,
2017-09-21,18.4,10.8,25.6,
2017-09-22,23.8,18.1,30.0,
2017-09-23,13.5,12.0,20.3,
2017-09-24,16.4,11.1,22.5,
2017-09-25,10.9,9.5,12.5,
2017-09-26,11.0,8.6,13.1,
2017-09-27,10.6,3.0,19.0,
2017-09-28,12.9,8.0,19.1,
2017-10-03,11.5,8.0,15.0,
2017-10-05,11.4,8.5,14.6,
2017-10-06,9.6,5.4,13.9,
2017-10-07,12.1,4.3,22.1,
2017-10-08,11.8,8.0,15.5,
2017-10-09,6.3,2.2,10.1,
2017-10-10,4.7,-2.7,11.7,
2017-10-11,7.6,1.2,14.0,
2017-10-12,12.0,7.0,18.8,
2017-10-13,7.8,3.5,12.6,
2017-10-14,7.4,3.7,13.3,
2017-10-15,4.2,-0.8,10.1,
2017-10-16,8.1,-1.1,19.9,
2017-10-17,11.7,2.9,23.1,
2017-10-18,10.9,4.9,15.5,
2017-10-20,16.5,11.3,23.8,
2017-10-21,14.3,8.5,18.3,
2017-10-22,9.8,2.4,16.5,
2017-10-24,3.4,0.0,8.0,
2017-10-25,7.5,2.6,13.4,
2017-10-26,4.2,-0.7,9.6,
2017-10-27,-1.2,-2.2,-0.6,
2017-10-28,-2.2,-6.0,2.0,
2017-10-29,3.4,0.5,8.5,
2017-11-02,-0.4,-2.2,0.6,
2017-11-03,-2.1,-3.1,-0.3,
2017-11-04,0.7,-1.8,2.3,
2017-11-05,-3.2,-5.7,1.0,
2017-11-06,-5.7,-10.5,-1.0,
2017-11-07,-6.2,-11.2,-1.3,
2017-11-08,-6.0,-9.5,-2.7,
2017-11-09,-12.0,-15.6,-9.5,
2017-11-10,-9.4,-14.0,-6.0,
2017-11-11,-2.5,-6.5,2.3,
2017-11-12,-1.9,-4.1,1.1,
2017-11-13,2.1,-2.0,5.6,
2017-11-14,4.4,1.2,6.2,
2017-11-15,-3.4,-6.3,1.7,
2017-11-16,-3.2,-6.0,0.0,
2017-11-17,0.4,-3.6,2.6,
2017-11-18,-6.6,-11.3,-4.2,
2017-11-19,-3.7,-12.3,7.5,
2017-11-20,1.5,-3.6,7.7,
2017-11-21,-7.3,-10.9,-2.3,
2017-11-22,-7.3,-14.5,-1.6,
2017-11-23,-0.9,-9.6,6.0,
2017-11-24,4.2,0.8,8.1,
2017-11-25,-2.6,-5.1,0.8,
2017-11-26,-0.4,-4.4,4.0,
2017-11-27,6.2,-0.4,13.0,
2017-11-28,1.7,-5.8,6.7,
2017-12-01,-0.7,-4.3,2.5,
2017-12-02,0.0,-4.3,8.0,
2017-12-03,1.5,-3.1,5.0,
2017-12-04,0.6,-7.2,5.7,
2017-12-05,-9.8,-11.9,-7.1,
2017-12-06,-10.0,-11.7,-8.2,
2017-12-07,-10.4,-16.6,-5.5,
2017-12-09,-7.6,-11.0,-4.1,
2017-12-13,-3.5,-7.2,1.2,
2017-12-14,-6.9,-9.0,-5.2,
2017-12-15,-4.0,-6.5,-1.5,
2017-12-16,-3.2,-5.0,-1.7,
2017-12-17,-3.6,-6.7,-1.0,
2017-12-18,-0.3,-4.1,2.7,
2017-12-19,-3.2,-9.0,0.3,
2017-12-20,-8.9,-9.5,-8.0,
2017-12-21,-13.0,-20.1,-9.0,
2017-12-22,-13.4,-20.2,-6.0,
2017-12-23,-11.4,-18.7,-6.1,
2017-12-24,-13.7,-22.4,-7.5,
2017-12-25,-22.4,-26.0,-16.5,
2017-12-26,-24.1,-26.0,-21.1,
2017-12-27,-20.1,-26.8,-14.5,
2017-12-28,-16.0,-23.0,-12.1,
2017-12-29,-22.2,-26.0,-19.6,
2018-01-01,-24.9,-27.9,-21.0,
2018-01-03,-20.7,-22.5,-18.2,
2018-01-04,-17.7,-20.7,-15.5,
2018-01-06,-16.5,-23.8,-10.7,
2018-01-07,-5.5,-10.5,-0.2,
2018-01-08,-4.0,-7.9,-0.3,
2018-01-09,0.2,-2.1,3.2,
2018-01-10,-2.5,-14.2,1.8,
2018-01-11,-19.8,-23.7,-15.3,
2018-01-12,-23.1,-26.5,-19.1,
2018-01-13,-21.8,-26.5,-16.0,
2018-01-14,-14.8,-19.7,-7.7,
2018-01-15,-23.1,-25.2,-20.3,
2018-01-16,-21.4,-25.6,-17.1,
2018-01-17,-9.9,-18.0,0.1,
2018-01-18,-2.9,-8.7,2.0,
2018-01-19,-0.2,-2.6,3.2,
2018-01-20,-1.1,-6.1,3.5,
2018-01-21,-1.5,-4.0,0.0,
2018-01-22,-3.6,-5.0,-2.5,
2018-01-23,-5.8,-7.0,-5.0,
2018-01-24,-5.9,-7.0,-3.8,
2018-01-25,-4.2,-5.8,-1.6,
2018-01-26,-1.1,-5.1,2.5,
2018-01-27,-8.1,-13.0,-5.0,
2018-01-28,-16.1,-18.5,-13.3,
2018-02-01,-20.3,-22.7,-17.8,
2018-02-02,-16.1,-24.5,-9.8,
2018-02-03,-12.0,-19.2,-9.3,
2018-02-04,-22.7,-28.5,-17.2,
2018-02-05,-19.7,-24.2,-15.1,
2018-02-06,-19.2,-29.1,-13.0,
2018-02-07,-17.3,-24.1,-13.3,
2018-02-08,-18.0,-22.0,-13.6,
2018-02-09,-19.7,-25.8,-16.0,
2018-02-10,-19.0,-25.3,-11.5,
2018-02-11,-17.2,-23.5,-11.1,
2018-02-12,-19.6,-26.9,-14.3,
2018-02-13,-8.4,-14.6,-1.6,
2018-02-14,-2.0,-10.9,8.5,
2018-02-15,-8.4,-17.1,1.1,
2018-02-16,-11.8,-21.2,-3.2,
2018-02-17,-6.6,-11.4,-2.2,
2018-02-18,-6.1,-10.8,-1.4,
2018-02-19,-11.3,-12.5,-10.2,
2018-02-20,-14.2,-19.6,-11.8,
2018-02-21,-17.3,-24.8,-9.6,
2018-02-22,-10.3,-17.6,-4.6,
2018-02-23,-10.1,-20.9,-6.5,
2018-02-24,-12.5,-23.2,-5.6,
2018-02-25,-9.1,-15.0,-3.0,
2018-02-26,-6.7,-13.6,-0.1,
2018-03-01,-10.8,-17.2,-5.0,
2018-03-02,-5.6,-16.5,1.2,
2018-03-03,1.8,-1.0,3.8,
2018-03-04,2.2,1.7,3.0,
2018-03-05,-0.5,-2.5,1.6,
2018-03-06,-3.9,-9.0,-0.5,
2018-03-07,-9.9,-13.0,-6.3,
2018-03-08,-8.9,-13.8,-4.6,
2018-03-09,-5.8,-11.8,-0.6,
2018-03-10,-0.9,-3.5,2.5,
2018-03-12,-4.1,-8.8,0.5,
2018-03-13,-4.6,-10.5,0.3,
2018-03-14,-1.3,-6.7,5.3,
2018-03-15,-1.4,-5.0,2.8,
2018-03-16,-1.1,-5.6,3.7,
2018-03-17,0.5,-6.4,7.1,
2018-03-18,1.6,0.0,4.1,
2018-03-19,1.5,-0.6,3.2,
2018-03-20,-1.9,-4.1,-0.5,
2018-03-21,0.0,-1.6,2.6,
2018-03-22,2.1,-1.0,5.9,
2018-03-23,0.4,-2.0,2.2,
2018-03-24,-0.1,-3.3,4.5,
2018-03-25,0.4,-1.0,2.1,
2018-03-27,1.6,-1.7,8.4,
2018-03-28,1.0,-3.5,3.5,
2018-04-01,-10.2,-15.6,-3.4,
2018-04-02,-4.7,-10.7,-1.1,
2018-04-03,-8.0,-13.3,-3.3,
2018-04-04,-10.8,-20.0,-2.9,
2018-04-05,-7.4,-14.1,-1.1,
2018-04-06,-11.6,-15.1,-7.0,
2018-04-07,-10.0,-16.0,-4.6,
2018-04-08,-6.6,-12.4,-3.2,
2018-04-09,-3.4,-7.3,-0.6,
2018-04-11,0.9,-3.6,4.5,
2018-04-12,2.7,0.1,6.2,
2018-04-13,1.1,0.0,1.8,
2018-04-14,-1.6,-4.6,0.2,
2018-04-15,-4.2,-5.8,-1.7,
2018-04-16,-2.3,-9.3,4.4,
2018-04-17,2.3,-3.5,7.6,
2018-04-18,3.2,0.0,6.5,
2018-04-19,4.7,-1.7,12.3,
2018-04-20,4.5,-1.1,11.9,
2018-04-21,6.6,0.0,14.1,
2018-04-22,8.1,0.9,16.3,
2018-04-23,10.6,1.5,18.9,
2018-04-24,7.6,3.1,10.8,
2018-04-25,6.2,-3.0,14.9,
2018-04-26,8.0,2.4,12.5,
2018-04-27,7.3,2.7,12.0,
2018-04-28,6.8,1.0,13.2,
2018-05-02,10.0,1.7,18.8,
2018-05-03,14.3,7.3,20.0,
2018-05-04,16.1,6.0,26.2,
2018-05-05,18.9,11.8,25.6,
2018-05-06,18.3,10.3,25.7,
2018-05-07,19.5,9.0,28.9,
2018-05-08,17.1,14.5,22.8,
2018-05-11,10.7,5.7,16.0,
2018-05-12,12.4,8.0,17.0,
2018-05-13,14.8,5.4,23.0,
2018-05-14,15.8,13.0,19.7,
2018-05-15,17.6,12.0,24.3,
2018-05-16,21.1,11.1,30.0,
2018-05-17,19.3,12.5,25.1,
2018-05-18,17.6,8.1,25.3,
2018-05-19,11.7,7.5,17.6,
2018-05-20,14.4,6.9,21.0,
2018-05-22,18.6,12.8,25.7,
2018-05-23,19.7,17.0,24.0,
2018-05-24,25.0,20.0,31.6,
2018-05-25,24.9,15.0,32.0,
2018-05-26,25.4,16.0,34.2,
2018-05-27,24.4,18.2,32.1,
2018-05-28,25.7,20.3,30.8,
2018-05-29,24.2,20.0,28.8,
2018-06-01,20.8,16.6,26.5,
2018-06-02,15.3,13.5,19.0,
2018-06-03,15.3,11.1,21.2,
2018-06-04,21.0,9.9,30.4,
2018-06-05,21.6,15.8,27.5,
2018-06-06,19.3,16.0,22.1,
2018-06-07,17.9,11.8,23.0,
2018-06-09,20.7,17.6,24.7,
2018-06-10,20.8,17.4,25.5,
2018-06-13,17.9,10.2,25.0,
2018-06-16,24.2,20.2,29.5,
2018-06-17,20.2,17.3,22.3,
2018-06-18,21.1,16.9,25.2,
2018-06-19,20.1,18.3,22.2,
2018-06-20,20.4,15.2,25.0,
2018-06-21,22.6,18.8,26.9,
2018-06-22,21.9,17.4,25.7,
2018-06-23,22.1,16.9,27.3,
2018-06-24,21.4,19.2,24.9,
2018-06-25,19.9,14.8,25.2,
2018-06-26,19.5,17.4,21.4,
2018-06-28,24.7,18.5,30.0,
2018-07-01,19.8,17.1,24.4,
2018-07-02,22.0,14.5,27.7,
2018-07-03,23.0,19.2,26.1,
2018-07-04,23.9,18.0,27.9,
2018-07-05,20.3,15.0,23.5,
2018-07-06,20.3,16.5,23.8,
2018-07-07,24.1,18.1,30.2,
2018-07-08,26.2,22.0,31.5,
2018-07-09,23.9,19.4,28.0,
2018-07-10,22.6,18.5,26.1,
2018-07-11,26.4,22.0,31.0,
2018-07-12,24.0,20.8,27.1,
2018-07-14,23.7,18.1,29.0,
2018-07-15,19.3,14.6,22.0,
2018-07-16,19.6,12.5,25.2,
2018-07-17,20.5,14.9,25.2,
2018-07-18,21.8,16.6,27.1,
2018-07-19,19.3,17.6,21.5,
2018-07-20,20.0,16.6,23.6,
2018-07-21,20.5,17.1,24.7,
2018-07-22,21.8,16.3,26.0,
2018-07-24,20.1,12.7,26.0,
2018-07-25,19.4,15.2,22.5,
2018-07-26,14.9,12.3,18.0,
2018-07-27,16.5,10.1,22.6,
2018-07-28,19.1,11.8,24.3,
2018-07-29,19.8,14.1,25.5,
2018-08-02,16.5,11.2,21.9,
2018-08-04,22.3,19.2,27.5,
2018-08-05,21.3,15.9,25.9,
2018-08-06,20.1,16.7,24.6,
2018-08-07,20.2,15.9,25.6,
2018-08-08,23.0,16.0,29.9,
2018-08-09,22.6,16.6,27.5,
2018-08-10,23.0,16.3,28.7,
2018-08-11,23.8,17.9,29.9,
2018-08-12,23.9,19.5,28.9,
2018-08-13,24.7,19.1,30.7,
2018-08-14,19.8,17.2,22.6,
2018-08-16,21.2,15.9,26.3,
2018-08-17,19.9,14.4,25.3,
2018-08-18,20.3,15.1,25.7,48.0
2018-08-19,18.7,17.0,22.0,46.3
2018-08-20,18.7,15.5,22.4,7.2
2018-08-22,16.5,9.5,24.4,7.2
2018-08-23,17.8,12.7,22.9,7.2
2018-08-24,19.4,17.5,22.2,
2018-08-25,20.2,16.3,25.3,
2018-08-27,17.4,13.9,23.1,
2018-08-28,13.8,11.7,16.0,
2018-08-29,13.8,6.0,20.5,
2018-09-01,20.1,14.5,25.1,
2018-09-02,18.6,15.3,21.5,
2018-09-03,18.8,13.4,24.5,
2018-09-04,20.9,19.3,23.7,
2018-09-05,16.2,12.3,20.0,
2018-09-06,15.7,11.6,20.7,
2018-09-11,21.2,15.6,27.8,
2018-09-12,21.4,14.9,28.2,
2018-09-13,20.7,17.5,23.0,
2018-09-14,19.8,14.8,23.3,
2018-09-15,23.4,18.5,31.2,
2018-09-18,14.0,10.0,19.1,
2018-09-19,14.2,12.3,15.7,
2018-09-20,13.1,12.2,14.5,
2018-09-21,9.4,6.0,14.1,
2018-09-22,11.2,3.9,19.5,
2018-09-23,15.5,9.6,22.1,
2018-09-24,12.4,8.6,17.5,
2018-09-25,9.0,7.2,12.5,
2018-09-26,9.9,3.2,15.5,
2018-09-27,9.9,6.5,13.0,
2018-09-28,4.6,0.7,8.5,
2018-10-03,9.5,2.3,14.6,
2018-10-04,2.5,-4.2,7.5,
2018-10-05,4.3,1.2,6.8,
2018-10-06,2.2,0.7,4.2,
2018-10-07,5.6,3.2,7.8,
2018-10-08,6.0,5.1,6.8,
2018-10-09,5.0,3.7,7.1,
2018-10-10,2.2,0.0,4.2,
2018-10-11,-1.2,-3.0,-0.2,
2018-10-12,-0.5,-7.4,7.5,
2018-10-13,3.4,0.5,7.9,
2018-10-14,-0.6,-3.0,0.8,
2018-10-15,1.7,-5.0,7.5,
2018-10-16,4.6,0.3,9.3,
2018-10-17,1.8,-4.5,8.0,
2018-10-18,10.5,1.3,22.1,
2018-10-19,9.5,4.5,14.2,
2018-10-20,1.1,-4.0,6.7,
2018-10-21,3.4,-4.4,12.0,
2018-10-22,4.2,-0.8,11.6,
2018-10-23,0.9,-3.8,6.7,
2018-10-24,5.0,-1.2,10.8,
2018-10-25,7.9,6.1,9.0,
2018-10-26,7.8,5.8,8.6,
2018-10-27,5.0,0.9,8.2,
2018-10-28,5.0,0.3,9.3,
2018-10-29,4.3,-0.4,8.4,
2018-11-02,2.8,0.1,6.9,
2018-11-03,2.3,1.0,3.6,
2018-11-04,3.3,1.5,6.1,
2018-11-05,2.6,1.2,5.0,
2018-11-06,-1.6,-3.7,1.2,
2018-11-07,-5.5,-7.3,-3.6,
2018-11-08,-7.6,-9.4,-6.4,
2018-11-09,-11.3,-15.2,-8.6,
2018-11-10,-10.5,-14.8,-7.0,
2018-11-11,-6.8,-8.1,-4.2,
2018-11-12,-10.4,-14.4,-7.8,
2018-11-13,-10.2,-15.9,-6.3,
2018-11-14,-1.4,-7.2,4.5,
2018-11-15,-0.4,-4.6,5.4,
2018-11-16,-5.5,-7.5,-3.8,
2018-11-17,-13.0,-16.7,-7.5,
2018-11-18,-9.0,-16.5,-3.6,
2018-11-19,-10.5,-17.7,-5.5,
2018-11-20,-7.7,-18.3,0.0,
2018-11-21,-5.6,-7.2,-3.0,
2018-11-22,-2.7,-5.0,1.3,
2018-11-23,1.2,-1.2,4.7,
2018-11-24,-3.1,-5.5,-0.9,
2018-11-25,-10.1,-13.1,-6.5,
2018-11-26,-12.5,-14.5,-10.6,
2018-11-27,-11.7,-15.5,-8.4,
2018-11-28,-5.9,-10.0,-3.8,
2018-12-01,-3.0,-4.0,-1.5,
2018-12-02,-4.6,-5.3,-4.1,
2018-12-03,-5.3,-7.0,-4.5,
2018-12-04,-5.5,-7.5,-3.1,
2018-12-06,-12.7,-17.5,-8.5,
2018-12-07,-8.2,-11.5,-3.6,
2018-12-08,-8.9,-14.3,-2.8,
2018-12-09,-8.4,-12.3,-4.0,
2018-12-10,-6.9,-12.5,1.9,
2018-12-11,-5.4,-9.7,-1.0,
2018-12-12,-5.3,-6.5,-4.0,
2018-12-13,-2.8,-6.2,2.0,
2018-12-14,-1.8,-7.0,5.1,
2018-12-15,0.8,-2.7,7.2,
2018-12-17,-3.9,-9.8,1.6,
2018-12-18,-2.2,-6.6,3.8,
2018-12-19,-0.2,-2.9,3.5,
2018-12-20,-4.4,-6.5,0.0,
2018-12-21,-7.4,-9.6,-5.0,
2018-12-22,-2.6,-5.2,1.5,
2018-12-23,-8.1,-13.4,-4.5,
2018-12-24,-8.8,-13.7,-5.1,
2018-12-25,-7.0,-13.8,-4.5,
2018-12-26,-7.7,-13.5,-2.5,
2018-12-27,-3.5,-10.2,-0.9,
2018-12-28,-17.4,-25.1,-11.0,
2018-12-29,-21.1,-29.0,-12.6,
2019-01-02,-12.2,-23.6,-4.8,
2019-01-05,-3.4,-5.0,0.0,
2019-01-06,-3.4,-7.5,0.1,
2019-01-07,0.3,-0.5,1.1,
2019-01-08,-8.6,-15.0,1.0,
2019-01-09,-16.2,-18.9,-14.5,
2019-01-11,-8.5,-12.0,-5.5,
2019-01-12,-4.5,-6.7,-2.7,
2019-01-13,-4.0,-7.7,-1.7,
2019-01-14,-4.0,-5.5,-3.0,
2019-01-15,-7.9,-18.0,-3.5,
2019-01-16,-17.8,-21.9,-12.8,
2019-01-17,-15.4,-19.8,-12.0,
2019-01-18,-16.7,-18.7,-15.2,
2019-01-19,-21.8,-25.6,-18.6,
2019-01-20,-20.2,-22.5,-18.0,
2019-01-21,-14.5,-18.5,-10.3,
2019-01-23,-15.1,-20.9,-9.3,
2019-01-24,-20.8,-27.7,-10.7,
2019-01-25,-23.6,-27.9,-19.0,
2019-01-26,-21.5,-26.0,-18.0,
2019-01-27,-22.8,-30.0,-17.0,
2019-01-28,-18.8,-22.0,-17.0,
2019-01-29,-28.4,-34.0,-22.0,
2019-02-01,-13.7,-19.0,-9.0,
2019-02-02,-7.5,-12.0,-3.0,
2019-02-03,-10.0,-15.0,-6.0,
2019-02-05,-19.0,-23.3,-16.0,
2019-02-06,-16.5,-18.2,-15.5,
2019-02-07,-19.8,-23.0,-17.6,
2019-02-08,-26.5,-29.7,-23.5,
2019-02-09,-21.2,-28.0,-16.1,
2019-02-10,-15.9,-17.9,-12.0,
2019-02-11,-10.3,-17.9,-6.5,
2019-02-12,-10.7,-16.3,-6.8,
2019-02-14,-16.2,-22.0,-11.5,
2019-02-15,-21.9,-25.1,-17.9,
2019-02-16,-14.3,-21.5,-8.7,
2019-02-17,-10.4,-14.6,-5.5,
2019-02-18,-19.6,-24.0,-15.9,
2019-02-19,-17.3,-24.4,-12.0,
2019-02-20,-8.8,-12.1,-5.2,
2019-02-22,-12.4,-20.7,-6.5,
2019-02-23,-5.8,-11.4,-3.8,
2019-02-24,-15.8,-23.1,-12.1,
2019-02-25,-23.4,-27.6,-19.7,
2019-02-26,-18.3,-21.4,-15.5,
2019-03-01,-13.6,-19.6,-9.1,
2019-03-02,-21.8,-26.7,-16.3,
2019-03-03,-25.0,-30.2,-20.9,
2019-03-04,-17.7,-22.1,-13.6,
2019-03-05,-16.5,-21.1,-12.0,
2019-03-07,-16.0,-23.4,-10.3,
2019-03-08,-6.6,-10.0,-3.6,
2019-03-09,-2.1,-5.2,-1.0,
2019-03-11,-13.9,-22.1,-6.5,
2019-03-12,-2.0,-8.1,2.5,
2019-03-13,0.8,0.0,1.8,
2019-03-14,-0.1,-3.3,1.7,
2019-03-15,-5.0,-8.2,-2.0,
2019-03-16,-9.2,-13.5,-6.0,
2019-03-17,-4.8,-7.7,-1.3,
2019-03-18,-5.2,-10.4,0.1,
2019-03-19,-1.5,-4.2,0.9,
2019-03-20,-0.9,-3.6,1.2,
2019-03-21,-2.2,-6.7,2.0,
2019-03-22,-1.8,-7.2,4.0,
2019-03-23,0.6,-4.3,5.5,
2019-03-24,1.5,-1.5,3.9,
2019-03-25,-0.4,-3.0,1.8,
2019-03-26,-0.3,-5.0,4.0,
2019-03-27,4.3,1.5,7.7,
2019-03-28,0.9,-1.5,4.1,
2019-04-01,0.1,-1.5,2.6,
2019-04-02,0.6,-2.9,4.1,
2019-04-03,0.7,-2.0,4.4,
2019-04-04,1.3,-1.3,3.7,
2019-04-05,5.7,1.2,12.9,
2019-04-06,6.6,4.6,10.7,
2019-04-07,8.7,4.2,15.1,
2019-04-08,8.0,3.0,13.0,
2019-04-09,1.1,-0.7,2.3,
2019-04-10,-1.2,-2.7,0.5,
2019-04-11,-2.5,-3.1,-1.2,
2019-04-12,-2.4,-3.5,-0.9,
2019-04-13,-1.7,-3.8,1.0,
2019-04-14,-1.4,-7.1,3.6,
2019-04-15,1.9,-2.7,6.7,
2019-04-16,6.7,-1.0,15.0,
2019-04-17,6.8,4.6,9.2,
2019-04-18,6.6,3.2,11.6,
2019-04-19,8.1,0.6,15.9,
2019-04-20,14.0,6.2,23.3,
2019-04-21,11.2,8.1,14.2,
2019-04-22,10.4,6.2,16.6,
2019-04-23,10.6,0.7,19.4,
2019-04-24,15.8,8.8,24.0,
2019-04-25,12.5,7.7,18.0,
2019-04-26,7.2,0.2,11.8,
2019-04-27,8.3,5.6,11.9,
2019-04-28,5.4,1.0,8.2,
2019-05-02,6.3,3.0,11.2,
2019-05-03,7.9,3.4,14.3,
2019-05-04,9.7,-0.1,19.0,
2019-05-05,8.1,4.5,12.0,
2019-05-06,6.6,3.9,9.2,
2019-05-07,7.8,0.6,14.5,
2019-05-08,6.4,4.0,11.5,
2019-05-09,7.3,3.8,11.6,
2019-05-10,8.1,0.0,14.8,
2019-05-11,11.2,5.0,17.4,
2019-05-12,10.6,7.6,14.8,
2019-05-13,12.3,4.1,19.7,
2019-05-14,16.7,9.5,24.3,
2019-05-16,14.2,10.6,20.7,
2019-05-17,13.0,8.3,18.4,
2019-05-18,7.5,6.5,9.0,
2019-05-19,5.1,3.9,6.0,
2019-05-20,9.2,1.8,15.6,
2019-05-21,12.1,8.7,16.3,
2019-05-22,9.6,7.2,13.9,
2019-05-24,12.8,9.1,19.8,
2019-05-25,12.3,8.9,15.1,
2019-05-26,14.4,5.3,21.4,
2019-05-27,13.3,11.2,16.0,
2019-05-28,12.2,7.4,18.2,
2019-05-29,17.5,8.7,25.1,
2019-08-23,17.6,12.2,23.0,
2019-08-24,18.9,14.6,23.9,
2019-08-25,16.4,14.6,18.0,
2019-08-26,18.3,13.9,23.2,
2019-08-27,14.5,12.6,17.3,
2019-08-28,14.7,9.9,21.0,
2019-08-29,15.0,11.1,19.2,
2019-09-02,17.4,14.5,22.5,
2019-09-03,16.1,14.0,18.4,
2019-09-04,13.6,7.1,20.0,
2019-09-05,18.8,14.5,26.5,
2019-09-06,16.9,12.0,23.7,
2019-09-07,12.7,11.0,14.6,
2019-09-08,12.9,10.6,16.5,
2019-09-09,14.5,12.8,18.5,
2019-09-10,16.6,14.6,19.8,
2019-09-11,15.0,13.3,17.9,
2019-09-12,12.8,10.2,16.7,
2019-09-13,11.0,7.6,14.3,
2019-09-14,14.5,6.7,22.0,
2019-09-15,19.7,12.8,27.1,
2019-09-16,22.4,18.0,28.0,
2019-09-17,24.7,20.3,29.7,
2019-09-18,21.2,16.5,24.0,
2019-09-19,19.9,13.2,26.7,
2019-09-20,23.3,18.8,28.7,
2019-09-21,22.0,15.7,26.0,
2019-09-22,14.3,10.4,19.2,
2019-09-23,15.2,8.2,23.7,
2019-09-24,15.8,11.3,21.6,
2019-09-25,12.6,8.1,17.6,
2019-09-26,11.4,4.0,16.3,
2019-09-28,9.1,3.7,13.3,
2019-10-01,7.7,6.2,10.6,
2019-10-02,6.7,5.5,8.2,
2019-10-03,4.8,3.1,6.0,
2019-10-04,6.6,5.0,8.8,
2019-10-05,8.5,6.5,11.5,
2019-10-06,9.9,5.6,15.7,
2019-10-07,9.7,0.7,18.2,
2019-10-08,14.2,9.6,21.2,
2019-10-09,14.8,10.2,21.0,
2019-10-11,-0.4,-1.0,0.3,
2019-10-12,-0.1,-0.6,0.8,
2019-10-13,0.9,-0.2,2.6,
2019-10-14,3.1,-2.7,9.0,
2019-10-16,3.3,1.6,5.4,
2019-10-17,7.0,0.7,14.5,
2019-10-28,-2.0,-4.6,1.0,
2019-10-29,-3.6,-7.5,-0.5,
2019-11-02,-0.9,-2.2,0.6,
2019-11-03,0.9,-1.7,5.2,
2019-11-04,-0.9,-4.5,1.0,
2019-11-05,-5.5,-9.0,-2.4,
2019-11-06,-6.1,-10.0,-4.2,
2019-11-07,-9.5,-13.6,-4.6,
2019-11-08,-4.1,-9.6,1.4,
2019-11-09,-1.8,-4.5,-0.3,
2019-11-10,-8.1,-11.1,-3.0,
2019-11-11,-13.5,-17.4,-11.1,
2019-11-12,-12.4,-20.0,-7.2,
2019-11-13,-5.8,-7.7,-3.4,
2019-11-14,-4.8,-13.5,5.2,
2019-11-15,-0.2,-3.8,2.8,
2019-11-16,4.0,1.2,7.9,
2019-11-17,-0.1,-1.2,3.4,
2019-11-18,1.5,-1.5,5.1,
2019-12-01,-7.5,-17.1,-2.7,
2019-12-02,-10.5,-17.8,-4.6,
2019-12-03,-4.5,-10.6,0.0,
2019-12-04,-2.9,-6.9,0.0,
2019-12-05,-4.6,-9.0,-0.7,
2019-12-06,-6.9,-9.0,-5.5,
2019-12-07,-3.3,-7.1,0.3,
2019-12-08,-4.2,-6.3,-2.0,
2019-12-09,-17.3,-24.0,-7.0,
2019-12-10,-23.0,-25.5,-20.5,
2019-12-11,-21.8,-27.8,-15.7,
2019-12-12,-13.4,-15.7,-11.6,
2019-12-13,-10.7,-14.1,-8.8,
2019-12-14,-19.5,-22.5,-12.1,
2019-12-15,-15.0,-21.0,-7.5,
2019-12-16,-8.8,-13.2,-5.8,
2019-12-17,-13.1,-23.5,-6.4,
2019-12-18,-15.8,-24.7,-11.2,
2019-12-19,-9.1,-13.5,-4.7,
2019-12-20,-7.9,-9.9,-6.6,
2019-12-21,-5.0,-10.5,0.2,
2019-12-22,-2.7,-5.8,1.6,
2019-12-23,-2.8,-6.6,0.0,
2019-12-24,-1.8,-3.5,-0.6,
2019-12-25,-0.3,-2.0,0.1,
2019-12-26,-5.5,-7.0,-3.0,
2019-12-27,-6.6,-11.3,-4.0,
2019-12-28,-1.0,-6.5,1.0,
2019-12-29,-0.6,-2.7,0.0,
2020-01-01,-5.8,-11.1,-1.5,
2020-01-02,-1.7,-3.0,0.0,
2020-01-03,-4.1,-11.3,-1.5,
2020-01-04,-10.7,-16.8,-4.0,
2020-01-06,-7.7,-12.9,-3.5,
2020-01-07,-12.3,-20.2,-6.0,
2020-01-08,-18.6,-25.1,-12.8,
2020-01-10,-17.4,-23.5,-9.6,
2020-01-11,-21.3,-27.2,-13.9,
2020-01-12,-10.3,-12.7,-8.1,
2020-01-13,-6.2,-8.0,-4.5,
2020-01-14,-12.8,-18.3,-3.7,
2020-01-15,-19.0,-25.6,-14.3,
2020-01-16,-26.2,-31.6,-20.5,
2020-01-17,-10.6,-19.1,-6.2,
2020-01-18,-15.8,-20.5,-6.5,
2020-01-19,-20.5,-23.5,-17.5,
2020-01-20,-22.2,-25.5,-19.2,
2020-01-21,-12.5,-20.2,-7.0,
2020-01-22,-5.3,-8.2,-2.0,
2020-01-23,-3.2,-7.8,-1.5,
2020-01-24,-3.3,-4.2,-2.3,
2020-01-25,-5.0,-6.6,-3.6,
2020-01-26,-4.8,-6.6,-2.8,
2020-01-27,-9.1,-12.8,-6.3,
2020-01-28,-13.6,-15.3,-11.4,
2020-01-29,-9.5,-11.0,-8.2,
2020-01-30,-7.0,-8.5,-5.0,
2020-01-31,-3.9,-5.2,-2.5,
2020-02-01,-3.9,-13.7,2.2,
2020-02-02,1.1,-3.9,5.0,
2020-02-03,-7.9,-15.0,-2.0,
2020-02-04,-15.4,-20.3,-11.5,
2020-02-05,-10.2,-14.6,-4.1,
2020-02-06,-8.5,-11.7,-5.0,
2020-02-07,-17.8,-24.2,-10.7,
2020-02-08,-15.8,-25.5,-8.3,
2020-02-09,-7.4,-9.7,-6.0,
2020-02-10,-7.8,-12.9,-3.0,
2020-02-11,-5.9,-7.5,-4.2,
2020-02-12,-17.0,-29.0,-3.5,
2020-02-13,-26.7,-31.0,-21.3,
2020-02-14,-15.4,-25.6,-7.2,
2020-02-18,-14.2,-20.9,-7.3,
2020-02-19,-21.0,-23.7,-18.3,
2020-02-21,-7.2,-12.5,0.0,
2020-02-22,-4.9,-10.1,0.9,
2020-02-23,-3.0,-7.2,1.0,
2020-02-24,-4.9,-12.1,0.3,
2020-02-25,-7.9,-14.0,-3.5,
2020-02-26,-13.5,-17.7,-8.8,
2020-02-27,-12.6,-18.7,-8.6,
2020-02-29,-1.5,-8.0,2.0,
2020-03-01,-1.2,-6.0,2.1,
2020-03-02,-2.4,-5.3,0.4,
2020-03-03,-1.2,-6.3,1.1,
2020-03-04,-2.6,-9.7,1.1,
2020-03-06,-3.8,-10.0,0.7,
2020-03-07,2.7,-0.6,6.1,
2020-03-09,-8.1,-10.8,-4.8,
2020-03-10,-6.8,-12.0,-1.7,
2020-03-11,-1.4,-5.9,2.9,
2020-03-12,0.9,-2.7,2.1,
2020-03-13,-5.2,-7.5,-3.0,
2020-03-14,-5.9,-8.6,-2.0,
2020-03-15,-2.8,-8.0,2.2,
2020-03-16,-1.4,-2.6,-0.5,
2020-03-17,-1.3,-6.2,3.7,
2020-03-18,1.9,0.6,3.7,
2020-03-19,-1.4,-9.2,1.5,
2020-03-20,-9.8,-14.6,-5.5,
2020-03-21,-5.0,-12.1,-0.4,
2020-03-22,1.5,-1.3,7.3,
2020-03-23,0.7,-2.3,6.0,
2020-03-24,3.4,0.0,6.2,
2020-03-25,-0.7,-2.2,1.2,
2020-03-26,-0.8,-5.1,4.8,
2020-03-27,3.7,-1.5,11.5,
2020-03-28,4.1,0.3,7.8,
2020-03-29,3.4,-1.0,9.8,
2020-03-30,6.0,-2.5,14.6,
2020-03-31,6.1,1.3,11.8,
2020-04-01,6.2,1.0,11.6,
2020-04-02,1.2,-7.0,6.8,
2020-04-03,-7.3,-8.6,-5.9,
2020-04-04,-3.9,-10.1,3.0,
2020-04-05,4.9,-0.4,10.3,
2020-04-06,9.5,6.2,12.8,
2020-04-07,10.0,6.7,13.1,
2020-04-08,4.2,0.0,7.9,
2020-04-09,-0.7,-2.6,0.9,
2020-04-10,2.1,-3.8,8.1,
2020-04-11,3.6,0.7,7.7,
2020-04-12,-0.8,-3.2,0.3,
2020-04-13,-4.8,-7.2,-2.7,
2020-04-14,-6.5,-9.1,-4.1,
2020-04-15,-3.9,-9.2,0.4,
2020-04-16,0.2,-7.4,7.0,
2020-04-17,2.1,-5.8,9.4,
2020-04-18,7.3,1.6,12.6,
2020-04-19,2.3,-3.5,7.9,
2020-04-20,5.7,0.0,11.9,
2020-04-21,1.4,-4.1,7.8,
2020-04-22,9.8,2.4,18.3,
2020-04-23,9.4,3.2,16.9,
2020-04-24,11.6,5.1,18.2,
2020-04-25,11.3,3.1,18.6,
2020-04-26,13.2,6.5,20.1,
2020-04-27,14.5,8.2,19.1,
2020-04-28,11.8,8.0,15.2,
2020-04-29,11.9,6.5,17.0,
2020-05-05,7.2,4.0,10.1,
2020-05-06,10.2,5.5,14.8,
2020-05-07,7.9,5.0,11.9,
2020-05-08,4.8,-1.1,9.0,
2020-05-09,4.0,0.8,10.0,
2020-05-10,4.9,1.7,7.6,
2020-05-11,3.7,-1.4,7.8,
2020-05-12,6.1,-0.6,11.7,
2020-05-13,9.1,5.3,11.5,
2020-05-14,12.9,8.7,20.5,
2020-05-15,11.5,2.6,18.1,
2020-05-16,13.2,11.1,15.8,
2020-05-17,14.1,10.6,19.6,
2020-05-18,15.6,8.2,21.6,
2020-05-19,16.1,10.0,22.5,
2020-05-23,17.8,15.0,21.7,
2020-05-24,16.9,14.2,20.3,
2020-05-25,17.2,12.0,22.1,
2020-05-26,15.7,14.3,18.6,
2020-05-27,19.7,9.6,27.9,
2020-05-28,18.1,13.4,21.4,
2020-05-29,13.3,8.3,17.8,
2020-05-30,13.4,9.1,17.7,
2020-05-31,17.8,9.1,25.0,
2020-06-01,25.0,17.6,33.7,
2020-06-02,22.3,18.3,26.2,
2020-06-03,21.1,14.2,26.6,
2020-06-04,21.2,16.0,26.3,
2020-06-05,19.8,14.3,24.7,
2020-06-06,18.3,14.2,22.2,
2020-06-07,26.4,18.1,35.4,
2020-06-08,27.2,21.6,31.7,
2020-06-09,18.3,14.3,23.5,
2020-06-10,15.9,12.0,20.0,
2020-06-11,17.4,11.0,24.1,
2020-06-12,18.5,13.8,22.6,
2020-06-13,18.1,12.8,23.4,
2020-06-14,20.5,14.5,27.0,
2020-06-15,24.3,18.8,31.5,
2020-06-16,28.3,22.5,34.6,
2020-06-17,27.5,20.5,34.2,
2020-06-18,20.6,16.9,26.6,
2020-06-19,16.8,12.2,20.4,
2020-06-20,17.6,15.1,23.5,
2020-06-21,17.5,13.7,20.4,
2020-06-22,17.4,11.1,20.7,
2020-06-23,18.4,13.5,22.5,
2020-06-24,19.7,12.8,24.5,
2020-06-25,22.4,15.0,30.5,
2020-06-26,22.1,17.3,27.0,
2020-06-27,23.8,17.7,30.0,
2020-06-28,24.8,20.4,29.6,
2020-06-29,21.8,18.7,25.3,
2020-06-30,24.5,20.3,30.0,
2020-07-01,22.9,17.3,27.6,
2020-07-02,25.6,21.1,30.0,
2020-07-03,25.9,22.3,29.7,
2020-07-04,25.5,21.2,30.2,
2020-07-05,24.8,20.5,28.6,
2020-07-06,22.8,18.9,26.9,
2020-07-07,24.3,18.1,28.9,
2020-07-08,24.6,18.5,30.5,
2020-07-09,23.4,19.6,26.5,
2020-07-10,20.9,15.1,26.0,
2020-07-11,21.1,18.7,23.7,
2020-07-12,22.1,17.2,26.7,
2020-07-13,23.2,18.0,28.0,
2020-07-14,19.3,15.3,23.0,
2020-07-15,20.1,12.8,27.0,
2020-07-16,21.6,15.5,28.1,
2020-07-17,23.8,16.0,31.2,
2020-07-18,21.9,18.0,25.3,
2020-07-19,20.0,15.1,23.8,
2020-07-20,20.7,16.2,25.8,
2020-07-21,18.9,16.0,22.6,
2020-07-23,20.4,14.3,26.3,
2020-07-24,26.6,21.7,31.9,
2020-08-06,20.4,16.6,24.9,
2020-08-07,22.6,18.5,27.2,
2020-08-08,23.7,21.0,27.5,
2020-08-09,22.8,19.7,26.6,
2020-08-10,19.1,12.4,24.9,
2020-08-11,19.6,12.0,26.6,
2020-08-12,18.9,17.0,21.3,
2020-08-13,24.2,18.0,30.0,
2020-08-14,19.6,14.5,24.7,
2020-08-15,18.2,10.7,26.7,
2020-08-16,19.9,13.2,26.4,
2020-08-17,18.8,12.6,23.5,
2020-08-18,19.9,13.1,26.3,
2020-08-19,21.7,15.5,29.0,
2020-08-20,22.1,17.2,28.0,
2020-08-25,24.4,20.4,29.0,
2020-08-26,23.6,20.0,27.0,
2020-08-27,21.7,17.6,25.3,
2020-08-28,20.3,14.3,23.6,
2020-08-29,16.8,10.4,22.5,
2020-08-30,18.0,13.6,23.9,
2020-08-31,15.3,10.6,20.5,
2020-09-01,15.7,9.9,22.7,
2020-09-02,17.6,8.5,25.6,
2020-09-03,14.6,10.1,18.8,
2020-09-04,15.3,6.8,24.2,
2020-09-05,17.0,7.8,24.3,
2020-09-06,18.7,15.1,23.5,
2020-09-07,9.8,6.6,14.6,
2020-09-08,6.4,4.0,9.5,
2020-09-09,7.0,2.9,12.5,
2020-09-10,8.4,1.4,16.7,
2020-09-11,10.1,5.2,15.7,
2020-09-12,12.3,9.8,16.5,
2020-09-13,12.9,7.1,19.5,
2020-09-14,15.5,9.7,23.1,
2020-09-15,18.5,14.6,23.0,
2020-09-16,12.6,9.2,14.9,
2020-09-17,10.3,6.4,15.3,
2020-09-18,11.9,6.6,17.8,
2020-09-19,15.5,8.8,22.7,
2020-09-20,17.7,13.2,23.8,
2020-09-21,18.6,11.7,27.1,
2020-09-23,19.8,13.7,26.3,
2020-10-03,6.6,3.3,9.7,
2020-10-04,6.9,-0.3,14.2,
2020-10-05,13.4,8.0,20.4,
2020-10-06,14.4,4.5,24.5,
2020-10-07,12.6,6.7,18.6,
2020-10-08,11.9,4.8,18.4,
2020-10-09,16.6,8.3,25.3,
2020-10-10,10.9,4.2,17.3,
2020-10-11,15.2,10.8,23.0,
2020-10-12,10.9,5.0,16.9,
2020-10-13,9.2,4.8,14.0,
2020-10-14,7.8,3.1,13.7,
2020-10-15,2.0,-3.5,7.7,
2020-10-16,1.8,-0.3,5.1,
2020-10-17,1.8,-2.0,3.2,
2020-10-18,-2.2,-5.0,0.1,
2020-10-20,-0.6,-1.3,-0.1,
2020-10-21,-1.9,-4.5,0.3,
2020-10-22,-0.6,-1.6,0.0,
2020-10-23,-4.3,-12.2,0.0,
2020-10-24,-7.5,-12.7,-3.2,
2020-10-25,-5.8,-9.6,-4.1,
2020-10-26,-9.6,-14.2,-5.8,
2020-10-27,-8.2,-15.5,-2.5,
2020-10-28,0.3,-4.2,4.0,
2020-10-29,-2.5,-6.5,0.2,
2020-10-30,1.7,-0.5,5.5,
2020-10-31,3.1,-1.0,7.9,
2020-11-01,-2.9,-5.3,0.1,
2020-11-02,3.7,-4.2,14.1,
2020-11-03,8.9,1.5,20.5,
2020-11-04,11.0,1.6,23.7,
2020-11-05,8.9,0.2,17.0,
2020-11-06,13.6,7.1,24.4,
2020-11-07,10.9,1.5,18.7,
2020-11-08,16.0,10.3,21.6,
2020-11-09,0.0,-4.4,8.8,
2020-11-10,-4.9,-6.6,-3.7,
2020-11-11,-1.8,-6.4,4.8,
2020-11-12,-5.4,-10.0,-3.2,
2020-11-13,-4.6,-10.7,2.2,
2020-11-14,0.1,-1.7,2.4,
2020-11-15,-3.3,-6.7,1.1,
2020-11-16,-4.2,-9.8,0.4,
2020-11-17,-5.4,-11.0,-0.2,
2020-11-18,2.3,-1.0,5.7,
2020-11-19,2.4,-0.5,7.5,
2020-11-20,-2.4,-7.2,0.2,
2020-11-21,-2.2,-8.7,5.5,
2020-11-22,-0.7,-4.6,0.6,
2020-11-23,-2.8,-7.4,1.0,
2020-11-24,-0.2,-2.1,1.5,
2020-11-25,-2.3,-3.1,-1.6,
2020-11-26,-1.1,-3.4,2.1,
2020-11-27,-2.5,-7.6,1.9,
2020-11-28,1.4,-3.5,8.2,
2020-11-29,-2.5,-7.7,3.3,
2020-11-30,-6.4,-11.3,-0.9,
2020-12-01,-2.2,-6.5,4.0,
2020-12-02,-3.8,-7.5,0.0,
2020-12-03,-2.0,-7.0,4.5,
2020-12-04,-1.6,-5.8,4.0,
2020-12-05,-2.3,-7.8,4.6,
2020-12-06,-1.6,-3.0,2.9,
2020-12-07,-3.6,-6.0,-1.2,
2020-12-08,-0.2,-5.5,7.5,
2020-12-09,1.0,-3.6,7.0,
2020-12-10,0.9,-2.1,3.0,
2020-12-11,-3.0,-3.8,-1.6,
2020-12-12,-4.8,-5.7,-4.0,
2020-12-13,-7.4,-11.4,-4.3,
2020-12-14,-14.3,-17.5,-11.7,
2020-12-15,-8.8,-11.8,-4.6,
2020-12-16,-6.0,-10.8,-2.6,
2020-12-17,-3.2,-4.5,-0.3,
2020-12-18,-3.5,-10.1,1.2,
2020-12-19,-9.7,-17.1,-3.5,
2020-12-20,-2.7,-8.5,0.8,
2020-12-21,-3.5,-10.1,1.6,
2020-12-22,0.2,-7.6,5.8,
2020-12-23,-11.0,-19.5,2.7,
2020-12-24,-20.9,-23.0,-18.9,
2020-12-25,-11.3,-20.8,-3.6,
2020-12-26,-7.7,-12.1,-4.0,
2020-12-27,-7.8,-14.0,-5.0,
2020-12-28,-13.1,-20.8,-7.8,
2020-12-29,-10.8,-21.4,-6.7,
2020-12-30,-10.1,-15.8,-6.6,
2020-12-31,-8.9,-13.8,-6.0,
2021-01-01,-8.6,-12.0,-5.0,
2021-01-02,-5.3,-9.0,-2.0,0.0
2021-01-03,-6.4,-10.3,-2.7,0.0
2021-01-04,-3.4,-8.2,0.6,0.1
2021-01-05,-6.4,-14.9,-0.8,0.0
2021-01-06,-0.9,-5.1,1.0,0.0
2021-01-07,-6.8,-9.4,-5.0,0.0
2021-01-08,-7.1,-8.6,-6.0,0.0
2021-01-09,-7.5,-13.0,-2.6,0.1
2021-01-10,-3.6,-8.8,-1.0,0.0
2021-01-11,-6.1,-11.1,-3.0,0.0
2021-01-12,-6.0,-11.6,0.8,0.0
2021-01-13,0.1,-4.2,3.3,0.1
2021-01-14,0.2,-1.6,2.4,5.5
2021-01-15,-3.8,-8.1,-2.0,2.8
2021-01-16,-8.5,-9.9,-7.0,0.1
2021-01-17,-7.4,-11.4,-4.5,0.3
2021-01-18,-10.5,-14.3,-7.5,1.1
2021-01-19,-15.7,-20.3,-13.0,1.5
2021-01-20,-4.4,-17.0,3.0,0.0
2021-01-21,-8.5,-16.8,-1.6,0.2
2021-01-22,-13.2,-19.7,-7.5,0.0
2021-01-23,-8.4,-11.9,-5.6,3.1
2021-01-24,-13.6,-17.8,-5.5,0.4
2021-01-25,-12.3,-14.0,-9.0,0.0
2021-01-26,-12.6,-13.7,-11.0,0.0
2021-01-27,-12.8,-14.6,-10.8,0.0
2021-01-28,-9.8,-13.3,-6.8,0.0
2021-01-29,-6.8,-8.0,-5.5,0.0
2021-01-30,-4.0,-5.5,-2.0,0.6
2021-01-31,-4.7,-6.0,-4.0,0.0
2021-02-01,-6.4,-7.5,-5.3,0.0
2021-02-02,-6.9,-7.8,-5.0,0.0
2021-02-03,-5.4,-7.1,-2.8,0.0
2021-02-04,-12.0,-16.3,-3.6,0.3
2021-02-05,-16.9,-19.5,-15.0,0.0
2021-02-06,-23.7,-27.5,-20.2,0.0
2021-02-07,-26.4,-29.6,-23.8,0.0
2021-02-08,-25.1,-29.8,-20.7,0.0
2021-02-09,-21.0,-24.2,-17.7,0.0
2021-02-10,-22.7,-25.1,-20.2,0.0
2021-02-11,-24.8,-27.4,-22.6,0.0
2021-02-12,-26.2,-31.0,-21.5,0.0
2021-02-13,-27.7,-32.2,-23.4,0.0
2021-02-14,-29.2,-32.4,-25.0,0.0
2021-02-15,-26.6,-32.1,-21.1,0.0
2021-02-16,-23.9,-30.2,-17.9,0.0
2021-02-17,-16.7,-21.5,-14.0,0.5
2021-02-18,-14.8,-21.0,-11.9,0.0
2021-02-19,-14.4,-20.0,-10.1,0.0
2021-02-20,-10.9,-16.7,-5.1,0.0
2021-02-21,-4.8,-7.7,-1.7,0.8
2021-02-22,-0.6,-6.1,3.7,0.1
2021-02-23,-0.1,-3.4,2.1,2.4
2021-02-24,-5.7,-9.2,-0.2,1.8
2021-02-25,-3.4,-11.7,2.0,0.0
2021-02-26,0.7,-1.5,3.5,0.0
2021-02-27,-3.7,-5.7,-1.1,0.0
2021-02-28,-9.0,-14.0,-5.8,0.5
2021-03-01,-12.3,-20.2,-8.2,0.8
2021-03-02,0.7,-8.0,8.0,0.0
2021-03-03,1.0,-2.0,5.7,0.0
2021-03-04,2.8,0.0,7.2,0.0
2021-03-05,1.7,-2.0,6.4,0.0
2021-03-06,2.5,-1.8,7.6,0.0
2021-03-07,6.9,2.1,13.9,0.0
2021-03-08,5.7,-1.9,12.5,0.0
2021-03-09,9.2,3.2,15.8,0.0
2021-03-10,0.1,-1.5,3.0,10.3
2021-03-11,-1.2,-4.2,2.5,1.8
2021-03-12,-2.3,-7.2,2.1,0.0
2021-03-13,3.5,-2.9,10.4,0.0
2021-03-15,-1.6,-3.0,-0.6,4.8
2021-03-16,-1.3,-2.3,0.1,0.6
2021-03-17,0.2,-1.6,3.0,0.0
2021-03-18,2.0,-4.0,9.0,0.0
2021-03-19,3.0,-2.9,9.4,0.0
2021-03-20,6.8,1.3,13.1,0.0
2021-03-21,6.4,1.2,11.9,1.0
2021-03-22,3.8,-2.5,10.7,0.0
2021-03-23,4.4,2.5,6.5,6.7
2021-03-24,1.9,-2.0,6.5,5.1
2021-03-25,3.9,-1.7,11.0,0.0
2021-03-26,1.8,-3.0,5.6,1.4
2021-03-27,3.8,1.5,5.5,6.3
2021-03-28,1.1,-5.2,6.8,0.0
2021-03-29,10.2,2.5,24.5,0.0
2021-03-30,-1.8,-4.0,2.4,0.0
2021-03-31,-4.3,-7.3,0.6,0.0
2021-04-01,0.2,-9.1,8.8,0.0
2021-04-02,8.3,0.9,18.9,0.0
2021-04-03,10.4,-1.9,20.1,0.0
2021-04-04,13.4,4.9,21.0,0.0
2021-04-05,16.2,8.9,23.9,0.0
2021-04-06,8.5,5.6,11.7,2.5
2021-04-07,6.8,6.0,7.5,32.7
2021-04-08,6.6,6.0,7.3,12.0
2021-04-09,5.2,3.6,7.5,3.6
2021-04-10,5.6,0.5,11.2,6.9
2021-04-11,6.8,0.8,12.3,0.0
2021-04-12,3.2,-1.1,6.7,2.6
2021-04-13,-2.7,-3.8,-1.6,3.2
2021-04-14,-1.0,-2.7,1.4,0.5
2021-04-15,1.4,-1.4,6.1,0.0
2021-04-16,4.7,0.6,10.0,0.0
2021-04-17,5.4,0.2,10.7,0.0
2021-04-18,2.7,-2.7,15.3,0.6
2021-04-19,-1.3,-3.6,2.0,0.0
2021-04-20,-1.6,-6.2,2.9,0.8
2021-04-21,0.6,-6.0,7.0,0.0
2021-04-22,7.9,-1.4,16.5,0.0
2021-04-23,5.1,1.0,9.5,2.0
2021-04-24,2.3,-3.0,7.0,0.4
2021-04-25,2.3,0.5,4.0,2.4
2021-04-26,4.6,1.9,7.5,9.6
2021-04-27,7.1,3.0,12.3,0.0
2021-04-28,10.9,3.1,18.1,0.0
2021-04-29,10.7,3.1,17.7,0.2
2021-04-30,9.0,3.5,16.0,0.0
2021-05-01,18.6,9.0,28.0,0.0
2021-05-02,16.3,9.6,22.5,0.0
2021-05-03,10.8,6.0,15.2,1.0
2021-05-04,6.7,2.0,11.7,0.0
2021-05-05,5.8,1.2,9.8,0.5
2021-05-06,10.3,1.6,29.0,0.1
2021-05-07,6.9,0.9,11.6,0.0
2021-05-08,8.8,4.8,12.0,0.0
2021-05-09,9.1,1.9,14.7,0.0
2021-05-10,7.9,4.2,11.1,0.0
2021-05-11,9.7,3.0,16.3,0.0
2021-05-12,12.6,2.4,20.1,0.0
2021-05-13,13.6,5.5,20.5,0.0
2021-05-14,13.2,10.6,19.4,7.4
2021-05-15,14.5,7.6,21.2,0.0
2021-05-16,18.8,10.3,25.7,0.0
2021-05-17,18.7,9.7,25.4,0.0
2021-05-18,18.0,13.6,23.9,0.3
2021-05-19,19.6,15.5,24.0,0.1
2021-05-20,21.0,17.5,26.1,3.4
2021-05-21,22.6,16.9,29.0,0.0
2021-05-22,21.5,16.4,24.8,0.1
2021-05-23,16.7,11.5,22.7,5.3
2021-05-24,21.4,13.6,29.0,0.1
2021-05-25,20.6,15.7,26.3,0.0
2021-05-26,10.1,4.5,14.7,0.5
2021-05-27,7.9,6.2,11.1,15.6
2021-05-28,9.2,3.0,15.3,0.0
2021-05-29,11.0,3.7,15.8,1.3
2021-05-30,15.1,7.8,22.7,0.5
2021-05-31,15.8,9.0,21.2,0.0
2021-06-01,18.9,9.4,26.5,0.0
2021-06-02,21.9,14.8,28.6,1.1
2021-06-03,24.4,14.5,32.7,0.0
2021-06-04,27.5,17.1,35.8,0.0
2021-06-05,28.9,21.2,37.2,0.1
2021-06-06,29.1,24.5,35.0,0.0
2021-06-07,26.5,18.8,33.6,0.0
2021-06-08,29.2,23.2,34.7,0.0
2021-06-09,29.3,23.7,34.4,0.0
2021-06-10,29.3,23.7,34.8,0.5
2021-06-11,25.5,18.5,28.7,4.0
2021-06-12,21.3,14.0,27.4,0.0
2021-06-13,23.5,16.4,30.0,0.0
2021-06-14,23.0,16.5,27.6,0.0
2021-06-15,21.7,15.8,26.8,0.0
2021-06-16,25.0,17.5,32.4,0.0
2021-06-17,24.1,20.9,29.3,0.0
2021-06-18,23.1,16.4,29.2,0.0
2021-06-19,19.5,13.2,25.4,0.0
2021-06-20,17.8,15.6,19.6,14.6
2021-06-21,14.3,10.2,23.0,0.0
2021-06-22,16.3,7.4,24.0,0.0
2021-06-23,22.5,13.0,30.7,0.0
2021-06-24,23.2,18.8,26.5,0.0
2021-06-25,22.4,17.9,25.5,0.0
2021-06-26,19.7,18.1,21.7,1.0
2021-06-27,21.4,15.6,26.7,0.2
2021-06-28,20.5,16.6,25.0,11.3
2021-06-29,20.9,14.7,26.1,1.2
2021-06-30,22.8,14.7,29.0,0.0
2021-07-01,24.3,18.0,30.1,0.0
2021-07-02,23.9,18.2,29.6,0.0
2021-07-03,24.8,18.0,31.3,0.0
2021-07-04,27.1,21.7,32.5,0.0
2021-07-05,24.1,18.2,29.4,0.0
2021-07-06,19.8,17.1,24.2,39.2
2021-07-07,17.5,14.0,21.0,0.4
2021-07-08,17.7,13.0,22.1,0.0
2021-07-09,19.2,14.6,23.0,0.8
2021-07-10,21.8,18.1,26.2,0.8
2021-07-11,22.0,17.0,27.7,0.0
2021-07-12,21.8,16.6,26.6,0.0
2021-07-13,22.0,15.8,27.0,0.1
2021-07-14,21.3,18.4,26.2,1.1
2021-07-15,21.5,16.1,27.3,0.0
2021-07-16,21.3,14.6,27.1,0.0
2021-07-17,22.3,16.6,28.9,0.0
2021-07-18,23.2,17.4,29.1,0.0
2021-07-19,22.0,16.7,29.0,0.0
2021-07-20,23.6,16.5,29.8,0.1
2021-07-21,24.8,20.6,29.6,0.0
2021-07-22,26.2,21.5,31.2,0.4
2021-07-23,27.6,23.3,31.6,0.4
2021-07-24,25.9,21.6,30.0,0.4
2021-07-25,24.3,16.1,30.2,0.0
2021-07-26,25.9,20.3,31.9,4.2
2021-07-27,26.0,19.3,32.2,0.0
2021-07-28,28.7,25.2,34.2,0.0
2021-07-29,23.1,18.7,26.8,0.0
2021-07-30,22.0,18.4,25.4,0.0
2021-07-31,22.2,18.1,26.7,0.1
2021-08-01,20.2,14.9,24.7,0.0
2021-08-02,21.0,14.3,26.1,0.0
2021-08-03,22.0,16.4,28.4,0.0
2021-08-04,20.0,15.5,24.1,3.2
2021-08-05,21.4,16.6,26.7,0.7
2021-08-06,19.9,12.6,26.2,0.0
2021-08-07,22.2,19.5,25.9,11.2
2021-08-08,21.3,18.4,24.4,5.5
2021-08-09,23.2,17.3,30.0,0.0
2021-08-10,22.7,17.2,27.9,0.3
2021-08-11,21.5,16.0,26.0,0.7
2021-08-12,19.4,15.7,23.7,0.0
2021-08-13,17.0,8.8,24.6,0.0
2021-08-14,21.4,10.8,30.6,0.0
2021-08-15,23.3,17.8,29.6,1.3
2021-08-16,23.6,16.5,30.5,0.0
2021-08-17,25.3,19.5,32.5,0.0
2021-08-18,25.7,20.1,31.8,0.0
2021-08-19,25.7,20.1,32.0,0.0
2021-08-20,23.4,17.5,28.6,25.4
2021-08-21,16.5,12.2,21.5,0.0
2021-08-22,17.3,11.3,24.8,3.6
2021-08-23,21.3,13.3,28.6,0.0
2021-08-24,22.5,17.4,27.5,7.1
2021-08-25,18.5,13.5,23.0,1.1
2021-08-26,16.3,14.1,20.1,16.9
2021-08-27,19.8,16.0,25.3,26.1
2021-08-28,20.6,18.0,25.2,20.8
2021-08-29,18.9,13.1,25.0,1.9
2021-08-30,19.6,11.5,26.9,0.0
2021-08-31,20.4,15.8,25.9,0.0
2021-09-01,19.7,14.2,25.0,0.0
2021-09-02,16.5,14.8,19.4,42.9
2021-09-03,16.3,14.0,19.7,8.0
2021-09-04,17.7,10.9,23.5,0.0
2021-09-05,17.0,11.4,22.8,0.0
2021-09-06,19.4,10.1,28.2,0.0
2021-09-07,18.5,12.1,24.2,0.1
2021-09-08,15.6,9.5,22.1,0.1
2021-09-09,16.3,8.6,23.5,0.0
2021-09-10,19.2,12.8,27.0,0.0
2021-09-11,18.0,15.7,21.5,0.0
2021-09-12,15.7,9.0,21.3,0.1
2021-09-13,14.9,12.0,20.0,17.4
2021-09-14,15.3,11.2,21.7,0.0
2021-09-15,16.6,8.0,23.4,1.6
2021-09-16,20.6,15.3,30.0,1.8
2021-09-17,14.0,8.2,19.4,1.3
2021-09-18,16.3,8.3,24.1,0.0
2021-09-19,24.3,19.6,29.8,9.7
2021-09-20,15.4,10.8,24.5,19.4
2021-09-21,11.7,7.6,17.0,0.0
2021-09-22,12.8,4.7,21.7,0.0
2021-09-23,15.6,8.9,23.4,0.0
2021-09-24,13.4,6.1,17.0,2.7
2021-09-25,11.8,4.2,22.3,0.0
2021-09-26,17.8,10.6,27.8,0.0
2021-09-27,18.4,12.2,25.2,0.0
2021-09-28,20.4,13.0,29.1,0.0
2021-09-29,21.7,17.0,28.1,0.0
2021-09-30,20.3,15.0,26.8,1.6
2021-10-01,17.1,15.2,18.0,9.8
2021-10-02,15.2,11.6,18.8,2.9
2021-10-03,14.2,7.8,22.5,0.0
2021-10-04,17.2,9.0,26.5,0.0
2021-10-05,17.8,12.0,24.9,0.0
2021-10-06,17.0,11.8,23.0,0.0
2021-10-07,18.0,14.0,23.1,0.2
2021-10-08,18.6,15.3,24.0,7.8
2021-10-09,17.1,13.7,21.5,36.4
2021-10-10,11.6,8.8,13.9,11.4
2021-10-11,11.3,5.6,18.2,0.0
2021-10-12,11.3,4.2,17.5,0.0
2021-10-13,12.7,8.8,15.4,21.3
2021-10-14,7.0,3.2,9.3,0.0
2021-10-15,4.7,1.5,8.2,0.3
2021-10-16,6.2,0.0,14.6,0.0
2021-10-17,10.5,1.8,20.0,0.0
2021-10-18,14.7,7.8,24.7,0.0
2021-10-19,11.7,7.7,17.7,0.1
2021-10-20,7.5,5.1,9.8,25.7
2021-10-21,2.7,-0.7,5.5,0.4
2021-10-22,3.6,-0.6,7.7,0.7
2021-10-23,4.1,0.0,8.9,0.0
2021-10-24,5.5,4.0,7.2,0.7
2021-10-25,5.8,2.1,9.8,0.0
2021-10-26,8.7,5.5,12.5,0.1
2021-10-27,8.0,7.3,10.3,31.4
2021-10-28,7.6,5.2,10.1,3.1
2021-10-29,5.1,0.7,12.0,0.0
2021-10-30,5.7,2.3,10.8,0.0
2021-10-31,1.4,-2.0,5.4,0.0
2021-11-01,1.1,-0.7,3.7,0.0
2021-11-02,-0.8,-4.6,3.4,0.5
2021-11-03,0.6,-5.2,6.9,0.0
2021-11-04,2.5,-1.7,9.0,0.0
2021-11-05,6.3,2.0,14.1,0.0
2021-11-06,9.3,1.2,18.1,0.0
2021-11-07,8.9,5.4,14.3,0.0
2021-11-08,4.6,1.0,8.1,0.0
2021-11-09,4.1,-2.1,11.3,0.0
2021-11-10,6.2,3.8,9.5,12.0
2021-11-11,1.4,-0.5,4.8,3.2
2021-11-12,-1.7,-2.3,-0.8,3.6
2021-11-13,-2.8,-3.6,-0.5,4.4
2021-11-14,-4.4,-5.3,-2.5,0.4
2021-11-15,-1.3,-4.5,1.6,0.7
2021-11-16,1.7,0.0,4.2,0.1
2021-11-17,-0.5,-3.1,2.2,0.4
2021-11-18,-3.7,-6.1,-1.5,0.0
2021-11-19,-1.1,-6.4,5.5,0.0
2021-11-20,-1.3,-4.2,2.7,0.0
2021-11-21,-4.5,-9.5,0.9,0.0
2021-11-22,-4.6,-10.0,1.2,0.0
2021-11-23,2.0,-4.1,11.3,0.0
2021-11-24,-4.5,-12.6,1.0,0.0
2021-11-25,-11.5,-15.7,-7.8,0.0
2021-11-26,-3.3,-7.7,0.5,0.0
2021-11-27,-0.9,-5.1,3.2,0.3
2021-11-28,-3.3,-9.0,1.1,0.0
2021-11-29,1.8,-3.2,6.6,0.0
2021-11-30,-0.3,-5.3,3.2,0.5
2021-12-01,3.5,-2.7,10.2,0.6
2021-12-02,1.5,-1.6,4.0,0.7
2021-12-03,-0.4,-2.9,1.5,0.0
2021-12-04,-2.9,-3.7,-1.4,2.8
2021-12-05,-3.1,-9.1,0.2,4.8
2021-12-06,-17.3,-20.1,-10.8,0.0
2021-12-07,-12.9,-15.4,-9.9,0.2
2021-12-08,-11.1,-16.8,-5.0,0.0
2021-12-09,-2.7,-7.0,0.5,0.0
2021-12-10,-4.9,-8.4,-2.0,0.0
2021-12-11,-5.4,-10.5,0.0,0.0
2021-12-12,-1.8,-6.3,4.1,0.0
2021-12-13,-0.6,-6.5,5.0,0.0
2021-12-14,1.4,-0.1,3.6,0.0
2021-12-15,2.9,-1.4,4.8,8.2
2021-12-16,-11.3,-14.1,-2.9,4.7
2021-12-17,-12.0,-15.7,-9.5,3.4
2021-12-18,-14.6,-20.3,-10.1,1.2
2021-12-19,-8.8,-18.6,-3.5,0.0
2021-12-20,-11.8,-15.7,-4.1,0.1
2021-12-21,-13.0,-17.0,-10.7,2.2
2021-12-22,-9.0,-16.6,-4.6,0.0
2021-12-23,-4.0,-8.0,0.0,0.3
2021-12-24,-2.9,-13.1,2.5,0.1
2021-12-25,-12.9,-15.7,-11.0,3.6
2021-12-26,-9.4,-18.2,-4.0,7.6
2021-12-27,-12.5,-22.0,-3.3,3.9
2021-12-28,-19.1,-26.3,-14.7,2.7
2021-12-29,-24.5,-30.0,-19.8,0.0
2021-12-30,-16.2,-20.6,-10.8,0.1
2021-12-31,-23.1,-30.0,-18.2,0.3
2022-01-01,-29.2,-31.1,-27.2,0.0
2022-01-02,-23.2,-30.3,-15.6,0.0
2022-01-03,-12.6,-16.4,-9.3,0.0
2022-01-04,-10.5,-13.6,-7.8,1.0
2022-01-05,-19.4,-24.8,-12.8,6.4
2022-01-06,-27.4,-30.7,-25.2,0.0
2022-01-07,-23.8,-31.5,-12.3,0.8
2022-01-08,-11.9,-19.7,-6.1,0.0
2022-01-09,-21.7,-23.8,-19.6,0.0
2022-01-10,-21.7,-25.6,-17.5,0.0
2022-01-11,-7.9,-15.9,0.3,0.0
2022-01-12,-2.8,-6.0,0.0,0.4
2022-01-13,-5.9,-8.0,-3.6,0.0
2022-01-14,-10.1,-17.5,-7.0,9.5
2022-01-15,-18.9,-24.8,-13.0,0.0
2022-01-16,-7.0,-12.5,-0.8,0.3
2022-01-17,-4.3,-8.5,-1.3,0.0
2022-01-18,-5.9,-17.0,1.7,0.0
2022-01-19,-21.2,-25.3,-16.7,0.0
2022-01-20,-25.5,-29.8,-21.6,0.0
2022-01-21,-12.4,-21.3,-2.1,1.8
2022-01-22,-16.0,-20.1,-8.0,2.0
2022-01-23,-20.8,-29.5,-11.3,1.7
2022-01-24,-18.7,-25.9,-10.7,0.0
2022-01-25,-26.9,-30.0,-23.5,0.0
2022-01-26,-13.4,-28.6,0.3,0.0
2022-01-27,-11.6,-23.2,-2.2,0.2
2022-01-28,-17.8,-26.6,-12.3,0.0
2022-01-29,-10.2,-13.5,-5.5,0.0
2022-01-30,-13.0,-17.1,-10.8,0.0
2022-01-31,-8.9,-12.5,-5.0,0.0
2022-02-01,-13.2,-19.6,-4.1,0.0
2022-02-02,-23.1,-25.5,-20.5,0.0
2022-02-03,-24.5,-31.1,-19.9,0.0
2022-02-04,-20.4,-23.1,-18.0,0.4
2022-02-05,-12.8,-21.2,-3.8,0.5
2022-02-06,-14.4,-20.0,-9.3,0.3
2022-02-07,-12.3,-20.1,-7.5,0.0
2022-02-08,-2.4,-8.3,2.5,2.0
2022-02-09,-4.2,-11.6,0.1,0.1
2022-02-10,-6.0,-15.3,3.4,3.8
2022-02-11,-14.5,-25.0,1.0,0.6
2022-02-12,-22.3,-27.7,-17.1,0.4
2022-02-13,-19.6,-27.0,-10.2,1.2
2022-02-14,-15.5,-20.0,-9.0,0.7
2022-02-15,-8.9,-13.7,-4.6,0.0
2022-02-16,-10.9,-17.3,-7.1,0.0
2022-02-17,-19.7,-23.0,-16.2,0.0
2022-02-18,-12.2,-17.2,-1.0,1.1
2022-02-19,-13.0,-22.7,-0.9,0.0
2022-02-20,-7.9,-14.7,0.6,0.6
2022-02-21,-14.1,-17.3,-10.7,14.3
2022-02-22,-20.0,-22.7,-17.7,4.5
2022-02-23,-24.1,-26.9,-20.2,0.0
2022-02-24,-21.0,-27.8,-15.7,0.0
2022-02-25,-19.0,-23.9,-14.1,0.0
2022-02-26,-11.2,-20.0,-3.0,0.0
2022-02-27,-8.2,-15.4,-2.0,0.0
2022-02-28,-5.3,-12.1,1.5,0.0
2022-03-01,-4.2,-6.3,-2.0,1.0
2022-03-02,-5.5,-12.6,-3.0,0.3
2022-03-03,-11.4,-15.8,-7.6,0.0
2022-03-04,-4.3,-7.5,-1.8,0.0
2022-03-05,-2.8,-6.0,-1.1,0.0
2022-03-06,-6.4,-8.8,-5.0,0.0
2022-03-07,-10.2,-17.4,-4.4,0.0
2022-03-08,-5.5,-11.0,-2.1,0.0
2022-03-09,-13.6,-19.0,-10.5,0.4
2022-03-10,-13.7,-20.8,-6.9,0.1
2022-03-11,-17.7,-21.7,-13.0,0.0
2022-03-12,-13.4,-25.0,-2.7,0.0
2022-03-14,-5.1,-8.5,-2.0,2.0
2022-03-15,-0.4,-8.3,4.6,0.0
2022-03-16,3.2,1.5,5.3,0.0
2022-03-17,1.6,-2.9,5.0,0.0
2022-03-18,1.2,-2.1,5.4,0.0
2022-03-19,1.3,-3.2,7.1,0.0
2022-03-20,3.8,-0.4,8.8,0.0
2022-03-21,6.2,2.0,11.0,0.3
2022-03-22,1.9,0.2,4.2,0.3
2022-03-23,1.2,0.3,2.2,0.2
2022-03-24,2.5,-1.0,6.2,1.0
2022-03-25,0.5,-4.8,5.1,0.0
2022-03-26,-7.4,-9.8,-4.9,0.0
2022-03-27,-8.5,-13.2,-3.7,0.0
2022-03-28,-2.7,-7.1,2.3,0.0
2022-03-29,1.9,-0.3,5.2,8.8
2022-03-30,-1.2,-2.7,0.5,9.6
2022-03-31,-3.4,-6.0,-1.5,0.0
2022-04-01,-2.1,-7.8,3.7,0.8
2022-04-02,0.5,-1.3,2.9,0.8
2022-04-03,-1.2,-3.5,0.2,2.4
2022-04-04,-1.2,-9.3,6.0,0.0
2022-04-05,4.4,2.1,9.1,20.9
2022-04-06,0.3,0.0,1.3,18.3
2022-04-07,0.2,-0.9,1.5,3.1
2022-04-08,1.2,-1.8,5.3,0.0
2022-04-09,3.7,-2.8,10.1,0.0
2022-04-10,4.3,1.8,6.7,3.6
2022-04-11,3.4,-0.6,7.3,1.8
2022-04-12,4.4,1.4,6.8,4.6
2022-04-13,1.3,-1.8,5.0,2.1
2022-04-14,-2.9,-5.5,-1.4,4.3
2022-04-15,-6.7,-10.0,-4.2,0.1
2022-04-16,-3.5,-6.6,-0.2,0.0
2022-04-17,-2.0,-4.6,0.1,2.3
2022-04-18,-2.6,-4.7,-0.3,0.4
2022-04-19,-0.7,-6.2,3.0,0.0
2022-04-20,2.6,0.0,5.1,16.0
2022-04-21,3.0,0.3,6.5,0.1
2022-04-22,6.5,4.2,10.0,5.5
2022-04-23,15.7,6.1,23.7,0.7
2022-04-24,2.5,-0.7,5.0,3.8
2022-04-25,-2.6,-3.7,-1.0,0.0
2022-04-26,-1.7,-4.2,2.4,0.0
2022-04-27,2.5,-2.5,8.5,0.0
2022-04-28,5.2,0.0,10.0,0.0
2022-04-29,7.9,6.0,10.5,23.0
2022-04-30,8.0,6.0,10.1,28.9
2022-05-01,3.9,3.0,6.0,1.0
2022-05-02,3.1,0.5,6.0,0.0
2022-05-03,6.3,0.3,13.3,0.0
2022-05-04,10.0,4.5,14.4,0.0
2022-05-05,11.1,6.7,16.0,0.0
2022-05-06,14.0,7.2,20.8,0.0
2022-05-07,15.9,9.0,22.3,0.2
2022-05-08,12.6,10.5,15.8,16.1
2022-05-09,15.1,11.5,22.3,14.2
2022-05-10,15.0,9.5,21.4,1.2
2022-05-11,16.6,13.8,19.9,9.9
2022-05-12,17.5,13.6,23.1,35.1
2022-05-13,16.8,11.7,22.1,0.0
2022-05-14,14.4,9.9,19.0,0.2
2022-05-15,14.5,5.0,21.4,0.0
2022-05-16,13.5,7.4,18.5,0.0
2022-05-17,13.4,9.6,18.0,3.7
2022-05-18,15.0,7.8,22.6,1.3
2022-05-19,12.4,7.5,17.3,5.7
2022-05-20,8.5,5.6,12.6,2.4
2022-05-21,5.4,0.1,8.5,0.1
2022-05-22,8.6,2.0,14.9,0.0
2022-05-23,11.6,3.0,19.0,0.0
2022-05-24,15.0,9.1,20.0,0.0
2022-05-25,11.8,10.0,14.1,3.4
2022-05-26,13.7,6.0,21.0,0.0
2022-05-27,19.2,11.0,27.0,0.0
2022-05-28,21.8,16.0,27.0,7.1
2022-05-29,22.3,20.0,25.0,25.3
2022-05-30,19.1,16.0,21.0,25.3
2022-05-31,13.0,10.9,16.8,8.0
2022-06-01,13.5,7.0,19.0,0.0
2022-06-02,15.6,9.0,21.1,0.0
2022-06-03,12.8,5.3,20.1,0.0
2022-06-04,17.1,7.0,24.0,0.0
2022-06-05,19.1,14.0,24.0,0.0
2022-06-06,17.0,12.0,21.0,0.0
2022-06-07,17.1,15.0,20.0,0.3
2022-06-08,17.7,12.6,22.1,0.0
2022-06-09,18.5,11.0,24.0,0.0
2022-06-10,20.3,14.0,25.2,0.1
2022-06-11,21.2,16.0,26.0,4.9
2022-06-12,22.9,16.5,30.0,0.0
2022-06-13,24.5,21.7,28.1,0.6
2022-06-14,25.7,21.5,30.9,0.1
2022-06-15,20.9,14.2,26.1,0.0
2022-06-16,21.3,18.5,24.7,0.0
