2011-01-25,-8.74,-10.22,-4.03,
2011-01-26,-5.34,-8.01,-0.15,
2011-01-27,0.55,-3.9,0.87,
2011-01-28,-2.44,-9.49,0.04,
2011-01-29,-16.06,-18.22,-10.79,
2011-01-30,-20.77,-20.98,-19.02,
2011-02-01,-28.72,-32.22,-23.91,
2011-02-02,-20.48,-28.55,-11.31,
2011-02-03,-5.39,-10.48,-2.93,
2011-02-04,-2.49,-7.99,-1.15,
2011-02-05,-1.56,-3.79,0.06,
2011-02-06,-10.57,-19.02,-3.2,
2011-02-11,-2.33,-3.57,0.04,
2011-02-12,-0.04,-4.86,1.38,
2011-02-13,1.41,-0.95,4.32,
2011-02-16,-2.83,-8.29,2.0,
2011-02-17,-9.42,-16.73,-3.77,
2011-02-18,-20.51,-21.83,-18.18,
2011-02-19,-16.07,-17.32,-15.2,
2011-02-20,-19.25,-24.03,-17.42,
2011-02-22,-13.1,-19.89,-7.29,
2011-02-23,-14.12,-18.8,-10.39,
2011-02-24,-21.93,-26.97,-19.4,
2011-02-26,-21.7,-28.57,-12.67,
2011-02-27,-12.29,-14.84,-6.55,
2011-02-28,-8.83,-18.97,-2.71,
2011-03-01,-20.49,-24.51,-9.57,
2011-03-02,-20.21,-23.32,-18.58,
2011-03-03,-15.26,-19.47,-8.67,
2011-03-04,-14.91,-19.45,-12.56,
2011-03-07,-19.36,-24.41,-15.09,
2011-03-08,-16.45,-18.54,-10.27,
2011-03-09,-13.84,-20.66,-8.64,
2011-03-10,-4.06,-18.46,3.13,
2011-03-11,-5.19,-12.85,2.35,
2011-03-12,-13.1,-18.09,-9.48,
2011-03-14,-1.92,-6.29,4.82,
2011-03-15,0.88,-0.79,1.82,
2011-03-16,1.6,-2.13,4.06,
2011-03-18,-3.21,-8.73,1.24,
2011-03-19,-3.6,-4.35,0.27,
2011-03-20,-0.4,-4.39,0.8,
2011-03-21,0.24,-2.96,-1.21,
2011-03-22,-0.98,-4.84,1.55,
2011-03-23,-7.99,-17.5,-3.68,
2011-03-24,-11.3,-14.47,-7.18,
2011-03-26,-10.0,-14.27,-4.31,
2011-03-27,-7.22,-9.54,-5.03,
2011-03-28,-5.55,-7.12,-1.66,
2011-03-29,-3.76,-6.34,0.92,
2011-03-30,-0.72,-5.18,-0.09,
2011-03-31,0.16,-1.56,3.78,
2011-04-01,0.78,-3.65,3.49,
2011-04-02,-1.69,-2.87,0.22,
2011-04-03,0.78,-3.75,0.88,
2011-04-04,-2.47,-6.9,2.91,
2011-04-05,-0.38,-3.76,6.38,
2011-04-07,4.97,-2.78,5.77,
2011-04-08,1.13,-1.1,1.45,
2011-04-09,1.83,-1.21,1.31,
2011-04-15,-0.35,-4.54,1.39,
2011-04-16,-1.08,-2.29,2.95,
2011-04-17,-2.25,-2.3,-0.12,
2011-04-18,-4.29,-8.56,0.15,
2011-04-19,-2.04,-4.9,1.94,
2011-04-20,3.16,-4.9,8.77,
2011-04-21,2.46,-2.3,4.5,
2011-04-22,3.16,-0.33,2.9,
2011-04-23,4.31,-2.81,10.9,
2011-04-24,6.8,1.71,14.0,
2011-04-27,9.24,4.55,16.4,
2011-04-28,11.77,2.75,19.51,
2011-05-03,10.5,1.46,19.68,
2011-05-04,8.82,4.99,11.61,
2011-05-05,9.74,0.73,15.09,
2011-05-06,10.78,7.72,13.4,
2011-05-07,9.5,1.93,17.01,
2011-05-08,13.02,7.72,19.0,
2011-05-09,11.53,8.22,13.13,
2011-05-11,7.43,4.07,12.13,
2011-05-12,9.06,4.8,10.23,
2011-05-13,3.09,1.33,7.87,
2011-05-14,8.75,1.45,11.33,
2011-05-15,10.16,1.07,15.81,
2011-05-16,11.65,5.39,19.65,
2011-05-18,14.53,4.91,21.44,
2011-05-19,16.4,8.46,20.12,
2011-05-20,15.01,12.12,15.31,
2011-05-21,15.28,13.0,16.32,
2011-05-22,14.33,11.53,18.65,
2011-05-23,14.46,7.41,16.85,
2011-05-24,5.72,3.49,10.62,
2011-05-25,10.3,2.74,14.31,
2011-05-26,10.09,5.19,15.54,
2011-05-28,8.57,5.12,12.02,
2011-05-29,8.76,5.72,12.69,
2011-05-30,9.58,7.7,9.14,
2011-06-02,19.31,10.84,27.49,
2011-06-03,13.68,8.58,20.03,
2011-06-05,17.88,7.3,24.4,
2011-06-06,17.81,12.33,19.29,
2011-06-07,11.88,6.88,15.42,
2011-06-09,9.64,4.21,13.61,
2011-06-10,10.71,8.89,15.77,
2011-06-11,13.13,5.72,18.44,
2011-06-13,18.08,13.27,23.48,
2011-06-14,14.29,13.06,19.05,
2011-06-15,17.29,12.82,24.34,
2011-06-16,15.78,10.29,21.78,
2011-06-17,15.1,10.86,16.63,
2011-06-18,15.4,8.99,25.03,
2011-06-20,16.4,13.19,20.52,
2011-06-21,15.15,12.58,17.96,
2011-06-22,17.4,11.59,18.83,
2011-06-24,16.17,12.15,22.83,
2011-06-25,16.9,13.52,24.42,
2011-07-09,19.62,12.26,25.64,
2011-07-10,19.83,10.91,27.45,
2011-07-11,18.3,12.29,22.64,
2011-07-12,17.16,14.38,22.62,
2011-07-13,18.83,11.48,21.56,
2011-07-14,18.81,17.03,23.32,
2011-07-15,20.68,13.83,29.79,
2011-07-18,24.69,21.4,30.44,
2011-07-21,17.89,13.55,25.94,
2011-07-22,20.26,12.6,23.87,
2011-07-23,15.15,15.81,21.86,
2011-07-24,17.66,13.46,26.94,
2011-07-25,19.3,12.32,28.92,
2011-07-26,20.55,17.05,18.87,
2011-07-27,21.08,14.74,23.79,
2011-07-28,18.78,11.86,25.09,
2011-07-29,19.65,8.91,27.22,
2011-07-30,19.36,14.83,25.57,
2011-07-31,20.35,12.13,29.42,
2011-08-01,22.27,19.96,27.81,
2011-08-03,22.18,17.39,27.46,
2011-08-04,22.1,16.14,27.83,
2011-08-05,18.94,15.02,21.06,
2011-08-06,18.44,15.63,22.74,
2011-08-07,19.17,11.94,27.9,
2011-08-08,16.46,11.23,21.4,
2011-08-09,16.24,8.35,22.46,
2011-08-10,18.73,12.01,25.58,
2011-08-11,19.24,12.88,25.32,
2011-08-13,17.45,9.45,22.89,
2011-08-14,19.18,13.46,25.93,
2011-08-15,20.71,17.12,24.85,
2011-08-16,17.9,12.25,19.94,
2011-08-17,19.17,6.4,28.15,
2011-08-19,13.38,10.74,20.32,
2011-08-20,12.93,11.28,23.86,
2011-08-22,23.35,16.49,29.87,
2011-08-23,23.04,15.93,30.78,
2011-08-24,17.89,11.11,24.66,
2011-08-27,21.54,14.13,28.25,
2011-08-28,19.59,13.49,27.77,
2011-08-29,19.75,14.46,27.46,
2011-08-30,18.42,13.33,24.86,
2011-09-03,11.27,8.97,17.77,
2011-09-04,12.52,4.02,18.52,
2011-09-05,16.38,7.54,25.04,
2011-09-08,17.41,10.56,27.15,
2011-09-09,19.36,11.82,26.14,
2011-09-10,19.01,10.53,29.49,
2011-09-11,19.75,10.01,27.75,
2011-09-12,12.5,7.15,18.45,
2011-09-13,9.02,2.51,14.81,
2011-09-15,4.89,-0.27,15.93,
2011-09-16,10.01,8.31,15.71,
2011-09-17,9.29,6.73,12.85,
2011-09-20,10.64,7.92,12.48,
2011-09-21,7.76,1.51,13.12,
2011-09-24,17.82,7.1,29.72,
2011-09-25,17.66,8.24,26.91,
2011-10-20,6.89,-3.75,14.07,
2011-10-22,6.28,-3.24,17.21,
2011-10-23,8.03,4.97,13.51,
2011-10-24,5.67,-1.34,7.17,
2011-10-26,0.96,-4.11,5.9,
2011-10-27,1.24,-5.42,7.34,
2011-10-28,-0.94,-1.93,11.02,
2011-10-29,4.55,1.89,11.05,
2011-10-31,3.49,-0.75,15.58,
2011-11-08,-2.41,-9.99,1.93,
2011-11-09,-2.26,-7.34,2.57,
2011-11-10,-2.34,-9.75,6.28,
2011-11-11,2.09,-1.32,9.58,
2011-11-12,-0.03,-5.34,8.21,
2011-11-13,-0.01,-4.11,7.26,
2011-11-14,-2.15,-6.35,2.6,
2011-11-15,-5.97,-9.99,-2.0,
2011-11-17,-7.54,-13.94,-2.7,
2011-11-18,-7.32,-17.95,-2.06,
2011-11-19,-17.79,-19.29,-15.25,
2011-11-20,-10.48,-14.27,-7.27,
2011-11-21,-6.65,-19.27,0.03,
2011-11-22,-0.36,-7.01,4.23,
2011-11-23,5.01,0.76,13.04,
2011-11-24,4.51,-2.97,10.69,
2011-11-25,0.12,-2.26,0.3,
2011-11-26,-2.37,-8.73,0.2,
2011-11-27,-1.64,-6.96,3.85,
2011-11-28,1.66,-7.15,9.25,
2011-11-29,0.0,-8.31,5.65,
2011-11-30,-0.36,-6.1,-0.67,
2011-12-01,-5.86,-12.94,-3.31,
2011-12-02,-1.33,-2.68,1.73,
2011-12-03,-7.71,-8.05,-1.8,
2011-12-05,-17.04,-24.29,-12.66,
2011-12-06,-5.83,-18.17,1.55,
2011-12-07,-5.33,-14.3,1.44,
2011-12-08,-14.39,-18.91,-12.88,
2011-12-09,-13.54,-21.52,-3.51,
2011-12-10,-2.38,-6.75,4.05,
2011-12-11,-3.36,-6.89,-1.12,
2011-12-12,-5.66,-7.79,-5.59,
2011-12-14,-5.38,-7.12,-3.04,
2011-12-15,-7.17,-8.68,-3.96,
2011-12-16,-9.01,-12.33,-5.74,
2011-12-17,-5.3,-8.38,0.25,
2011-12-18,-1.55,-4.72,6.64,
2011-12-19,-5.19,-10.0,-1.99,
2011-12-20,0.62,-5.35,3.14,
2011-12-21,-1.55,-9.73,0.86,
2011-12-22,-9.06,-8.14,-2.2,
2011-12-23,-2.06,-7.35,1.07,
2011-12-24,-0.18,-4.92,3.41,
2011-12-26,0.66,-1.34,4.76,
2011-12-27,-3.65,-7.23,-0.29,
2011-12-28,-2.87,-7.86,2.68,
2011-12-30,0.44,-4.07,0.45,
2011-12-31,-1.05,-4.56,3.57,
2012-01-01,-6.79,-9.96,-4.5,
2012-01-02,-7.02,-14.79,-4.49,
2012-01-04,0.74,-3.02,8.45,
2012-01-05,6.52,0.25,14.09,
2012-01-06,-0.78,-4.58,4.32,
2012-01-07,-4.83,-7.69,1.15,
2012-01-08,-2.07,-8.3,1.64,
2012-01-09,2.46,-2.63,8.04,
2012-01-10,1.45,-2.36,2.04,
2012-01-11,-10.13,-18.33,-0.2,
2012-01-12,-11.77,-18.2,-5.63,
2012-01-13,-4.39,-8.28,2.2,
2012-01-14,-4.58,-9.73,-2.24,
2012-01-16,-17.86,-20.9,-17.18,
2012-01-20,-17.61,-23.25,-15.9,
2012-01-21,-13.73,-16.41,-8.51,
2012-01-24,-5.17,-8.94,2.97,
2012-01-25,-0.1,-10.58,10.14,
2012-01-26,-0.06,-2.1,4.68,
2012-01-27,-3.09,-9.13,1.49,
2012-01-28,-6.74,-13.85,-3.28,
2012-01-29,-6.49,-14.3,1.52,
2012-01-30,2.03,-0.07,8.26,
2012-01-31,1.14,-2.15,6.75,
2012-02-01,0.32,-6.69,4.82,
2012-02-03,-1.81,-4.45,-4.2,
2012-02-04,-4.43,-10.84,-1.83,
2012-02-06,-2.82,-9.75,-4.27,
2012-02-07,-6.84,-15.85,-6.72,
2012-02-08,-11.18,-16.98,-5.23,
2012-02-09,-8.26,-14.24,-6.31,
2012-02-10,-18.17,-23.17,-14.34,
2012-02-11,-14.76,-25.03,-8.17,
2012-02-12,-11.7,-18.41,-1.0,
2012-02-13,-2.68,-10.93,0.37,
2012-02-14,-2.98,-9.16,0.96,
2012-02-15,-4.45,-6.98,-1.51,
2012-02-16,-5.62,-10.58,-1.69,
2012-02-17,-6.5,-10.64,-3.29,
2012-02-18,-3.23,-11.58,7.93,
2012-02-20,-0.29,-10.17,4.83,
2012-02-21,-3.49,-8.19,2.59,
2012-02-22,2.01,-8.3,6.59,
2012-02-23,-3.08,-7.98,0.5,
2012-02-25,-10.64,-16.77,-6.57,
2012-02-26,-12.48,-19.97,-11.64,
2012-02-27,-19.63,-23.42,-11.73,
2012-03-01,-5.38,-10.15,-1.43,
2012-03-03,-8.59,-12.3,-4.97,
2012-03-05,2.77,-0.59,11.88,
2012-03-06,2.41,-2.64,4.97,
2012-03-09,0.74,-9.47,14.9,
2012-03-10,8.49,0.03,16.94,
2012-03-12,4.31,-3.44,10.78,
2012-03-13,6.92,-3.57,18.21,
2012-03-14,3.86,-2.66,9.79,
2012-03-15,7.14,-2.49,17.32,
2012-03-16,10.1,2.56,19.76,
2012-03-28,1.08,-1.93,7.29,
2012-03-30,9.89,-2.87,21.01,
2012-03-31,13.58,5.87,19.01,
2012-04-01,15.75,10.12,20.93,
2012-04-02,6.09,-0.21,9.45,
2012-04-03,6.58,-6.66,13.68,
2012-04-04,6.02,0.38,16.27,
2012-04-05,11.27,1.56,18.88,
2012-04-06,9.29,4.54,17.96,
2012-04-07,4.2,2.08,7.91,
2012-04-09,-0.25,-6.91,3.52,
2012-04-11,0.98,-4.55,11.34,
2012-04-12,8.73,3.09,15.7,
2012-04-13,6.45,1.42,11.29,
2012-04-14,10.42,0.01,18.5,
2012-04-15,6.19,0.6,9.66,
2012-04-16,-3.36,-3.56,2.6,
2012-04-17,5.22,-3.59,14.94,
2012-04-18,5.25,-0.61,10.48,
2012-04-19,3.09,1.15,5.18,
2012-04-20,2.86,0.5,8.86,
2012-04-21,1.84,-0.18,6.27,
2012-04-22,11.04,-0.94,18.95,
2012-04-23,16.07,5.13,29.15,
2012-04-24,16.23,7.94,29.8,
2012-04-26,3.97,-3.71,8.71,
2012-04-27,3.62,0.07,8.85,
2012-04-28,0.91,2.74,5.15,
2012-04-29,4.87,2.02,10.34,
2012-04-30,10.72,0.22,17.07,
2012-05-01,12.86,3.47,18.75,
2012-05-02,9.6,1.12,19.7,
2012-05-04,8.93,7.55,14.36,
2012-05-05,10.13,8.27,14.17,
2012-05-07,7.66,4.62,11.87,
2012-05-08,7.56,4.88,15.64,
2012-05-10,11.57,4.11,20.52,
2012-05-11,8.57,0.63,15.35,
2012-05-12,11.58,1.99,19.97,
2012-05-13,16.79,3.98,26.75,
2012-05-14,17.79,8.43,28.33,
2012-05-16,16.74,11.05,23.3,
2012-05-17,17.32,7.03,27.21,
2012-05-18,11.71,10.57,19.25,
2012-05-19,11.66,7.19,18.46,
2012-05-22,15.4,12.54,24.95,
2012-05-24,5.05,3.08,10.4,
2012-05-25,4.34,1.75,9.53,
2012-05-26,6.38,4.53,6.43,
2012-05-27,6.31,5.1,11.58,
2012-05-28,7.75,3.94,8.77,
2012-05-29,7.71,3.68,11.55,
2012-05-30,7.42,1.59,12.74,
2012-06-01,16.26,10.76,22.15,
2012-06-02,17.32,6.68,26.03,
2012-06-03,18.52,14.29,23.45,
2012-06-05,19.11,15.9,26.26,
2012-06-06,19.89,15.42,26.22,
2012-06-08,15.82,8.54,21.61,
2012-06-09,15.78,13.69,22.32,
2012-06-10,14.5,9.5,17.58,
2012-06-11,8.85,6.04,14.79,
2012-06-12,16.5,3.78,25.74,
2012-06-13,18.04,8.65,22.06,
2012-06-14,16.51,12.46,20.17,
2012-06-15,17.21,8.74,23.82,
2012-06-16,13.13,8.33,21.36,
2012-06-17,16.02,12.68,23.66,
2012-06-18,12.12,10.49,18.24,
2012-06-19,13.02,8.17,16.5,
2012-06-20,13.73,10.41,17.2,
2012-06-21,15.47,8.55,18.27,
2012-06-22,16.32,6.5,23.15,
2012-06-23,20.0,13.98,22.51,
2012-06-24,16.4,10.79,20.79,
2012-06-25,20.59,13.4,27.02,
2012-06-27,19.44,12.17,21.95,
2012-06-28,18.12,6.8,24.15,
2012-06-30,20.06,13.59,28.03,
2012-07-01,22.14,15.29,27.81,
2012-07-02,21.79,16.71,25.49,
2012-07-03,21.03,12.44,27.57,
2012-07-04,17.98,11.15,23.6,
2012-07-05,15.74,9.72,24.55,
2012-07-06,17.9,15.07,22.83,
2012-07-07,21.19,10.54,27.49,
2012-07-08,19.89,14.02,27.36,
2012-07-10,24.43,14.49,34.26,
2012-07-11,24.47,16.18,28.75,
2012-07-12,21.86,13.75,28.29,
2012-07-13,23.96,13.64,29.24,
2012-07-14,22.34,15.84,27.25,
2012-07-16,22.58,19.18,29.42,
2012-07-17,21.52,19.91,20.5,
2012-07-26,16.67,12.26,23.07,
2012-07-27,17.76,9.07,27.95,
2012-07-31,26.28,15.31,34.5,
2012-08-03,15.57,13.13,16.64,
2012-08-04,14.61,10.16,20.22,
2012-08-05,16.83,5.5,27.26,
2012-08-07,22.34,13.3,30.58,
2012-08-08,20.52,13.72,27.43,
2012-08-09,19.11,14.5,23.48,
2012-08-12,17.84,9.55,26.66,
2012-08-13,17.33,4.57,25.71,
2012-08-14,19.04,12.41,27.52,
2012-08-15,16.48,11.14,20.75,
2012-08-16,14.26,7.97,22.21,
2012-08-17,13.36,4.25,26.33,
2012-08-18,16.79,7.87,27.12,
2012-08-19,16.18,6.48,26.82,
2012-08-20,20.95,8.92,30.01,
2012-08-21,22.21,10.88,33.6,
2012-08-22,21.59,12.75,32.76,
2012-08-23,23.71,11.91,32.13,
2012-08-26,17.34,7.1,25.58,
2012-08-27,16.26,6.8,27.95,
2012-08-28,24.43,14.5,33.96,
2012-08-30,18.15,12.64,25.97,
2012-08-31,15.59,7.9,24.45,
2012-09-01,22.08,13.53,32.73,
2012-09-04,14.04,8.36,22.76,
2012-09-06,14.62,7.97,20.46,
2012-09-07,13.0,4.26,22.26,
2012-09-08,14.01,7.7,20.33,
2012-09-09,15.45,2.85,27.26,
2012-09-10,18.85,8.56,28.99,
2012-09-11,14.29,5.34,19.94,
2012-09-12,11.28,1.95,17.83,
2012-09-13,9.53,2.42,22.91,
2012-09-14,14.21,1.17,24.04,
2012-09-16,9.69,5.73,15.3,
2012-09-17,6.46,1.89,12.71,
2012-09-19,13.18,9.71,18.61,
2012-09-20,12.01,5.46,18.93,
2012-09-21,9.88,3.54,16.0,
2012-09-22,2.19,-6.63,12.98,
2012-09-25,12.0,2.4,20.5,
2012-09-27,16.31,8.86,24.25,
2012-09-28,15.11,2.25,28.18,
2012-09-29,15.31,7.17,28.22,
2012-09-30,14.75,8.63,21.71,
2012-10-01,12.32,2.77,17.8,
2012-10-02,13.39,6.21,19.13,
2012-10-03,5.03,2.89,6.9,
2012-10-04,1.39,-4.74,2.68,
2012-10-05,-1.57,-5.03,4.42,
2012-10-06,-1.94,-8.03,8.8,
2012-10-07,4.84,-0.41,14.1,
2012-10-08,5.53,-0.47,9.27,
2012-10-09,2.04,0.04,4.23,
2012-10-10,2.0,-5.31,1.98,
2012-10-11,1.07,-4.65,3.79,
2012-10-12,3.09,-5.64,13.79,
2012-10-13,7.47,3.08,12.47,
2012-10-14,6.2,-1.57,19.11,
2012-10-15,14.3,6.01,23.06,
2012-10-16,10.99,-2.43,17.43,
2012-10-18,4.35,3.96,5.86,
2012-10-20,8.38,0.22,18.87,
2012-10-21,4.74,-1.06,9.57,
2012-10-22,2.13,1.83,4.85,
2012-10-24,-0.61,-2.22,-1.7,
2012-10-25,-0.12,-1.02,1.94,
2012-10-26,-2.45,-8.25,-1.23,
2012-10-27,-5.34,-8.29,-2.68,
2012-10-31,2.04,-1.29,7.67,
2012-11-03,-2.41,-3.81,-0.87,
2012-11-04,-0.99,-3.08,1.55,
2012-11-05,3.35,0.33,8.64,
2012-11-06,3.64,0.17,8.24,
2012-11-07,4.76,-4.2,12.2,
2012-11-08,-0.27,-3.13,8.36,
2012-11-09,-6.03,-8.55,-3.11,
2012-11-10,-9.02,-10.34,-8.74,
2012-11-11,-9.93,-15.17,-10.17,
2012-11-12,-13.43,-20.03,-6.41,
2012-11-13,-6.43,-11.62,-0.32,
2012-11-14,-3.51,-12.38,0.08,
2012-11-15,-4.74,-11.5,-1.86,
2012-11-16,0.11,-6.4,3.83,
2012-11-18,0.51,-5.95,3.3,
2012-11-19,-0.92,-3.64,5.29,
2012-11-21,1.98,0.65,7.43,
2012-11-22,-9.03,-10.43,-0.35,
2012-11-23,-12.17,-15.94,-7.78,
2012-11-24,-3.19,-7.39,3.32,
2012-11-25,-11.39,-17.71,-4.61,
2012-11-26,-9.19,-19.2,-0.21,
2012-11-27,-7.0,-8.52,-4.36,
2012-11-28,-5.37,-9.7,-1.44,
2012-11-29,-10.28,-13.49,-6.77,
2012-11-30,-4.13,-8.82,0.83,
2012-12-01,-3.57,-7.85,0.53,
2012-12-02,-0.24,-4.49,4.25,
2012-12-03,-0.03,-11.37,4.81,
2012-12-04,-9.78,-13.23,-5.55,
2012-12-05,-1.83,-6.03,5.57,
2012-12-06,-4.75,-6.84,0.31,
2012-12-07,-9.96,-11.9,-7.39,
2012-12-08,-14.75,-17.7,-11.25,
2012-12-10,-9.91,-18.6,-6.5,
2012-12-11,-11.83,-18.5,-6.01,
2012-12-12,-12.33,-16.21,-5.46,
2012-12-13,-7.54,-13.71,0.01,
2012-12-14,-7.2,-14.31,1.35,
2012-12-15,-8.84,-13.54,-4.93,
2012-12-16,-10.7,-16.24,-9.0,
2012-12-17,-7.65,-6.89,-4.52,
2012-12-18,-5.46,-7.46,-0.88,
2012-12-19,-13.19,-20.61,-7.09,
2012-12-20,-17.95,-21.31,-10.24,
2012-12-21,-12.19,-19.99,-4.19,
2012-12-22,-14.09,-17.1,-11.28,
2012-12-23,-16.12,-18.04,-14.91,
2012-12-24,-19.44,-23.05,-13.35,
2012-12-26,-20.34,-26.6,-16.24,
2012-12-27,-15.55,-19.19,-12.99,
2012-12-28,-15.06,-22.24,-13.28,
2012-12-29,-11.04,-25.15,-5.53,
2012-12-30,-11.54,-18.62,-5.85,
2013-01-01,-8.14,-18.06,-3.74,
2013-01-02,-7.5,-11.74,-0.85,
2013-01-03,-9.86,-11.61,-5.32,
2013-01-05,-12.77,-16.3,-8.65,
2013-01-06,-8.32,-12.34,-2.77,
2013-01-11,-12.13,-15.0,-9.72,
2013-01-12,-17.93,-20.08,-18.04,
2013-01-13,-19.77,-24.31,-17.37,
2013-01-14,-18.14,-23.12,-13.19,
2013-01-15,-6.3,-13.26,1.88,
2013-01-16,-2.77,-8.78,2.61,
2013-01-18,0.23,-4.34,3.23,
2013-01-21,-21.81,-25.56,-17.57,
2013-01-22,-14.04,-20.76,-10.78,
2013-01-23,-19.29,-20.02,-15.9,
2013-01-24,-13.11,-20.02,-4.73,
2013-01-26,-6.76,-13.06,-1.68,
2013-01-29,-11.92,-21.8,-5.95,
2013-02-01,-15.11,-25.52,-7.23,
2013-02-02,-11.71,-17.81,-1.34,
2013-02-04,-4.92,-11.23,-1.25,
2013-02-05,-3.78,-8.23,0.35,
2013-02-06,-7.5,-10.23,-5.66,
2013-02-07,-8.72,-12.93,-6.12,
2013-02-08,-2.83,-5.0,-3.2,
2013-02-09,-6.29,-13.43,-0.98,
2013-02-10,-5.63,-7.0,-3.1,
2013-02-11,-6.97,-10.87,-4.94,
2013-02-13,-2.59,-4.35,1.45,
2013-02-14,-7.56,-10.57,-1.88,
2013-02-15,-8.79,-12.7,-7.32,
2013-02-18,-14.95,-20.1,-8.55,
2013-02-19,-21.07,-26.72,-17.97,
2013-02-20,-15.72,-21.58,-13.37,
2013-02-21,-8.98,-12.91,-5.2,
2013-02-22,-8.65,-13.62,-5.21,
2013-02-23,-7.96,-17.21,-0.98,
2013-02-24,-4.86,-8.52,-3.68,
2013-02-25,-3.8,-8.84,1.49,
2013-02-26,-3.23,-13.03,-0.16,
2013-02-27,-6.48,-9.73,-4.79,
2013-02-28,-6.31,-11.14,-2.37,
2013-03-01,-2.79,-8.77,-4.31,
2013-03-02,-2.02,-4.66,1.46,
2013-03-03,-4.09,-7.44,-4.98,
2013-03-04,-7.57,-11.15,-6.33,
2013-03-05,-12.63,-17.81,-9.04,
2013-03-06,-11.66,-18.29,-9.53,
2013-03-08,-9.35,-14.58,-5.08,
2013-03-09,-8.4,-12.71,-1.92,
2013-03-12,-10.97,-18.69,-8.72,
2013-03-13,-7.03,-17.4,4.27,
2013-03-14,-1.85,-4.84,4.71,
2013-03-16,-18.73,-22.83,-14.7,
2013-03-18,-16.9,-18.85,-12.07,
2013-03-19,-18.35,-19.49,-15.1,
2013-03-20,-14.8,-22.42,-10.12,
2013-03-21,-11.53,-18.59,-8.96,
2013-03-22,-10.6,-12.02,-9.34,
2013-03-23,-10.61,-13.49,-8.88,
2013-03-25,-11.45,-16.86,-8.14,
2013-03-26,-12.73,-19.4,-4.72,
2013-03-27,-9.57,-17.25,-1.02,
2013-03-28,-7.65,-14.26,-3.12,
2013-03-30,-0.81,-5.81,1.28,
2013-04-02,-7.02,-12.81,-1.22,
2013-04-03,-0.94,-3.21,4.77,
2013-04-04,-2.44,-6.87,0.91,
2013-04-05,-2.64,-5.98,-0.47,
2013-04-06,1.33,-3.04,2.06,
2013-04-07,0.05,-1.04,5.18,
2013-04-08,-6.06,-11.15,-0.23,
2013-04-09,-8.0,-14.91,-1.9,
2013-04-10,-6.65,-11.74,-0.22,
2013-04-11,-1.48,-7.64,2.64,
2013-04-12,-2.16,-2.88,0.75,
2013-04-13,-1.44,-3.82,1.59,
2013-04-14,-5.01,-5.07,-3.29,
2013-04-15,-4.76,-4.5,0.01,
2013-04-16,-4.72,-7.45,-4.08,
2013-04-17,-6.19,-7.06,-3.6,
2013-04-19,-1.27,-5.7,-1.55,
2013-04-20,-2.83,-4.41,-0.63,
2013-04-22,-5.47,-8.58,-0.71,
2013-04-23,-1.73,-8.7,5.95,
2013-04-25,1.92,-6.08,13.56,
2013-04-26,8.72,-0.66,22.26,
2013-04-28,11.47,1.24,10.91,
2013-04-29,7.34,0.89,16.85,
2013-05-01,0.84,-6.0,3.36,
2013-05-02,3.4,-5.97,10.92,
2013-05-03,5.51,-3.18,13.83,
2013-05-04,6.18,-3.59,15.68,
2013-05-05,9.7,-1.0,18.56,
2013-05-06,14.59,1.97,21.86,
2013-05-07,15.79,1.78,22.93,
2013-05-10,8.34,1.77,15.24,
2013-05-11,4.12,-3.79,12.0,
2013-05-12,10.9,-0.17,24.32,
2013-05-13,22.5,12.99,29.03,
2013-05-15,15.48,7.87,23.48,
2013-05-16,11.84,5.39,19.67,
2013-05-17,12.39,6.31,20.76,
2013-05-18,15.34,11.09,16.04,
2013-05-19,11.45,10.46,12.93,
2013-05-20,10.59,9.31,12.61,
2013-05-21,9.59,8.89,12.83,
2013-05-22,13.51,3.61,20.39,
2013-05-24,11.46,8.41,18.26,
2013-05-25,11.26,8.46,18.24,
2013-05-27,13.11,11.82,16.64,
2013-05-28,15.66,11.67,19.67,
2013-05-29,13.8,9.13,21.73,
2013-05-30,10.42,9.81,13.47,
2013-05-31,9.1,8.55,10.77,
2013-06-01,11.26,5.18,15.83,
2013-06-02,10.96,1.62,17.46,
2013-06-04,8.48,4.56,10.49,
2013-06-05,12.86,8.82,18.56,
2013-06-06,14.14,2.41,20.64,
2013-06-08,15.4,11.95,18.42,
2013-06-09,14.87,6.74,22.64,
2013-06-10,17.94,13.62,20.47,
2013-06-11,17.7,11.6,22.95,
2013-06-12,14.28,11.73,20.9,
2013-06-13,17.06,11.79,22.62,
2013-06-14,15.93,13.38,19.59,
2013-06-15,15.98,7.98,20.28,
2013-06-16,16.01,11.36,20.29,
2013-06-17,13.52,10.91,18.62,
2013-06-18,16.23,5.79,21.66,
2013-06-19,19.83,15.19,29.05,
2013-06-22,16.9,14.27,21.25,
2013-06-23,14.88,13.5,20.49,
2013-06-24,20.22,11.65,28.21,
2013-06-25,20.29,16.99,25.52,
2013-06-26,20.77,13.88,24.0,
2013-06-29,18.42,13.01,21.85,
2013-06-30,17.66,14.24,24.62,
2013-07-03,22.39,13.09,28.48,
2013-07-04,22.23,19.81,28.79,
2013-07-07,17.85,13.17,25.67,
2013-07-08,20.9,18.34,27.97,
2013-07-09,17.57,15.17,18.26,
2013-07-10,18.29,9.15,26.01,
2013-07-11,22.46,15.0,29.89,
2013-07-12,23.06,18.18,29.98,
2013-07-13,21.94,14.63,30.88,
2013-07-14,15.5,11.74,19.3,
2013-07-15,18.41,12.44,26.7,
2013-07-17,19.05,14.14,20.56,
2013-07-19,20.31,12.93,26.72,
2013-07-20,17.39,13.47,19.58,
2013-07-26,14.23,9.34,17.56,
2013-07-27,12.0,6.18,17.38,
2013-07-28,12.97,10.02,23.32,
2013-07-29,17.05,10.77,19.63,
2013-07-31,14.52,8.23,23.19,
2013-08-02,16.21,9.9,20.78,
2013-08-03,17.34,14.17,23.85,
2013-08-04,16.37,14.9,19.8,
2013-08-05,19.2,11.53,23.61,
2013-08-06,15.25,11.38,18.04,
2013-08-07,12.03,10.48,20.81,
2013-08-08,14.16,8.1,20.54,
2013-08-09,15.75,8.21,20.08,
2013-08-10,16.34,8.06,20.84,
2013-08-11,15.64,10.51,21.47,
2013-09-06,22.82,16.86,32.61,
2013-09-07,18.99,14.0,19.94,
2013-09-08,17.19,15.32,19.63,
2013-09-09,17.45,12.68,22.62,
2013-09-10,18.12,10.8,23.52,
2013-09-11,15.62,10.11,22.53,
2013-09-12,15.66,7.28,20.32,
2013-09-14,17.61,12.08,23.64,
2013-09-15,11.0,5.77,15.65,
2013-09-16,13.92,6.61,21.72,
2013-09-18,18.76,14.1,21.98,
2013-09-20,8.86,2.74,16.52,
2013-09-22,11.6,8.58,21.42,
2013-09-24,13.59,4.38,20.59,
2013-09-26,11.09,8.11,12.18,
2013-09-27,7.93,5.92,10.56,
2013-09-28,8.86,1.85,15.63,
2013-09-29,14.22,2.96,22.48,
2013-09-30,13.05,4.04,23.15,
2013-10-01,9.19,5.35,17.33,
2013-10-02,10.48,3.5,18.4,
2013-10-03,6.33,1.47,11.02,
2013-10-05,3.96,-1.05,8.14,
2013-10-06,8.08,-4.0,19.75,
2013-10-07,9.98,0.67,23.79,
2013-10-08,10.0,2.26,17.17,
2013-10-09,8.92,4.55,13.94,
2013-10-10,11.83,4.1,16.13,
2013-10-11,7.45,6.71,11.04,
2013-10-13,1.99,-2.11,10.82,
2013-10-14,3.81,1.87,5.44,
2013-10-15,3.12,-2.77,9.47,
2013-10-16,3.09,-0.98,12.17,
2013-10-17,3.33,0.31,6.87,
2013-10-18,2.73,-3.41,7.9,
2013-10-20,0.86,-0.87,5.45,
2013-10-21,-2.13,-3.55,-1.47,
2013-10-23,0.47,-1.85,4.42,
2013-10-24,-0.27,-2.11,2.46,
2013-10-25,4.37,-0.94,14.36,
2013-10-26,-0.17,-3.68,5.74,
2013-10-27,0.29,-5.81,3.47,
2013-10-31,3.13,-5.22,9.85,
2013-11-04,-2.54,-5.87,0.57,
2013-11-05,-5.0,-9.3,2.03,
2013-11-06,-3.43,-9.64,1.26,
2013-11-07,-0.14,-4.41,5.17,
2013-11-08,2.51,-0.22,5.59,
2013-11-10,-5.39,-8.31,-2.87,
2013-11-11,-13.23,-19.73,-5.62,
2013-11-12,-5.37,-12.24,6.98,
2013-11-13,7.11,-1.56,13.7,
2013-11-14,0.61,-6.95,7.45,
2013-11-15,0.58,-9.6,8.99,
2013-11-16,1.02,-1.55,1.73,
2013-11-17,-4.99,-4.42,-1.26,
2013-11-18,-3.66,-12.82,2.57,
2013-11-20,-12.17,-17.49,-6.66,
2013-11-21,-17.37,-25.73,-11.34,
2013-11-22,-14.57,-24.23,-10.57,
2013-11-23,-16.28,-27.85,-8.44,
2013-11-24,-1.6,-9.33,2.84,
2013-11-26,-11.12,-17.45,-7.88,
2013-11-27,-5.53,-6.9,-3.87,
2013-11-28,-7.56,-8.21,-6.57,
2013-11-29,-5.15,-7.96,0.17,
2013-11-30,0.11,-9.91,4.14,
2013-12-01,-3.16,-10.5,-1.07,
2013-12-02,-6.62,-8.05,-3.73,
2013-12-04,-17.25,-21.47,-14.24,
2013-12-07,-27.96,-33.14,-25.74,
2013-12-08,-24.69,-27.85,-18.5,
2013-12-09,-19.89,-24.18,-14.66,
2013-12-11,-21.66,-27.27,-12.8,
2013-12-12,-11.32,-14.4,-8.2,
2013-12-13,-19.37,-21.06,-15.51,
2013-12-14,-16.85,-17.64,-15.25,
2013-12-15,-14.25,-18.13,-12.92,
2013-12-16,-2.09,-4.04,0.18,
2013-12-17,-10.07,-9.19,-6.61,
2013-12-19,-20.28,-23.43,-15.72,
2013-12-21,-23.53,-22.02,-20.47,
2013-12-23,-24.0,-33.78,-15.23,
2013-12-24,-5.56,-17.45,2.82,
2013-12-25,-2.98,-7.25,-2.88,
2013-12-26,-3.72,-8.81,-0.35,
2013-12-27,0.13,-6.44,3.92,
2013-12-28,-13.75,-21.96,0.42,
2013-12-29,-17.62,-20.38,-15.98,
2013-12-30,-19.53,-21.62,-12.44,
2014-01-01,-19.15,-22.51,-15.92,
2014-01-02,-21.23,-29.31,-9.97,
2014-01-03,-3.31,-13.46,1.77,
2014-01-04,-19.62,-24.55,-14.51,
2014-01-05,-30.41,-31.17,-22.97,
2014-01-06,-25.11,-30.15,-18.31,
2014-01-07,-19.98,-26.05,-18.58,
2014-01-09,-4.47,-6.74,0.28,
2014-01-10,-3.88,-6.41,2.13,
2014-01-11,-3.57,-8.54,3.76,
2014-01-12,1.04,-9.29,2.43,
2014-01-13,-7.28,-11.75,-0.45,
2014-01-16,-7.62,-9.66,0.79,
2014-01-17,-4.47,-11.28,2.7,
2014-01-18,-0.07,-1.43,0.26,
2014-01-20,-14.39,-22.09,-0.32,
2014-01-21,-10.88,-17.66,-5.37,
2014-01-22,-18.9,-25.12,-6.25,
2014-01-24,-0.5,-2.88,3.09,
2014-01-26,-15.15,-23.91,-1.08,
2014-01-27,-24.87,-28.01,-19.65,
2014-01-28,-19.72,-25.21,-12.02,
2014-01-29,-10.28,-14.76,-7.85,
2014-01-31,-17.25,-19.95,-7.91,
2014-02-01,-17.1,-19.73,-14.76,
2014-02-02,-13.94,-17.93,-9.99,
2014-02-05,-21.35,-24.21,-19.75,
2014-02-06,-19.29,-18.31,-16.08,
2014-02-07,-17.13,-23.18,-12.76,
2014-02-08,-17.38,-21.4,-14.96,
2014-02-09,-21.33,-26.0,-18.67,
2014-02-10,-20.85,-28.91,-15.2,
2014-02-11,-11.81,-19.56,-2.62,
2014-02-12,-13.6,-23.42,0.03,
2014-02-13,-16.84,-22.04,-9.53,
2014-02-16,-10.81,-18.82,-3.99,
2014-02-17,-2.45,-10.37,1.03,
2014-02-18,-2.57,-7.84,2.5,
2014-02-19,-3.29,-9.55,1.47,
2014-02-20,-10.55,-19.07,-0.24,
2014-02-21,-17.3,-20.75,-11.12,
2014-02-22,-16.33,-18.18,-14.26,
2014-02-23,-20.99,-21.75,-13.29,
2014-02-26,-16.56,-23.53,-11.69,
2014-02-27,-18.64,-28.64,-13.37,
2014-02-28,-18.96,-28.12,-10.74,
2014-03-01,-28.76,-31.18,-25.42,
2014-03-02,-27.26,-30.68,-20.93,
2014-03-04,-13.44,-15.67,-14.18,
2014-03-05,-9.2,-13.35,-2.44,
2014-03-06,-5.45,-10.49,-1.03,
2014-03-08,-5.81,-12.52,6.57,
2014-03-10,4.63,-0.38,4.32,
2014-03-11,-1.14,-2.71,0.84,
2014-03-12,0.27,-5.69,8.71,
2014-03-13,5.34,0.32,7.34,
2014-03-14,0.7,-3.21,2.7,
2014-03-15,-5.66,-9.19,-4.44,
2014-03-17,4.28,1.16,5.29,
2014-03-18,-1.42,-4.09,0.86,
2014-03-19,-1.54,-5.74,3.18,
2014-03-20,2.9,-3.37,8.52,
2014-03-21,-6.3,-14.83,0.53,
2014-03-23,-10.24,-14.76,-4.71,
2014-03-24,-7.79,-11.19,-4.28,
2014-03-25,-9.86,-15.42,-2.65,
2014-03-26,-5.3,-9.4,0.12,
2014-03-27,-3.14,-8.47,-2.47,
2014-03-29,2.31,-12.0,11.82,
2014-03-30,-1.42,-6.78,4.11,
2014-03-31,-9.62,-13.65,-5.48,
2014-04-01,-9.62,-15.51,-2.48,
2014-04-02,-6.11,-11.15,1.3,
2014-04-03,-1.91,-4.36,-0.02,
2014-04-04,-0.04,-5.84,2.5,
2014-04-05,5.38,-1.68,9.22,
2014-04-06,4.9,0.75,10.35,
2014-04-07,4.75,-1.19,9.92,
2014-04-08,8.37,-4.69,19.21,
2014-04-09,7.09,4.19,18.43,
2014-04-10,6.86,1.8,12.97,
2014-04-11,6.72,-4.31,10.74,
2014-04-12,3.63,-3.26,5.31,
2014-04-13,-4.36,-6.48,1.09,
2014-04-14,-6.21,-10.37,-0.83,
2014-04-15,-1.98,-8.55,3.94,
2014-04-16,-2.85,-9.44,-2.95,
2014-04-18,4.64,-1.99,11.15,
2014-04-19,5.68,0.39,11.74,
2014-04-20,7.98,1.54,18.99,
2014-04-21,8.3,-0.05,13.46,
2014-04-22,10.11,-1.04,19.52,
2014-04-23,7.62,3.97,9.46,
2014-04-24,7.91,-0.37,13.48,
2014-04-25,7.76,-1.79,13.64,
2014-04-26,4.45,2.28,8.03,
2014-04-27,0.8,1.52,7.11,
2014-04-29,2.46,0.93,9.46,
2014-04-30,3.81,-0.15,11.77,
2014-05-01,7.37,-1.02,17.99,
2014-05-02,9.87,3.4,14.69,
2014-05-03,2.2,-1.63,5.4,
2014-05-04,1.25,-0.81,2.97,
2014-05-05,6.97,1.65,16.4,
2014-05-07,4.13,2.3,6.83,
2014-05-09,7.49,-1.43,15.44,
2014-05-10,10.64,4.12,15.82,
2014-05-13,5.17,0.16,12.63,
2014-05-15,9.39,-0.81,17.87,
2014-05-16,10.78,2.79,16.48,
2014-05-17,9.36,0.14,18.42,
2014-05-18,12.2,2.83,21.38,
2014-05-19,12.6,10.54,19.53,
2014-05-20,9.45,5.78,12.35,
2014-05-21,11.23,4.88,18.21,
2014-05-22,15.29,6.67,24.91,
2014-05-23,21.08,9.97,29.57,
2014-05-24,19.48,13.87,30.01,
2014-05-25,19.45,14.08,23.25,
2014-05-26,19.52,9.59,24.93,
2014-05-27,19.3,12.17,25.66,
2014-05-28,17.61,12.7,26.93,
2014-05-29,22.88,17.87,29.27,
2014-05-30,17.48,12.63,24.3,
2014-05-31,18.82,7.97,24.49,
2014-06-01,16.15,10.82,19.06,
2014-06-02,11.13,8.5,14.94,
2014-06-03,13.93,4.11,20.68,
2014-06-04,18.23,12.36,26.65,
2014-06-05,14.76,10.85,23.45,
2014-06-06,9.74,5.49,14.8,
2014-06-07,11.4,5.67,18.11,
2014-06-08,13.39,8.69,17.93,
2014-06-09,15.16,7.16,25.5,
2014-06-10,16.16,13.1,22.35,
2014-06-11,11.91,7.62,13.82,
2014-06-13,16.04,6.91,21.46,
2014-06-14,12.9,8.99,16.55,
2014-06-15,14.38,8.04,16.93,
2014-06-16,17.71,7.81,20.47,
2014-06-17,15.52,14.06,23.25,
2014-06-18,17.31,11.91,21.94,
2014-06-19,19.06,13.78,23.39,
2014-06-20,14.55,10.66,17.76,
2014-06-21,17.91,9.86,28.94,
2014-06-22,12.66,12.49,20.35,
2014-06-23,15.5,11.95,18.41,
2014-06-24,15.06,12.23,17.91,
2014-06-25,14.29,12.19,17.57,
2014-06-26,16.65,15.04,22.97,
2014-06-27,19.31,15.62,21.61,
2014-06-28,16.66,13.16,19.22,
2014-06-29,17.08,13.45,20.11,
2014-06-30,15.05,11.05,16.6,
2014-07-01,12.73,10.41,17.98,
2014-07-02,14.35,6.27,19.4,
2014-07-03,15.56,8.34,22.44,
2014-07-04,20.69,14.02,29.5,
2014-07-05,24.68,14.24,30.61,
2014-07-06,21.34,14.95,24.71,
2014-07-08,16.59,13.35,23.78,
2014-07-09,17.94,10.01,24.62,
2014-07-10,18.44,14.81,25.79,
2014-07-11,19.03,15.25,24.3,
2014-07-14,13.01,9.19,20.05,
2014-07-15,14.43,8.86,21.49,
2014-07-16,17.62,10.68,22.96,
2014-07-17,19.58,12.55,28.78,
2014-07-18,20.49,15.11,23.93,
2014-07-20,24.2,17.73,28.78,
2014-07-21,19.58,15.53,23.21,
2014-07-22,19.92,11.65,23.55,
2014-07-23,19.56,18.16,25.12,
2014-07-24,20.66,15.08,24.72,
2014-07-25,20.27,11.32,25.48,
2014-07-26,15.07,9.17,21.06,
2014-07-27,15.44,10.96,19.97,
2014-07-28,16.24,10.04,25.95,
2014-07-29,18.81,13.95,25.08,
2014-08-01,21.0,12.99,24.71,
2014-08-20,20.67,15.79,24.82,
2014-08-21,17.53,15.4,22.92,
2014-08-22,15.74,13.43,18.53,
2014-08-23,13.47,13.36,15.13,
2014-08-24,13.52,10.91,13.71,
2014-08-25,9.5,5.84,15.33,
2014-08-26,13.46,6.39,19.07,
2014-08-27,15.26,10.9,24.79,
2014-08-28,20.48,14.88,29.28,
2014-08-29,17.2,14.16,20.54,
2014-08-30,15.02,8.48,20.41,
2014-08-31,16.94,10.89,19.85,
2014-09-01,12.84,8.32,20.53,
2014-09-02,16.48,7.6,23.18,
2014-09-03,17.65,8.94,25.37,
2014-09-05,12.65,3.9,20.36,
2014-09-06,15.12,7.24,25.19,
2014-09-07,15.42,7.95,25.91,
2014-09-08,14.3,8.99,18.71,
2014-09-09,5.74,4.78,10.69,
2014-09-10,3.97,0.92,5.9,
2014-09-11,4.59,-0.35,8.83,
2014-09-12,5.72,-2.0,15.59,
2014-09-13,9.69,2.8,12.73,
2014-09-14,6.06,-0.49,14.44,
2014-09-15,8.64,1.26,17.71,
2014-09-16,8.83,0.58,21.77,
2014-09-17,12.32,2.68,22.47,
2014-09-18,16.18,8.85,26.3,
2014-09-19,18.35,12.54,23.85,
2014-09-20,13.83,7.16,21.38,
2014-09-21,12.3,5.49,20.44,
2014-09-22,14.76,4.03,26.01,
2014-09-23,16.89,9.6,24.82,
2014-09-24,18.08,8.3,31.39,
2014-09-25,24.23,12.14,31.43,
2014-09-26,22.93,12.97,31.49,
2014-09-27,15.8,12.37,23.35,
2014-09-28,9.53,8.41,11.51,
2014-09-29,6.77,2.9,9.65,
2014-09-30,8.26,9.9,8.98,
2014-10-01,9.54,9.07,13.94,
2014-10-02,5.71,2.26,11.91,
2014-10-03,1.69,-2.11,4.07,
2014-10-04,2.68,-5.63,6.39,
2014-10-05,5.25,2.39,7.75,
2014-10-07,6.4,6.25,12.64,
2014-10-08,3.66,-2.98,6.95,
2014-10-09,3.55,-4.24,10.57,
2014-10-10,6.54,-3.75,14.31,
2014-10-11,8.39,3.49,20.62,
2014-10-12,10.51,3.67,14.83,
2014-10-13,7.5,2.39,18.8,
2014-10-14,8.98,0.0,18.2,
2014-10-15,12.47,2.51,17.04,
2014-10-17,4.61,-2.56,11.16,
2014-10-18,5.73,-0.05,15.44,
2014-10-19,10.88,2.66,19.44,
2014-10-20,10.3,1.4,22.09,
2014-10-21,10.82,5.42,20.5,
2014-10-23,9.56,0.48,17.92,
2014-10-24,8.73,3.74,15.89,
2014-10-25,6.95,0.61,12.72,
2014-10-26,11.5,6.14,19.89,
2014-10-27,3.83,0.29,6.24,
2014-10-28,0.54,1.0,2.82,
2014-10-29,1.19,-5.28,7.29,
2014-10-30,0.16,-6.15,0.45,
2014-10-31,-1.58,-9.4,3.71,
2014-11-02,3.92,-2.19,9.64,
2014-11-03,0.29,-1.71,5.82,
2014-11-04,2.45,0.29,6.03,
2014-11-05,0.56,-1.93,3.94,
2014-11-06,2.59,-4.09,7.77,
2014-11-07,4.21,2.2,12.71,
2014-11-08,2.02,-3.18,3.43,
2014-11-09,-5.33,-8.07,-4.44,
2014-11-10,-9.93,-11.14,-6.73,
2014-11-11,-12.0,-15.88,-8.1,
2014-11-13,-14.99,-19.45,-9.77,
2014-11-14,-15.21,-20.57,-7.42,
2014-11-15,-13.62,-18.83,-10.41,
2014-11-16,-11.72,-16.83,-6.8,
2014-11-17,-13.09,-17.85,-7.79,
2014-11-18,-8.04,-16.54,-1.4,
2014-11-19,-8.1,-11.72,-6.5,
2014-11-20,-11.1,-16.0,-6.9,
2014-11-21,1.43,-8.05,7.06,
2014-11-22,1.65,-5.81,5.86,
2014-11-23,-5.5,-10.87,2.2,
2014-11-24,-9.65,-17.81,-0.04,
2014-11-25,-5.74,-11.3,-1.15,
2014-11-26,-15.36,-22.29,-11.62,
2014-11-27,-12.64,-18.29,-9.75,
2014-11-28,-11.42,-14.37,-9.11,
2014-11-29,-15.9,-21.17,-8.33,
2014-12-01,-16.18,-26.31,-9.79,
2014-12-02,-13.83,-16.4,-9.83,
2014-12-03,-13.88,-20.74,-8.93,
2014-12-04,-13.01,-17.66,-4.87,
2014-12-06,-6.43,-10.99,-2.25,
2014-12-07,-2.26,-6.79,3.12,
2014-12-08,-4.46,-10.05,-2.37,
2014-12-10,-1.42,-5.08,5.83,
2014-12-11,-0.89,-4.83,4.38,
2014-12-12,-0.08,-6.12,9.21,
2014-12-13,2.82,-1.26,6.5,
2014-12-14,-2.19,-3.27,-0.78,
2014-12-15,-4.12,-5.5,-3.04,
2014-12-16,-6.7,-8.57,-6.68,
2014-12-17,-8.66,-8.48,-8.73,
2014-12-18,-7.47,-8.55,-4.58,
2014-12-19,-4.55,-10.39,-3.02,
2014-12-20,-4.72,-11.21,0.41,
2014-12-21,-2.41,-8.03,0.61,
2014-12-22,-3.53,-0.56,-2.49,
2014-12-24,-3.01,-6.8,-2.54,
2014-12-25,-4.27,-12.9,-1.88,
2014-12-26,-10.18,-12.28,-7.44,
2014-12-27,-6.01,-9.85,-3.88,
2014-12-29,-21.84,-26.16,-19.41,
2014-12-30,-19.98,-23.94,-17.28,
2015-01-01,-3.75,-5.49,-2.67,
2015-01-03,-18.49,-21.68,-16.56,
2015-01-05,-21.87,-27.13,-16.53,
2015-01-08,-14.52,-19.3,-8.9,
2015-01-09,-18.98,-23.47,-17.07,
2015-01-10,-17.11,-22.68,-15.65,
2015-01-11,-17.61,-23.55,-13.3,
2015-01-12,-21.85,-28.32,-14.75,
2015-01-13,-12.03,-18.12,-5.82,
2015-01-14,-6.41,-12.67,-0.75,
2015-01-15,-2.7,-6.43,3.22,
2015-01-16,-1.04,-9.63,2.88,
2015-01-17,-0.5,-1.02,0.53,
2015-01-19,-0.92,-2.79,2.81,
2015-01-20,-1.34,-4.01,-0.23,
2015-01-21,-6.89,-7.44,-4.62,
2015-01-23,1.55,-1.84,4.98,
2015-01-24,1.71,0.0,1.02,
2015-01-25,2.65,-0.52,4.38,
2015-01-26,3.32,-3.0,7.86,
2015-01-27,1.38,-1.8,7.85,
2015-01-28,-0.48,-2.99,-0.03,
2015-01-29,-4.98,-8.45,-3.26,
2015-01-30,-3.63,-8.99,-0.15,
2015-01-31,-15.5,-21.84,-4.61,
2015-02-01,-19.01,-28.17,-15.65,
2015-02-02,-13.9,-17.71,-12.13,
2015-04-12,9.85,2.03,12.71,
2015-04-13,4.11,-0.81,13.95,
2015-04-14,12.06,-1.07,23.6,
2015-04-15,13.07,8.35,18.84,
2015-04-18,9.94,0.6,21.52,
2015-04-19,2.1,0.3,6.99,
2015-04-20,3.06,-4.04,11.42,
2015-04-21,3.37,-3.8,6.31,
2015-04-22,3.68,-7.95,11.17,
2015-04-23,2.28,-1.49,10.36,
2015-04-24,8.69,-3.01,18.57,
2015-04-25,7.86,2.58,12.2,
2015-04-26,9.43,2.29,13.64,
2015-04-27,6.71,3.63,12.48,
2015-04-28,9.44,2.86,19.73,
2015-04-29,14.26,4.17,22.11,
2015-04-30,13.32,6.65,17.9,
2015-05-01,12.55,2.67,23.19,
2015-05-04,11.47,-2.36,20.65,
2015-05-05,14.27,2.16,23.28,
2015-05-06,13.87,8.34,15.75,
2015-05-07,6.4,4.16,10.62,
2015-05-08,3.41,1.5,7.83,
2015-05-09,6.86,-0.49,8.37,
2015-05-10,5.49,3.43,11.6,
2015-05-11,7.87,1.14,12.25,
2015-05-12,9.36,1.61,14.0,
2015-05-13,5.54,7.0,8.71,
2015-05-14,6.13,4.16,11.33,
2015-05-15,9.3,-1.77,16.9,
2015-05-16,9.84,8.18,10.72,
2015-05-20,12.56,0.41,22.0,
2015-05-21,16.21,5.51,23.43,
2015-05-22,14.3,7.27,22.39,
2015-05-23,16.19,6.15,23.9,
2015-05-24,16.86,8.33,22.34,
2015-05-25,17.23,9.94,26.14,
2015-05-26,18.67,11.38,25.07,
2015-05-28,16.48,10.34,19.43,
2015-05-29,11.24,5.82,13.54,
2015-05-30,9.49,2.34,12.87,
2015-05-31,10.89,7.98,16.95,
2015-06-01,18.85,9.0,27.64,
2015-06-02,12.9,10.46,16.54,
2015-06-03,12.21,9.26,17.3,
2015-06-04,12.48,5.46,17.03,
2015-06-05,16.52,12.2,25.24,
2015-06-06,17.7,14.27,23.68,
2015-06-07,16.46,13.36,24.4,
2015-06-08,20.88,11.04,30.19,
2015-06-09,21.7,16.42,24.54,
2015-06-10,16.34,10.72,18.59,
2015-06-11,15.23,7.68,21.56,
2015-06-12,19.06,12.11,27.05,
2015-06-13,19.78,13.46,21.92,
2015-06-14,16.09,9.31,22.5,
2015-06-15,12.5,8.17,17.5,
2015-06-16,12.31,7.96,16.58,
2015-06-18,13.88,7.98,17.69,
2015-06-19,18.58,12.95,24.65,
2015-06-22,16.76,12.07,20.03,
2015-06-23,17.42,11.6,28.28,
2015-06-24,18.47,13.68,26.83,
2015-06-25,19.33,12.74,26.0,
2015-06-26,18.51,11.81,26.67,
2015-06-27,21.74,14.3,28.49,
2015-06-29,24.35,15.18,31.2,
2015-06-30,18.55,16.4,22.06,
2015-07-01,17.58,16.95,21.14,
2015-07-02,20.03,14.22,23.3,
2015-07-03,19.84,12.65,26.63,
2015-07-04,23.74,17.45,29.97,
2015-07-05,18.36,14.21,21.34,
2015-07-06,15.04,11.99,20.01,
2015-07-07,16.5,6.48,22.86,
2015-07-08,15.14,14.3,20.18,
2015-07-09,22.38,10.66,29.38,
2015-07-10,21.78,13.81,27.38,
2015-07-11,24.15,19.31,32.67,
2015-07-12,23.85,12.86,31.55,
2015-07-13,21.87,17.63,24.09,
2015-07-14,21.96,14.2,27.65,
2015-07-15,22.38,18.78,28.06,
2015-07-16,19.44,15.19,28.15,
2015-07-17,16.16,12.22,20.04,
2015-07-19,19.51,14.53,27.32,
2015-07-21,18.71,11.86,27.11,
2015-07-22,22.33,15.15,30.5,
2015-07-23,19.96,14.57,25.23,
2015-07-24,20.03,11.96,29.79,
2015-07-26,21.84,16.44,29.8,
2015-07-27,21.48,16.15,29.87,
2015-07-28,13.32,11.64,20.72,
2015-07-29,19.67,12.59,24.29,
2015-07-30,20.27,11.69,25.33,
2015-07-31,19.56,10.99,27.53,
2015-08-01,19.95,9.43,30.61,
2015-08-02,18.46,10.9,23.49,
2015-08-03,18.95,10.7,25.85,
2015-08-04,18.23,9.39,25.7,
2015-08-05,21.84,17.07,30.24,
2015-08-06,17.4,14.49,20.23,
2015-08-07,16.76,8.86,27.32,
2015-08-08,18.01,8.96,25.4,
2015-08-09,19.2,11.81,26.35,
2015-08-10,20.37,11.35,30.04,
2015-08-11,23.13,13.64,31.13,
2015-08-12,27.26,19.56,34.87,
2015-08-13,26.96,22.07,34.3,
2015-08-14,26.1,18.68,37.28,
2015-08-15,26.24,19.17,34.98,
2015-08-17,15.5,7.78,20.63,
2015-08-18,13.53,5.95,23.38,
2015-08-19,14.45,8.04,22.83,
2015-08-21,20.21,10.24,28.69,
2015-08-22,13.04,11.48,17.2,
2015-08-24,12.69,2.86,23.72,
2015-08-25,15.87,9.77,24.69,
2015-08-26,19.06,11.53,28.66,
2015-08-27,21.11,12.32,27.41,
2015-08-28,19.86,15.84,32.27,
2015-08-29,22.17,11.94,32.67,
2015-08-30,24.16,16.19,30.69,
2015-08-31,19.35,11.53,23.64,
2015-09-01,18.53,8.71,28.35,
2015-09-02,22.41,13.64,32.06,
2015-09-03,23.45,16.02,31.36,
2015-09-04,16.63,13.81,18.56,
2015-09-05,17.6,13.85,15.56,
2015-09-06,16.0,11.13,20.16,
2015-09-07,14.51,7.68,18.02,
2015-09-08,11.08,5.04,19.84,
2015-09-09,11.32,5.02,18.98,
2015-09-10,7.61,1.4,18.07,
2015-09-11,10.39,1.41,20.9,
2015-09-12,16.27,9.44,25.55,
2015-09-13,19.35,10.7,30.07,
2015-09-14,12.32,7.54,20.76,
2015-09-15,13.95,9.61,24.04,
2015-09-16,13.51,7.66,18.76,
2015-09-18,14.03,4.54,19.01,
2015-09-19,14.98,8.94,22.17,
2015-09-20,15.47,6.93,24.89,
2015-09-21,14.78,8.77,23.26,
2015-09-22,7.37,5.02,14.14,
2015-09-24,15.97,11.36,22.58,
2015-09-25,17.68,13.82,25.65,
2015-09-26,20.01,12.78,28.79,
2015-09-27,15.01,7.86,20.61,
2015-09-28,9.94,5.29,16.12,
2015-09-29,9.99,0.36,18.29,
2015-10-01,12.38,9.2,16.45,
2015-10-04,9.17,8.28,10.43,
2015-10-05,5.92,4.22,10.74,
2015-10-06,5.29,1.73,14.52,
2015-10-07,8.54,2.22,19.59,
2015-10-08,9.68,4.03,16.66,
2015-10-09,10.95,1.5,21.48,
2015-10-10,16.39,13.05,26.97,
2015-10-11,12.01,7.22,19.96,
2015-10-12,8.64,4.67,13.12,
2015-10-13,9.75,2.86,18.85,
2015-10-14,8.1,2.71,17.55,
2015-10-15,5.75,0.23,9.91,
2015-10-16,2.5,-1.32,11.59,
2015-10-17,5.76,-2.85,15.84,
2015-10-18,9.56,2.56,20.89,
2015-10-19,12.11,4.83,15.87,
2015-10-20,9.67,8.01,12.4,
2015-10-21,4.73,0.37,13.32,
2015-10-22,8.13,0.04,19.23,
2015-10-23,7.89,0.78,12.23,
2015-10-24,2.75,-1.26,13.12,
2015-10-25,3.2,-1.62,8.85,
2015-10-26,4.18,-1.37,8.4,
2015-10-28,0.06,-1.39,1.54,
2015-10-29,-1.13,-3.14,1.2,
2015-10-30,4.86,-1.07,11.5,
2015-10-31,6.34,0.11,9.29,
2015-11-01,7.64,0.19,14.43,
2015-11-02,3.59,-1.12,11.05,
2015-11-03,3.61,3.91,4.55,
2015-11-04,2.56,1.87,2.69,
2015-11-05,1.6,0.33,0.9,
2015-11-06,-0.87,-2.79,0.66,
2015-11-07,0.73,-4.51,10.85,
2015-11-08,4.62,0.06,13.19,
2015-11-09,2.77,-3.56,15.21,
2015-11-10,1.38,-1.06,2.15,
2015-11-13,2.54,-4.98,9.04,
2015-11-14,6.96,4.78,16.65,
2015-11-15,5.38,-4.45,16.61,
2015-11-16,2.2,0.99,5.11,
2015-11-17,-2.37,-4.28,3.28,
2015-11-18,-0.18,-5.59,5.55,
2015-11-19,-5.49,-8.99,-0.73,
2015-11-20,-8.9,-13.24,-5.23,
2015-11-21,-8.68,-13.82,-2.3,
2015-11-23,-0.41,-6.2,3.38,
2015-11-24,-0.93,-3.03,3.27,
2015-11-25,-7.41,-12.7,-2.64,
2015-11-26,-13.41,-20.32,-7.81,
2015-11-27,-10.74,-20.96,-1.27,
2015-11-28,-8.95,-14.02,-2.26,
2015-11-29,-9.22,-16.99,-1.58,
2015-11-30,-8.59,-13.31,-2.82,
2015-12-01,-4.74,-12.03,3.58,
2015-12-02,-2.64,-8.33,3.34,
2015-12-03,-0.21,-6.95,8.29,
2015-12-04,0.45,-2.78,5.67,
2015-12-05,0.76,-6.32,5.84,
2015-12-06,1.21,-8.43,12.7,
2015-12-08,3.47,-0.25,8.68,
2015-12-09,6.49,3.51,11.0,
2015-12-11,-5.41,-7.18,-4.42,
2015-12-12,-4.63,-4.29,-2.02,
2015-12-13,-4.77,-1.75,-1.01,
2015-12-14,-4.86,-8.23,-2.37,
2015-12-15,-5.18,-7.66,-3.89,
2015-12-16,-5.96,-8.99,-4.02,
2015-12-17,-10.02,-14.66,-7.02,
2015-12-18,-15.63,-17.69,-13.76,
2015-12-19,-10.86,-12.34,-4.41,
2015-12-20,-6.07,-9.07,-7.27,
2015-12-21,-5.88,-8.33,-2.01,
2015-12-22,-7.92,-12.74,-6.51,
2015-12-23,-9.58,-11.56,-9.0,
2015-12-24,-8.76,-10.53,-6.18,
2015-12-25,-13.54,-21.71,-6.11,
2015-12-26,-18.79,-22.83,-12.32,
2015-12-27,-16.89,-24.24,-12.41,
2015-12-28,-12.96,-13.14,-6.82,
2015-12-29,-13.84,-16.87,-10.39,
2015-12-30,-12.37,-14.63,-10.45,
2016-01-01,-6.67,-8.71,-5.01,
2016-01-02,-6.19,-8.32,-3.06,
2016-01-03,-12.54,-18.27,-2.29,
2016-01-04,-8.89,-12.18,-4.07,
2016-01-05,-9.77,-11.21,-3.96,
2016-01-06,-8.89,-9.73,-4.4,
2016-01-07,-6.49,-8.96,-6.52,
2016-01-08,-15.1,-19.69,-7.99,
2016-01-09,-20.51,-25.7,-17.58,
2016-01-10,-19.28,-23.1,-13.97,
2016-01-12,-14.34,-23.52,-6.42,
2016-01-13,-7.01,-8.88,-2.77,
2016-01-14,-9.33,-13.58,-2.24,
2016-01-15,-13.99,-19.94,-10.36,
2016-01-16,-26.3,-29.95,-19.2,
2016-01-17,-21.9,-23.53,-20.05,
2016-01-18,-20.27,-27.89,-13.52,
2016-01-19,-10.17,-15.8,-6.84,
2016-01-20,-10.81,-15.82,-6.51,
2016-01-21,-10.53,-17.81,-6.53,
2016-01-23,0.42,-5.03,5.12,
2016-01-24,-4.98,-5.83,-3.69,
2016-01-25,-3.83,-6.66,-3.71,
2016-01-26,-7.71,-10.03,-2.14,
2016-01-27,0.16,-3.08,3.38,
2016-01-28,-2.2,-9.99,3.97,
2016-01-29,2.82,-2.37,4.45,
2016-01-30,-1.61,-4.55,2.74,
2016-02-01,-3.87,-9.54,-0.03,
2016-02-02,-9.14,-12.77,-1.88,
2016-02-03,-7.29,-13.79,-2.1,
2016-02-04,-6.94,-13.71,-1.82,
2016-02-05,-5.08,-10.2,2.04,
2016-02-06,2.9,-4.71,8.92,
2016-02-07,-3.62,-5.09,1.18,
2016-02-08,-3.57,-5.89,-0.28,
2016-02-09,-2.16,-7.19,0.54,
2016-02-10,-5.6,-10.36,-2.45,
2016-02-11,-9.73,-9.0,-7.7,
2016-02-12,-14.95,-20.87,-9.86,
2016-02-13,-10.95,-12.06,-7.53,
2016-02-14,-1.28,-8.2,0.29,
2016-02-15,-3.07,-5.67,1.84,
2016-02-17,-1.2,-7.01,0.2,
2016-02-18,-1.09,-2.16,0.25,
2016-02-19,3.07,-0.04,7.02,
2016-02-20,-0.72,-1.79,4.4,
2016-02-21,-4.8,-8.46,-2.07,
2016-02-22,0.66,-8.58,6.52,
2016-02-23,-1.16,-3.99,5.03,
2016-02-24,-3.54,-4.63,0.17,
2016-02-25,-5.9,-11.18,1.59,
2016-02-28,1.09,-4.19,7.52,
2016-02-29,-13.58,-15.46,-8.37,
2016-03-01,-9.14,-17.86,-2.43,
2016-03-02,-3.04,-4.91,-0.17,
2016-03-03,-2.97,-4.81,-0.24,
2016-03-04,1.12,-6.91,3.01,
2016-03-05,1.44,-6.72,16.12,
2016-03-06,8.5,-0.9,18.19,
2016-03-08,-0.89,-5.29,3.16,
2016-03-09,1.19,-6.69,10.14,
2016-03-10,4.78,-5.74,14.88,
2016-03-11,7.44,3.38,15.53,
2016-03-12,9.86,-2.19,16.92,
2016-03-14,7.8,-0.89,18.32,
2016-03-15,2.08,-3.63,7.0,
2016-03-16,-1.0,-3.62,0.96,
2016-03-17,-3.71,-7.99,-5.96,
2016-03-18,-6.49,-4.75,-3.61,
2016-03-19,-4.77,-8.65,2.19,
2016-03-20,-2.07,-9.93,7.99,
2016-03-21,0.5,-7.16,5.63,
2016-03-22,-2.28,-4.06,0.45,
2016-03-23,-2.49,-6.71,1.82,
2016-03-24,2.92,-8.21,14.23,
2016-03-25,-3.81,-7.21,5.33,
2016-03-26,-2.15,-10.08,10.51,
2016-03-27,5.14,-2.1,9.31,
2016-03-28,3.5,-3.4,11.05,
2016-03-29,4.79,0.7,9.15,
2016-03-30,3.78,-3.44,10.97,
2016-04-01,0.94,-8.92,11.88,
2016-04-02,6.5,-6.79,20.53,
2016-04-03,7.38,-3.62,13.28,
2016-04-04,3.3,-6.11,11.59,
2016-04-05,6.23,0.7,15.0,
2016-04-06,1.72,-3.84,11.77,
2016-04-07,2.33,-4.73,8.16,
2016-04-08,0.71,-7.94,4.32,
2016-04-09,5.85,-1.81,19.86,
2016-04-10,-0.23,-5.98,3.63,
2016-04-11,-2.32,-13.07,3.31,
2016-04-12,5.15,-1.11,13.7,
2016-04-13,9.25,-2.42,20.48,
2016-04-14,13.37,4.09,17.82,
2016-04-16,0.44,1.43,-0.7,
2016-04-17,-0.24,0.19,1.55,
2016-04-18,4.07,0.82,10.4,
2016-04-19,8.47,3.74,9.24,
2016-04-20,11.69,4.68,19.65,
2016-04-21,4.79,-1.44,11.24,
2016-04-22,8.49,-1.14,18.21,
2016-04-23,9.5,0.76,17.35,
2016-04-24,5.06,2.73,5.96,
2016-04-25,3.56,1.12,10.2,
2016-04-27,5.05,4.62,10.58,
2016-04-28,6.31,0.5,13.42,
2016-04-29,8.73,0.23,17.5,
2016-04-30,9.06,1.62,16.26,
2016-05-01,10.01,2.82,17.11,
2016-05-02,15.02,9.6,19.44,
2016-05-03,16.71,5.46,23.34,
2016-05-04,15.93,6.08,26.31,
2016-05-05,21.95,12.61,29.16,
2016-05-06,14.8,10.61,20.72,
2016-05-07,12.46,4.68,21.55,
2016-05-08,14.97,6.99,22.82,
2016-05-09,16.69,7.86,22.78,
2016-05-10,11.51,5.84,15.33,
2016-05-11,6.53,2.66,9.22,
2016-05-12,2.19,-1.28,7.11,
2016-05-13,5.98,-0.24,10.51,
2016-05-14,8.61,0.74,16.26,
2016-05-15,9.98,1.99,20.13,
2016-05-16,12.11,4.09,18.14,
2016-05-17,14.92,3.97,21.78,
2016-05-19,18.18,8.81,25.9,
2016-05-20,17.77,11.67,24.92,
2016-05-21,14.56,10.63,23.59,
2016-05-22,19.46,14.79,23.56,
2016-05-23,15.72,7.74,22.94,
2016-05-24,13.14,5.59,19.74,
2016-05-25,13.4,11.61,16.95,
2016-05-27,14.51,9.47,16.88,
2016-05-28,14.67,12.05,18.39,
2016-05-29,16.64,8.51,21.26,
2016-05-30,10.63,6.57,16.58,
2016-05-31,9.38,9.02,11.55,
2016-06-01,11.47,6.82,17.98,
2016-06-02,15.95,7.64,23.84,
2016-06-03,16.31,10.48,22.84,
2016-06-04,20.31,10.78,24.26,
2016-06-05,18.59,11.51,24.19,
2016-06-06,14.25,9.12,20.65,
2016-06-08,20.65,12.07,27.71,
2016-06-09,21.86,12.75,33.06,
2016-06-10,22.29,14.1,27.22,
2016-06-11,16.06,13.25,22.0,
2016-06-12,18.48,13.7,22.26,
2016-06-15,16.84,10.4,24.54,
2016-06-16,21.74,17.88,29.0,
2016-06-17,18.66,14.55,23.56,
2016-06-18,21.7,11.19,27.18,
2016-06-19,22.03,15.12,22.65,
2016-06-20,16.46,7.9,23.54,
2016-06-21,18.65,7.63,26.91,
2016-06-22,15.11,12.72,18.42,
2016-06-23,16.78,7.82,22.69,
2016-06-24,21.61,12.94,26.21,
2016-06-25,15.97,14.73,21.15,
2016-06-26,16.6,11.9,18.65,
2016-06-27,14.66,10.64,20.1,
2016-06-28,18.1,8.68,24.93,
2016-06-29,20.95,12.44,24.84,
2016-06-30,16.08,11.98,19.67,
2016-07-01,13.21,5.35,20.82,
2016-07-02,20.5,15.13,26.25,
2016-07-03,21.22,18.78,24.96,
2016-07-04,20.85,12.21,26.02,
2016-07-05,16.2,11.34,26.12,
2016-07-06,15.1,7.76,23.33,
2016-07-07,13.93,13.64,21.45,
2016-07-08,16.64,8.61,23.88,
2016-07-09,22.97,16.71,27.25,
2016-07-10,20.38,17.64,28.37,
2016-07-11,19.71,17.61,24.74,
2016-07-12,17.21,12.66,21.81,
2016-07-13,16.29,16.94,20.91,
2016-07-15,16.11,9.81,22.78,
2016-07-16,16.94,14.6,20.76,
2016-07-17,18.89,15.86,27.32,
2016-07-18,21.08,13.54,27.34,
2016-07-19,23.5,17.63,31.28,
2016-07-20,25.14,16.02,31.71,
2016-07-21,23.99,15.59,30.78,
2016-07-22,20.37,13.87,28.72,
2016-07-24,19.68,13.68,27.67,
2016-07-25,22.72,13.27,30.21,
2016-07-26,19.96,13.36,24.74,
2016-07-27,16.96,13.11,22.74,
2016-07-28,17.3,13.04,23.33,
2016-07-29,17.19,10.02,24.41,
2016-07-30,20.59,12.2,28.51,
2016-07-31,23.41,17.97,30.44,
2016-08-01,21.84,15.49,24.66,
2016-08-02,19.05,10.92,29.12,
2016-08-03,22.93,14.45,33.7,
2016-08-04,17.52,16.06,22.6,
2016-08-05,19.05,10.35,29.58,
2016-08-06,17.24,10.06,30.53,
2016-08-07,23.29,15.55,27.07,
2016-08-08,24.34,16.78,32.21,
2016-08-09,18.15,12.25,24.35,
2016-08-10,18.17,12.33,24.23,
2016-08-11,19.77,13.67,27.49,
2016-08-12,16.52,11.45,23.68,
2016-08-13,18.94,10.93,25.32,
2016-08-15,21.65,11.37,30.64,
2016-08-16,22.24,13.09,31.29,
2016-08-17,23.69,14.21,31.92,
2016-08-18,18.9,13.88,24.26,
2016-08-19,15.51,13.54,18.44,
2016-08-20,15.68,8.36,20.22,
2016-08-21,18.39,6.55,29.34,
2016-08-22,22.58,12.43,34.16,
2016-08-23,20.25,14.9,25.5,
2016-08-24,14.94,10.67,19.02,
2016-08-25,14.81,9.53,22.06,
2016-08-27,16.89,8.41,24.55,
2016-08-28,21.76,12.41,32.34,
2016-08-29,16.26,11.25,25.36,
2016-08-30,19.74,11.13,27.03,
2016-08-31,22.49,14.7,31.35,
2016-09-01,23.91,17.85,29.96,
2016-09-02,20.17,17.01,26.8,
2016-09-03,19.08,12.1,20.74,
2016-09-04,14.22,11.39,16.61,
2016-09-05,10.96,9.23,14.36,
2016-09-06,12.03,9.97,16.46,
2016-09-07,11.74,10.54,17.45,
2016-09-08,10.61,4.22,20.21,
2016-09-09,12.05,6.99,19.15,
2016-09-10,13.16,4.89,20.22,
2016-09-11,17.82,7.85,26.55,
2016-09-12,11.04,7.16,12.62,
2016-09-13,7.95,-0.14,13.07,
2016-09-15,14.16,9.38,19.14,
2016-09-16,12.56,7.63,18.44,
2016-09-18,18.76,12.06,24.67,
2016-09-19,14.19,5.04,20.83,
2016-09-20,13.66,5.85,22.92,
2016-09-21,12.31,10.99,15.06,
2016-09-22,10.54,9.87,17.41,
2016-09-23,12.28,7.23,13.39,
2016-09-24,14.56,13.05,18.93,
2016-09-25,12.39,6.53,15.92,
2016-09-26,10.5,2.83,19.16,
2016-09-27,11.31,1.39,23.85,
2016-09-28,12.66,6.42,21.42,
2016-09-29,13.35,6.36,19.92,
2016-09-30,13.2,10.85,13.32,
2016-10-01,15.5,6.97,22.56,
2016-10-02,14.44,10.52,22.77,
2016-10-03,12.71,12.49,16.26,
2016-10-04,12.12,6.2,15.21,
2016-10-05,2.74,-0.19,6.87,
2016-10-06,1.44,-0.21,2.12,
2016-10-07,-0.68,-0.34,3.75,
2016-10-08,2.32,1.91,5.31,
2016-10-09,9.72,2.66,17.85,
2016-10-10,2.61,0.56,7.65,
2016-10-11,0.04,-1.5,0.27,
2016-10-22,6.64,-2.34,14.22,
2016-10-23,3.4,1.95,9.34,
2016-10-24,3.01,0.85,11.77,
2016-10-25,4.15,3.2,9.4,
2016-10-26,9.23,2.75,17.26,
2016-10-27,9.57,4.65,16.51,
2016-10-28,10.25,4.98,11.74,
2016-10-29,3.71,-3.21,6.06,
2016-10-30,7.19,-0.28,10.84,
2016-10-31,5.53,6.18,7.55,
2016-11-02,3.89,-2.18,14.16,
2016-11-03,6.71,1.86,16.27,
2016-11-04,9.93,2.35,17.96,
2016-11-05,9.68,-0.49,18.69,
2016-11-06,6.51,1.82,18.67,
2016-11-07,6.26,0.79,12.06,
2016-11-08,6.14,-3.23,10.48,
2016-11-09,8.45,2.46,19.52,
2016-11-10,8.48,3.28,9.77,
2016-11-11,2.18,-6.6,10.62,
2016-11-12,9.15,4.69,18.73,
2016-11-13,5.95,-2.02,12.74,
2016-11-14,5.78,-0.8,16.46,
2016-11-15,4.75,1.46,9.62,
2016-11-16,5.8,2.13,9.59,
2016-11-17,-0.91,-4.13,2.07,
2016-11-18,-5.38,-9.7,-0.58,
2016-11-19,-6.31,-12.46,2.44,
2016-11-20,-1.76,-5.65,1.2,
2016-11-21,-1.71,-7.29,7.4,
2016-11-23,-0.48,-1.11,-0.21,
2016-11-24,-1.0,-2.53,0.73,
2016-11-25,-2.66,-7.75,7.39,
2016-11-26,-1.54,-4.49,9.6,
2016-11-27,-0.27,-2.62,2.41,
2016-11-28,-2.27,-2.85,-3.26,
2016-11-29,-2.44,-2.73,-3.5,
2016-11-30,-4.37,-5.3,-4.28,
2016-12-01,-2.92,-2.69,-1.44,
2016-12-02,-3.7,-6.44,-1.56,
2016-12-04,-4.83,-7.85,0.68,
2016-12-05,-6.06,-9.89,-3.95,
2016-12-06,-13.96,-15.67,-10.76,
2016-12-07,-15.9,-18.53,-15.9,
2016-12-08,-19.12,-26.33,-14.94,
2016-12-09,-26.73,-28.28,-22.29,
2016-12-10,-24.01,-29.61,-20.34,
2016-12-11,-21.97,-25.48,-18.51,
2016-12-12,-19.41,-22.8,-17.14,
2016-12-13,-18.26,-23.95,-14.8,
2016-12-14,-20.84,-24.24,-20.06,
2016-12-15,-20.15,-26.76,-15.82,
2016-12-16,-21.38,-26.78,-17.09,
2016-12-18,-17.35,-28.5,-6.1,
2016-12-19,-1.98,-5.68,0.46,
2016-12-20,-2.76,-5.8,-1.3,
2016-12-21,-1.2,-6.23,-0.02,
2016-12-22,-3.67,-5.72,-2.11,
2016-12-23,-8.51,-10.36,-3.06,
2016-12-24,-11.9,-17.77,-7.58,
2016-12-26,-15.07,-16.15,-12.69,
2016-12-27,-13.24,-20.24,-6.17,
2016-12-28,-3.56,-6.5,-2.44,
2016-12-29,-7.87,-11.31,-8.07,
2016-12-30,-4.99,-14.04,-1.99,
2017-01-01,-11.85,-14.88,-7.55,
2017-01-02,-13.54,-18.24,-14.41,
2017-01-03,-23.26,-26.74,-19.09,
2017-01-04,-21.91,-27.88,-19.6,
2017-01-05,-21.27,-26.15,-16.51,
2017-01-06,-18.56,-23.52,-18.35,
2017-01-07,-24.13,-25.33,-20.76,
2017-01-08,-19.44,-23.11,-19.97,
2017-01-09,-17.37,-22.53,-14.87,
2017-01-10,-18.84,-19.81,-12.68,
2017-01-11,-25.06,-28.13,-20.83,
2017-01-13,-18.97,-30.52,-13.27,
2017-01-14,-15.02,-20.78,-11.04,
2017-01-15,-10.39,-14.95,-8.66,
2017-01-16,-8.57,-11.35,-7.9,
2017-01-17,-5.04,-9.59,-1.27,
2017-01-18,0.16,-0.58,5.09,
2017-01-19,-3.52,-5.75,3.64,
2017-01-20,-6.53,-9.33,-0.11,
2017-01-21,-5.4,-10.13,-2.57,
2017-01-22,-1.04,-5.0,-0.79,
2017-01-23,-3.67,-5.62,-2.22,
2017-01-24,-7.25,-8.74,-5.37,
2017-01-25,-9.64,-10.8,-8.05,
2017-01-28,-2.3,-2.5,4.76,
2017-01-29,-0.13,-2.53,1.36,
2017-01-30,0.25,-1.46,1.09,
2017-01-31,-6.24,-15.23,0.01,
2017-02-01,-17.3,-19.07,-12.24,
2017-02-02,-17.69,-20.54,-12.18,
2017-02-03,-15.18,-18.12,-8.83,
2017-02-04,-11.53,-17.08,-10.75,
2017-02-05,-14.36,-23.16,-12.56,
2017-02-06,-15.78,-17.41,-13.56,
2017-02-07,-22.34,-26.99,-18.49,
2017-02-08,-25.81,-29.56,-21.37,
2017-02-09,-16.85,-23.34,-7.13,
2017-02-10,-0.33,-2.45,4.25,
2017-02-11,-1.16,-6.38,3.2,
2017-02-12,-4.2,-7.36,1.4,
2017-02-13,-0.31,-5.13,-0.31,
2017-02-14,-3.4,-7.81,1.63,
2017-02-15,-0.07,-6.63,3.16,
2017-02-16,2.37,-0.84,6.02,
2017-02-17,3.86,-0.32,6.29,
2017-02-18,0.43,-4.05,0.93,
2017-02-19,-0.56,-0.23,1.97,
2017-02-20,1.59,-2.05,6.89,
2017-02-21,2.34,-0.39,4.87,
2017-02-22,-1.56,-3.88,-0.28,
2017-02-23,-5.91,-11.04,-1.63,
2017-02-24,-6.6,-8.48,-1.23,
2017-02-25,-8.55,-16.14,-6.31,
2017-02-26,-12.35,-20.49,-7.05,
2017-02-27,-13.68,-18.17,-10.1,
2017-02-28,-13.23,-20.26,-7.85,
2017-03-02,-12.55,-22.11,-5.55,
2017-03-03,-5.17,-13.55,-0.76,
2017-03-04,-0.96,-3.35,5.96,
2017-03-05,0.76,0.31,5.2,
2017-03-06,-4.63,-9.74,-0.01,
2017-03-07,-8.88,-12.5,-7.21,
2017-03-08,-12.93,-14.93,-8.2,
2017-03-09,-16.15,-20.73,-10.83,
2017-03-10,-18.83,-21.73,-16.13,
2017-03-11,-18.09,-18.94,-14.4,
2017-03-13,-16.26,-24.18,-12.08,
2017-03-14,-8.15,-10.83,-5.79,
2017-03-15,-3.69,-6.22,0.87,
2017-03-16,1.51,0.13,4.12,
2017-03-17,0.52,-4.56,1.17,
2017-03-18,0.61,-4.3,5.8,
2017-03-19,4.31,0.4,7.16,
2017-03-20,2.49,-4.05,5.61,
2017-03-23,5.0,-0.89,11.54,
2017-03-24,-0.26,-2.46,6.46,
2017-03-25,5.38,-0.33,14.68,
2017-03-26,6.17,1.75,17.39,
2017-03-27,4.64,-0.61,9.5,
2017-03-28,3.8,0.04,11.9,
2017-03-29,4.55,-1.97,13.46,
2017-03-30,6.44,2.9,13.72,
2017-03-31,3.99,2.13,6.63,
2017-04-01,6.47,1.86,13.19,
2017-04-02,8.84,1.54,15.55,
2017-04-03,5.28,-3.56,14.44,
2017-04-04,4.09,2.86,10.01,
2017-04-05,3.95,-0.25,7.86,
2017-04-07,12.74,4.99,20.2,
2017-04-08,12.42,9.91,19.79,
2017-04-09,2.8,0.52,11.12,
2017-04-10,0.51,-6.3,5.59,
2017-04-11,4.58,-1.74,15.19,
2017-04-12,5.41,-1.27,13.73,
2017-04-13,12.06,4.18,17.98,
2017-04-14,12.74,6.66,17.97,
2017-04-15,5.77,-2.01,9.0,
2017-04-16,0.3,-4.15,2.01,
2017-04-17,-0.37,-8.88,7.6,
2017-04-18,5.19,1.32,7.89,
2017-04-19,5.49,-0.19,10.89,
2017-04-20,7.67,4.32,13.93,
2017-04-21,7.25,-0.7,16.0,
2017-04-22,4.49,0.62,6.72,
2017-04-23,-1.83,-2.3,2.03,
2017-04-24,-2.12,-2.11,0.58,
2017-04-25,0.72,-1.8,3.8,
2017-04-26,0.79,-3.13,8.15,
2017-04-27,2.08,-7.05,9.31,
2017-04-28,5.5,-2.79,12.72,
2017-04-29,8.0,1.86,15.41,
2017-04-30,10.9,-0.09,17.53,
2017-05-01,7.87,4.94,8.3,
2017-05-02,7.15,5.58,14.62,
2017-05-03,10.26,3.78,17.47,
2017-05-04,14.28,3.63,24.13,
2017-05-05,18.66,9.91,25.93,
2017-05-06,19.63,8.53,27.09,
2017-05-08,13.94,9.37,19.41,
2017-05-09,13.05,3.14,20.24,
2017-05-10,10.61,3.2,17.48,
2017-05-11,14.28,4.74,24.53,
2017-05-12,14.16,9.51,22.64,
2017-05-13,16.87,6.94,30.1,
2017-05-14,15.26,8.56,18.79,
2017-05-15,11.97,5.07,17.23,
2017-05-16,13.63,5.5,15.63,
2017-05-18,6.49,0.33,13.44,
2017-05-19,8.14,0.6,15.65,
2017-05-20,10.66,4.81,16.44,
2017-05-21,11.59,1.58,20.4,
2017-05-22,11.76,10.98,18.67,
2017-05-23,10.72,2.1,20.14,
2017-05-24,14.63,10.02,22.96,
2017-05-26,12.61,9.45,16.6,
2017-05-28,12.21,5.16,21.42,
2017-05-29,13.03,7.28,16.19,
2017-05-30,9.79,5.19,17.68,
2017-05-31,12.92,2.39,21.93,
2017-06-01,22.13,8.62,29.71,
2017-06-02,21.32,13.37,30.25,
2017-06-03,20.06,11.28,27.38,
2017-06-04,20.56,7.4,30.32,
2017-06-05,20.71,15.1,31.13,
2017-06-06,17.03,11.47,24.35,
2017-06-07,18.45,10.57,24.31,
2017-06-08,19.68,9.74,26.26,
2017-06-09,23.4,17.49,28.36,
2017-06-10,19.11,13.09,24.73,
2017-06-11,21.38,12.66,23.13,
2017-06-12,18.06,7.1,26.34,
2017-06-13,17.2,12.49,18.86,
2017-06-14,14.07,12.02,17.95,
2017-06-15,16.34,9.94,22.47,
2017-06-16,16.34,9.74,21.02,
2017-06-17,14.99,8.11,17.97,
2017-06-20,16.58,5.52,21.62,
2017-06-21,18.43,12.24,23.82,
2017-06-22,14.16,12.22,19.4,
2017-06-23,12.19,7.48,16.22,
2017-06-24,12.63,4.6,18.35,
2017-06-25,14.0,5.59,19.83,
2017-06-26,16.14,5.01,23.14,
2017-06-27,21.51,14.68,27.01,
2017-06-28,19.82,9.63,26.29,
2017-06-29,17.67,11.13,22.14,
2017-06-30,14.91,5.67,21.6,
2017-07-01,18.41,13.56,23.41,
2017-07-02,17.76,6.93,26.92,
2017-07-03,23.89,12.47,33.01,
2017-07-05,24.97,18.45,33.69,
2017-07-06,23.29,16.36,26.57,
2017-07-07,19.95,12.77,28.71,
2017-07-08,22.69,13.84,35.12,
2017-07-09,23.22,18.88,28.32,
2017-07-10,24.24,13.68,31.93,
2017-07-11,23.13,18.39,27.51,
2017-07-12,16.47,10.84,21.29,
2017-07-13,19.38,10.01,26.25,
2017-07-14,24.5,13.55,35.88,
2017-07-15,19.0,15.4,25.66,
2017-07-16,24.65,16.36,36.51,
2017-07-17,22.82,17.83,25.89,
2017-07-19,20.11,15.95,31.89,
2017-07-20,22.82,16.87,30.79,
2017-07-21,24.17,16.71,30.4,
2017-07-22,20.1,13.44,26.42,
2017-07-23,21.57,9.58,28.56,
2017-07-24,25.7,18.55,33.28,
2017-07-25,21.36,15.71,29.31,
2017-07-26,20.85,11.19,27.64,
2017-07-28,23.55,17.23,29.6,
2017-07-29,25.46,19.38,30.42,
2017-07-30,23.54,13.3,31.85,
2017-07-31,22.99,17.0,30.22,
2017-08-01,18.36,12.38,26.76,
2017-08-02,16.85,11.08,18.14,
2017-08-03,15.38,5.81,22.44,
2017-08-05,15.65,14.1,17.21,
2017-08-06,17.25,11.09,22.63,
2017-08-07,17.43,8.31,24.35,
2017-08-08,17.13,10.51,27.3,
2017-08-09,16.61,11.41,18.39,
2017-08-10,17.03,9.89,23.22,
2017-08-11,18.94,8.99,25.43,
2017-08-12,16.56,14.01,19.23,
2017-08-13,15.81,10.04,25.16,
2017-08-14,18.38,10.9,23.64,
2017-08-15,19.77,16.9,22.62,
2017-08-16,19.54,10.7,26.54,
2017-08-18,19.3,9.72,27.55,
2017-08-19,19.34,13.62,30.0,
2017-08-20,18.1,8.62,24.48,
2017-08-21,16.95,10.69,20.38,
2017-08-22,15.29,7.41,22.61,
2017-08-23,20.39,11.41,29.3,
2017-08-24,17.76,10.33,28.64,
2017-08-25,18.7,14.47,22.34,
2017-08-26,18.49,11.14,27.25,
2017-08-29,21.37,8.8,32.18,
2017-08-30,21.3,13.87,28.33,
2017-08-31,21.22,13.84,31.27,
2017-09-01,19.07,17.87,24.76,
2017-09-02,17.02,8.89,26.44,
2017-09-04,14.59,9.39,20.7,
2017-09-05,12.31,5.25,17.42,
2017-09-06,15.67,6.87,24.31,
2017-09-07,15.71,7.72,28.47,
2017-09-08,15.54,9.47,24.59,
2017-09-09,20.59,11.98,30.17,
2017-09-10,22.64,14.29,31.32,
2017-09-11,17.78,7.81,28.68,
2017-09-13,15.96,8.15,24.61,
2017-09-14,11.42,9.91,17.04,
2017-09-15,6.12,4.49,8.28,
2017-09-16,5.08,4.32,7.99,
2017-09-19,17.19,9.61,16.65,
2017-09-20,11.5,3.99,17.88,
2017-09-22,8.15,4.93,11.36,
2017-09-23,7.99,5.22,10.42,
2017-09-27,12.12,4.69,21.45,
2017-09-28,12.74,7.97,21.34,
2017-09-29,12.67,5.88,18.73,
2017-10-03,4.77,-1.16,5.58,
2017-10-04,5.56,0.87,11.23,
2017-10-06,7.47,-3.06,17.77,
2017-10-07,10.56,6.07,19.33,
2017-10-10,8.33,1.15,19.46,
2017-10-11,5.63,1.23,13.26,
2017-10-12,4.88,-1.81,6.3,
2017-10-13,1.37,-7.85,12.48,
2017-10-14,3.34,-1.65,7.3,
2017-10-17,11.87,5.36,25.45,
2017-10-18,9.68,2.13,17.64,
2017-10-19,12.9,1.44,24.96,
2017-10-20,12.19,1.8,20.48,
2017-10-21,9.7,3.11,13.6,
2017-10-24,5.8,0.19,14.72,
2017-10-25,8.31,3.38,16.23,
2017-10-26,-0.06,-6.35,7.72,
2017-10-27,-2.25,-10.63,5.36,
2017-10-28,2.66,-5.48,11.94,
2017-10-31,-4.28,-8.67,3.26,
2017-11-01,-2.8,-3.17,0.72,
2017-11-02,-1.92,-3.58,-0.92,
2017-11-03,-4.2,-4.86,0.59,
2017-11-05,-11.96,-14.08,-7.59,
2017-11-07,-10.27,-17.24,-3.24,
2017-11-10,-7.77,-12.42,1.31,
2017-11-11,-6.86,-13.2,-3.48,
2017-11-14,0.64,-7.45,7.5,
2017-11-15,-11.23,-13.77,-7.57,
2017-11-16,-5.32,-10.07,0.0,
2017-11-17,-8.4,-10.44,-0.57,
2017-11-18,-7.92,-13.57,-3.57,
2017-11-21,-13.25,-16.93,-13.15,
2017-11-22,-2.54,-10.41,8.73,
2017-11-23,6.59,-7.45,17.01,
2017-11-24,4.52,-3.13,9.71,
2017-11-25,-0.05,-3.84,7.39,
2017-11-29,0.6,-1.57,8.34,
2017-11-30,-0.68,-5.51,2.96,
2017-12-01,0.09,-5.41,6.43,
2017-12-02,-0.34,-5.48,4.31,
2017-12-05,-6.57,-13.05,-3.92,
2017-12-07,-5.59,-12.62,-0.83,
2017-12-08,-3.16,-8.04,0.12,
2017-12-09,-2.05,-9.76,5.15,
2017-12-12,0.57,-3.3,6.15,
2017-12-13,-0.91,-4.69,4.39,
2017-12-14,-0.94,-0.79,0.21,
2017-12-15,0.04,-4.36,4.74,
2017-12-19,-5.42,-7.68,-2.31,
2017-12-20,-11.27,-13.89,-8.21,
2017-12-21,-16.64,-25.25,-8.8,
2017-12-22,-10.66,-12.68,-5.39,
2017-12-27,-24.67,-32.74,-15.07,
2017-12-28,-23.7,-25.8,-15.73,
2017-12-29,-24.96,-31.41,-19.61,
2018-01-02,-16.21,-24.99,-6.64,
2018-01-03,-13.62,-16.83,-8.67,
2018-01-04,-14.1,-14.84,-12.72,
2018-01-06,-4.45,-9.93,0.99,
2018-01-09,-0.65,-8.36,2.33,
2018-01-10,-15.75,-19.92,-0.27,
2018-01-11,-23.03,-26.65,-19.35,
2018-01-12,-27.29,-30.44,-21.74,
2018-01-16,-19.3,-27.53,-11.02,
2018-01-17,-4.42,-13.76,0.99,
2018-01-18,-0.29,-6.07,2.75,
2018-01-19,3.53,-2.53,3.61,
2018-01-20,-1.77,-8.29,-0.83,
2018-01-23,-8.47,-10.32,-6.34,
2018-01-24,-7.65,-13.34,-0.05,
2018-01-25,-7.41,-11.65,-2.45,
2018-01-26,-6.15,-10.76,-1.06,
2018-01-30,-3.54,-6.05,4.93,
2018-02-01,-19.85,-26.66,-17.6,
2018-02-02,-15.68,-21.35,-7.3,
2018-02-06,-19.52,-27.31,-13.56,
2018-02-07,-18.59,-24.33,-13.32,
2018-02-08,-18.45,-22.79,-17.4,
2018-02-13,-11.75,-19.34,-5.02,
2018-02-14,-0.44,-3.8,3.18,
2018-02-15,-15.31,-20.68,-1.92,
2018-02-16,-13.55,-19.05,-3.48,
2018-02-20,-19.17,-23.69,-13.98,
2018-02-21,-18.44,-20.99,-11.91,
2018-02-22,-17.91,-25.13,-10.48,
2018-02-27,-9.48,-16.47,-1.06,
2018-02-28,-6.44,-10.58,-2.84,
2018-03-01,-7.33,-15.96,3.73,
2018-03-02,-4.82,-7.9,-1.74,
2018-03-03,-4.78,-7.48,-0.15,
2018-03-06,-9.89,-9.98,-9.49,
2018-03-07,-13.17,-16.64,-7.87,
2018-03-08,-14.37,-19.64,-9.04,
2018-03-09,-8.64,-11.86,-5.53,
2018-03-10,-5.47,-10.46,-4.77,
2018-03-13,-5.49,-12.05,4.44,
2018-03-14,-4.76,-13.08,-1.08,
2018-03-15,-6.04,-12.81,-2.78,
2018-03-16,-7.53,-13.49,-1.68,
2018-03-20,-2.6,-3.81,2.11,
2018-03-21,0.07,-4.37,0.61,
2018-03-22,-3.2,-8.12,0.75,
2018-03-23,-0.75,-2.98,-0.42,
2018-03-24,0.11,-1.53,0.44,
2018-03-29,-6.02,-9.58,0.69,
2018-03-30,-14.32,-22.05,-11.3,
2018-04-03,-11.76,-16.61,-6.47,
2018-04-04,-10.52,-15.01,-3.61,
2018-04-05,-9.88,-14.17,-5.43,
2018-04-06,-18.28,-21.96,-11.29,
2018-04-07,-14.12,-19.6,-5.91,
2018-04-11,-0.04,-3.02,1.7,
2018-04-12,-1.76,-1.72,-0.99,
2018-04-13,-4.26,-6.14,-0.42,
2018-04-17,0.54,-2.4,3.33,
2018-04-18,0.75,0.42,4.8,
2018-04-19,2.06,0.23,6.17,
2018-04-20,4.29,1.27,12.12,
2018-04-25,9.65,2.59,19.78,
2018-04-26,10.13,0.66,20.96,
2018-04-27,8.49,-0.46,13.36,
2018-04-28,11.2,-0.5,20.74,
2018-04-29,15.04,8.34,26.9,
2018-04-30,8.93,4.42,14.34,
2018-05-01,5.59,1.18,12.21,
2018-05-03,13.53,1.78,23.25,
2018-05-04,16.69,6.61,23.92,
2018-05-05,15.54,7.02,22.78,
2018-05-06,17.95,8.82,26.27,
2018-05-07,16.05,8.61,25.83,
2018-05-16,19.67,11.99,28.29,
2018-05-17,12.54,9.78,17.48,
2018-05-18,9.96,5.92,16.26,
2018-05-20,11.63,3.57,22.27,
2018-05-23,20.12,10.22,24.31,
2018-05-24,19.71,12.61,25.19,
2018-05-26,21.39,10.3,31.27,
2018-05-27,20.65,15.28,25.22,
2018-05-28,19.48,15.44,24.4,
2018-05-30,20.33,13.72,23.3,
2018-05-31,16.29,13.73,19.86,
2018-06-01,16.88,11.28,21.85,
2018-06-02,11.89,9.27,16.84,
2018-06-04,19.54,11.59,29.55,
2018-06-07,20.09,15.02,25.39,
2018-06-08,21.05,17.46,28.62,
2018-06-09,21.42,11.55,29.04,
2018-06-10,23.24,16.59,28.47,
2018-06-11,15.36,9.64,18.52,
2018-06-14,19.38,11.38,25.61,
2018-06-15,16.25,10.87,21.53,
2018-06-16,14.59,12.76,16.17,
2018-06-17,15.88,14.71,21.08,
2018-06-18,19.06,11.83,23.6,
2018-06-19,18.65,15.86,23.83,
2018-06-20,19.28,14.08,26.58,
2018-06-22,19.39,14.08,27.51,
2018-07-27,14.76,8.64,23.84,
2018-07-28,15.21,6.13,24.2,
2018-07-29,16.43,8.96,26.87,
2018-07-30,20.18,10.55,30.06,
2018-07-31,17.61,12.11,20.67,
2018-08-01,16.75,10.3,22.1,
2018-08-02,20.94,10.68,30.32,
2018-08-03,24.93,13.13,34.04,
2018-08-04,22.09,18.28,27.73,
2018-08-05,18.1,13.33,25.71,
2018-08-06,19.42,12.63,26.78,
2018-08-07,21.8,12.78,30.68,
2018-08-08,21.77,13.94,27.44,
2018-08-09,22.11,12.34,29.62,
2018-08-10,23.72,14.97,33.35,
2018-08-11,26.83,15.29,36.88,
2018-08-12,28.01,19.71,38.68,
2018-08-13,16.52,14.8,23.78,
2018-08-14,13.89,7.0,24.07,
2018-08-15,20.0,9.87,27.86,
2018-08-16,22.13,13.32,23.95,
2018-08-17,20.93,11.07,28.49,
2018-08-18,24.26,17.83,29.55,
2018-08-20,14.8,6.66,20.87,
2018-08-22,17.6,13.55,26.18,
2018-08-24,18.67,11.35,26.98,
2018-08-25,14.86,8.41,20.48,
2018-08-26,11.29,6.57,19.91,
2018-08-27,9.18,10.01,11.2,
2018-08-28,11.47,11.29,15.96,
2018-08-30,20.74,12.5,30.4,
2018-08-31,17.47,9.26,26.55,
2018-09-01,16.49,6.86,29.15,
2018-09-02,14.47,5.69,22.47,
2018-09-03,19.93,9.53,27.94,
2018-09-04,15.47,11.86,20.26,
2018-09-05,12.65,3.36,21.04,
2018-09-07,13.06,7.83,23.8,
2018-09-08,19.46,14.12,28.37,
2018-09-09,17.68,15.66,25.03,
2018-09-10,15.25,6.12,25.01,
2018-09-11,17.36,10.32,19.05,
2018-09-12,12.42,7.26,16.34,
2018-09-13,14.92,9.09,19.31,
2018-09-14,13.05,9.61,15.99,
2018-09-15,15.32,9.03,19.04,
2018-09-16,11.82,11.59,14.35,
2018-09-17,9.86,7.27,17.13,
2018-09-20,5.11,3.13,5.52,
2018-09-21,5.19,2.38,11.57,
2018-09-22,8.19,2.18,13.83,
2018-09-23,3.24,2.98,7.29,
2018-09-24,5.89,5.5,12.09,
2018-09-25,5.82,2.45,12.42,
2018-09-26,7.39,0.45,13.77,
2018-09-27,6.54,1.53,8.96,
2018-09-29,5.17,-0.47,10.55,
2018-10-01,4.38,1.13,10.59,
2018-10-02,8.29,3.04,16.82,
2018-10-03,-0.64,-2.31,3.53,
2018-10-04,-0.8,-5.94,3.3,
2018-10-06,1.29,0.25,7.41,
2018-10-07,1.07,-2.05,4.09,
2018-10-09,1.46,-0.46,4.29,
2018-10-10,-2.24,-4.28,1.15,
2018-10-11,-3.0,-9.11,3.96,
2018-10-12,2.25,-5.2,11.42,
2018-10-13,1.04,-2.2,7.16,
2018-10-14,-2.33,-11.3,-0.98,
2018-10-17,7.89,-3.29,18.91,
2018-10-18,11.99,2.01,19.54,
2018-10-19,7.08,5.65,12.16,
2018-10-20,1.32,-10.19,7.2,
2018-10-21,7.01,-1.72,16.62,
2018-10-22,2.95,-3.73,10.3,
2018-10-23,2.04,-7.27,12.98,
2018-10-24,8.76,1.82,15.32,
2018-10-25,8.39,0.45,19.68,
2018-10-26,5.87,0.95,17.88,
2018-10-27,5.47,-0.08,11.83,
2018-10-28,4.15,0.81,10.73,
2018-10-29,6.55,1.53,7.28,
2018-10-31,3.49,-0.66,6.27,
2018-11-03,0.02,0.57,-0.07,
2018-11-04,2.02,2.2,3.67,
2018-11-06,-7.38,-13.65,-6.36,
2018-11-07,-11.61,-13.91,-8.47,
2018-11-08,-11.09,-14.91,-11.02,
2018-11-09,-13.57,-16.12,-11.26,
2018-11-10,-6.48,-9.48,-2.92,
2018-11-11,-11.9,-14.23,-8.56,
2018-11-12,-11.56,-19.9,-7.87,
2018-11-13,-5.59,-12.85,3.47,
2018-11-14,3.86,-3.33,6.65,
2018-11-15,3.05,-1.47,3.87,
2018-11-16,-7.35,-10.49,0.18,
2018-11-17,-11.4,-14.55,-10.74,
2018-11-18,-4.75,-8.99,-3.75,
2018-11-19,-7.87,-14.59,-4.4,
2018-11-21,-3.69,-5.94,-2.49,
2018-11-22,-0.56,-3.04,3.54,
2018-11-23,2.95,-0.8,7.52,
2018-11-24,-1.85,-6.07,-0.04,
2018-11-25,-8.15,-9.92,-4.6,
2018-11-27,-6.33,-7.72,-1.52,
2018-11-29,-2.16,-5.12,1.9,
2018-12-01,-2.06,-6.41,0.5,
2018-12-02,-4.88,-7.2,-3.38,
2018-12-03,-4.19,-6.25,-1.36,
2018-12-05,-8.49,-11.35,-5.5,
2018-12-06,-11.12,-13.48,-6.45,
2018-12-07,-10.22,-18.09,-3.13,
2018-12-08,-10.18,-14.05,-6.21,
2018-12-09,-7.74,-16.01,-2.33,
2018-12-10,-4.72,-6.72,-0.29,
2018-12-11,-1.29,-6.83,0.46,
2018-12-12,0.39,-11.12,3.84,
2018-12-13,-1.05,-4.58,1.89,
2018-12-15,1.26,-2.31,9.54,
2018-12-16,-4.15,-3.45,0.4,
2018-12-17,-1.26,-7.66,2.35,
2018-12-19,1.92,-3.42,5.99,
2018-12-20,-2.1,-4.76,3.55,
2018-12-21,-0.75,-4.18,1.81,
2018-12-22,-4.06,-8.35,-0.58,
2018-12-23,-6.42,-9.98,-4.15,
2018-12-24,-8.08,-8.12,-5.29,
2018-12-25,-11.23,-10.3,-8.87,
2018-12-26,-11.34,-12.85,-9.48,
2018-12-27,-13.45,-14.75,-10.36,
2018-12-29,-8.63,-20.23,-1.96,
2018-12-30,-9.55,-16.55,-2.91,
2019-01-01,-17.32,-25.98,-7.56,
2019-01-02,-1.94,-9.92,0.6,
2019-01-03,1.46,-0.1,4.12,
2019-01-04,0.0,0.01,6.31,
2019-01-05,-2.7,-3.1,2.91,
2019-01-06,-3.75,-6.14,0.35,
2019-01-07,-3.6,-7.01,2.2,
2019-01-08,-13.41,-17.87,-8.11,
2019-01-09,-14.67,-20.05,-12.62,
2019-01-10,-8.06,-12.37,2.53,
2019-01-11,-11.88,-14.49,-8.11,
2019-01-12,-9.64,-11.13,-7.21,
2019-01-14,-7.24,-10.43,-2.86,
2019-01-15,-6.94,-15.52,-3.81,
2019-01-16,-13.73,-18.92,-11.51,
2019-01-17,-12.64,-13.89,-10.22,
2019-01-18,-19.37,-18.07,-17.41,
2019-01-19,-16.04,-19.07,-14.46,
2019-01-20,-18.26,-21.46,-14.86,
2019-01-21,-13.6,-14.49,-11.51,
2019-01-22,-10.83,-10.75,-3.39,
2019-01-24,-22.55,-28.84,-14.4,
2019-01-25,-18.01,-23.03,-9.3,
2019-01-27,-8.23,-12.01,1.85,
2019-01-28,-14.29,-21.64,-10.31,
2019-01-29,-27.1,-31.24,-21.74,
2019-01-30,-27.0,-34.76,-20.72,
2019-01-31,-13.92,-20.67,-5.54,
2019-02-02,-13.16,-16.5,-8.5,
2019-02-03,-23.64,-26.04,-17.38,
2019-02-04,-22.93,-24.93,-21.47,
2019-02-05,-22.83,-24.56,-21.55,
2019-02-06,-24.19,-26.54,-23.23,
2019-02-07,-27.14,-34.42,-24.5,
2019-02-09,-25.08,-27.58,-19.66,
2019-02-10,-24.5,-27.65,-20.89,
2019-02-11,-19.61,-24.47,-16.58,
2019-02-12,-27.4,-28.1,-23.29,
2019-02-13,-20.83,-27.8,-16.82,
2019-02-14,-22.47,-26.45,-19.4,
2019-02-16,-14.87,-18.44,-15.18,
2019-02-17,-16.8,-16.04,-13.66,
2019-02-18,-18.49,-23.38,-15.18,
2019-02-19,-20.79,-23.85,-13.28,
2019-02-20,-18.16,-20.21,-8.55,
2019-02-21,-17.79,-21.59,-12.0,
2019-02-22,-17.77,-27.86,-13.67,
2019-02-23,-17.71,-24.71,-11.73,
2019-02-24,-22.05,-27.47,-19.69,
2019-02-25,-24.88,-26.6,-20.48,
2019-02-26,-18.1,-26.61,-18.49,
2019-02-28,-13.15,-15.99,-11.53,
2019-03-02,-24.75,-26.52,-21.52,
2019-03-03,-22.12,-28.95,-19.23,
2019-03-05,-14.51,-19.05,-8.32,
2019-03-06,-20.18,-19.52,-15.28,
2019-03-07,-16.65,-21.38,-9.91,
2019-03-22,-0.39,-3.21,6.23,
2019-03-23,1.69,-2.29,11.4,
2019-03-24,-2.38,-4.18,3.9,
2019-03-26,5.79,-0.13,10.81,
2019-03-27,4.33,-0.13,5.93,
2019-03-28,2.79,-3.22,1.74,
2019-03-29,0.29,-4.4,7.11,
2019-03-30,-0.9,-5.8,3.45,
2019-03-31,0.8,-2.8,4.55,
2019-04-01,-0.96,-4.54,6.22,
2019-04-02,1.79,-1.67,4.56,
2019-04-03,-0.73,-7.56,8.32,
2019-04-04,6.3,1.54,18.24,
2019-04-05,3.88,2.56,3.23,
2019-04-06,2.55,-0.41,6.17,
2019-04-07,7.59,4.35,16.77,
2019-04-09,2.79,-1.79,2.17,
2019-04-10,-4.48,-3.78,0.12,
2019-04-12,1.19,-3.39,6.31,
2019-04-13,1.26,-6.75,10.97,
2019-04-14,5.2,-1.74,11.59,
2019-04-15,8.99,-2.25,13.37,
2019-04-16,7.74,-0.25,16.24,
2019-04-17,6.96,1.76,9.87,
2019-04-18,6.71,-0.15,16.01,
2019-04-19,12.89,4.26,24.35,
2019-04-20,12.16,9.28,15.14,
2019-04-22,8.4,0.4,14.27,
2019-04-23,9.37,2.15,23.16,
2019-04-24,9.83,4.68,18.31,
2019-04-25,7.91,0.51,13.54,
2019-04-27,7.44,2.67,11.46,
2019-04-29,0.34,-3.15,2.58,
2019-05-02,4.43,-3.09,15.12,
2019-05-03,9.6,0.31,16.62,
2019-05-04,2.57,0.89,8.51,
2019-05-05,4.84,-1.95,7.11,
2019-05-07,6.82,-0.26,13.33,
2019-05-08,7.55,0.1,14.86,
2019-05-09,3.4,-5.63,9.26,
2019-05-10,9.95,2.45,17.96,
2019-05-11,8.44,7.26,16.65,
2019-05-12,10.79,1.45,18.23,
2019-05-13,17.09,7.44,23.12,
2019-05-14,17.09,12.43,20.7,
2019-05-16,8.63,4.36,15.49,
2019-05-17,6.64,5.06,11.3,
2019-05-18,6.36,3.48,9.22,
2019-05-19,7.85,-0.14,11.52,
2019-05-20,10.48,-0.34,15.89,
2019-05-21,9.62,3.17,18.64,
2019-05-22,10.92,9.61,15.58,
2019-05-23,13.27,1.94,20.31,
2019-05-24,7.96,3.75,9.71,
2019-05-25,13.94,4.44,23.33,
2019-05-26,10.25,6.2,13.88,
2019-05-27,10.15,5.45,13.88,
2019-05-28,13.71,1.38,20.47,
2019-05-30,21.35,11.8,27.05,
2019-05-31,14.44,5.99,17.76,
2019-06-01,13.78,3.58,23.36,
2019-06-02,17.6,8.51,27.23,
2019-06-04,19.93,14.16,26.54,
2019-06-07,21.62,17.12,28.22,
2019-06-08,12.91,6.88,18.01,
2019-06-10,15.68,5.92,20.71,
2019-06-11,14.87,11.04,19.43,
2019-06-12,13.67,7.41,19.73,
2019-06-13,18.2,13.44,27.87,
2019-06-14,20.67,13.55,25.26,
2019-06-15,16.47,12.94,21.19,
2019-06-16,11.55,9.26,15.78,
2019-06-17,13.83,4.02,17.35,
2019-06-18,14.08,5.58,21.38,
2019-06-21,14.3,8.72,16.76,
2019-06-23,16.69,11.41,22.44,
2019-06-24,13.69,11.23,21.75,
2019-06-26,19.7,8.79,26.96,
2019-06-28,22.12,13.8,25.33,
2019-06-29,21.16,15.5,27.67,
2019-07-01,19.22,15.66,25.6,
2019-07-02,18.19,12.6,20.13,
2019-07-03,16.71,12.35,16.63,
2019-07-04,15.51,8.64,18.88,
2019-07-05,17.82,9.24,22.32,
2019-07-06,18.25,10.87,24.09,
2019-07-07,21.39,13.32,29.37,
2019-07-08,24.18,16.12,28.69,
2019-07-10,19.12,15.98,24.96,
2019-07-11,23.84,15.99,30.14,
2019-07-12,20.92,15.49,26.21,
2019-07-13,20.73,13.82,29.22,
2019-07-14,24.98,18.25,29.69,
2019-07-15,22.28,15.43,25.86,
2019-07-16,19.84,14.6,22.64,
2019-07-17,20.71,14.27,29.32,
2019-07-19,19.11,12.5,24.08,
2019-07-20,19.48,12.36,23.44,
2019-07-21,16.77,9.47,23.25,
2019-07-22,17.08,11.32,26.71,
2019-07-24,22.06,17.59,25.68,
2019-07-25,20.93,13.21,25.76,
2019-07-27,20.27,7.83,31.3,
2019-07-28,20.03,17.2,24.79,
2019-07-29,14.71,9.45,20.97,
2019-07-30,18.13,7.25,25.27,
2019-07-31,22.38,13.14,31.61,
2019-08-01,20.81,16.42,29.27,
2019-08-02,21.95,18.11,27.55,
2019-08-03,23.44,17.35,32.17,
2019-08-04,23.38,15.74,27.92,
2019-08-05,19.39,11.83,23.79,
2019-08-06,19.58,13.62,29.12,
2019-08-07,16.49,11.0,22.47,
2019-08-08,14.84,7.24,22.72,
2019-08-09,20.71,13.64,25.79,
2019-08-10,16.87,17.25,24.83,
2019-08-11,16.32,13.95,20.59,
2019-08-12,16.28,14.44,21.52,
2019-08-13,14.13,10.5,18.81,
2019-08-14,16.81,9.12,23.56,
2019-08-16,18.13,12.01,25.35,
2019-08-17,12.56,8.4,17.27,
2019-08-18,15.38,7.76,21.63,
2019-08-19,19.56,6.9,27.67,
2019-08-23,18.82,15.67,24.14,
2019-08-24,23.26,20.04,25.77,
2019-08-26,14.77,13.43,21.25,
2019-08-27,13.05,6.43,16.56,
2019-08-28,15.61,8.32,25.71,
2019-08-30,13.75,6.5,18.57,
2019-08-31,14.4,6.47,21.79,
2019-09-01,15.96,9.53,21.88,
2019-09-03,12.01,8.74,18.39,
2019-09-04,15.84,6.57,25.83,
2019-09-05,18.7,13.05,25.97,
2019-09-06,16.68,7.97,22.38,
2019-09-08,10.03,4.27,15.39,
2019-09-09,12.73,10.75,15.09,
2019-09-11,11.11,12.19,12.45,
2019-09-12,8.85,7.89,10.35,
2019-09-18,17.55,11.7,24.28,
2019-09-19,17.07,6.21,24.39,
2019-09-20,17.74,17.9,18.72,
2019-09-21,12.04,8.8,17.52,
2019-09-22,11.73,6.43,20.71,
2019-09-23,16.19,10.14,24.83,
2019-09-24,15.38,8.38,17.93,
2019-09-25,10.03,5.45,15.38,
2019-09-26,9.6,5.42,13.55,
2019-09-27,5.32,5.29,8.12,
2019-09-29,4.47,0.74,5.85,
2019-09-30,5.36,2.79,4.38,
2019-10-01,3.78,1.28,1.75,
2019-10-02,0.71,-1.73,3.76,
2019-10-03,2.18,-0.1,4.16,
2019-10-05,8.05,5.72,12.79,
2019-10-06,7.89,5.89,13.22,
2019-10-08,11.88,3.55,20.49,
2019-10-09,0.65,-1.67,4.34,
2019-10-10,-1.6,-0.32,1.09,
2019-10-11,-1.27,-6.13,1.69,
2019-10-12,-1.84,-0.11,1.69,
2019-10-13,0.93,-1.42,8.78,
2019-10-14,2.28,-5.5,10.77,
2019-10-15,0.73,-4.24,4.28,
2019-10-17,5.54,-0.39,17.34,
2019-10-18,8.27,3.13,14.49,
2019-10-19,8.05,2.03,11.64,
2019-10-20,3.08,-2.84,11.36,
2019-10-21,3.48,-2.79,8.39,
2019-10-24,0.04,-3.14,4.43,
2019-10-26,3.61,-2.7,12.71,
2019-10-27,-4.27,-7.86,-3.51,
2019-10-29,-8.55,-10.56,-6.0,
2019-10-30,-5.3,-8.31,-1.11,
2019-11-01,0.05,-1.33,-0.02,
2019-11-02,-0.62,-6.39,3.97,
2019-11-03,-0.06,-3.9,0.13,
2019-11-04,-7.98,-12.64,1.72,
2019-11-06,-13.39,-17.34,-9.56,
2019-11-07,-11.26,-20.99,-5.26,
2019-11-08,0.63,-11.3,8.99,
2019-11-09,-1.42,-5.66,4.41,
2019-11-10,-10.95,-17.18,-7.86,
2019-11-11,-16.72,-20.55,-11.31,
2019-11-12,-8.4,-15.86,-1.28,
2019-11-14,-0.17,-2.55,5.87,
2019-11-15,-1.63,-3.05,2.83,
2019-11-16,2.17,0.52,6.38,
2019-11-17,2.17,-0.9,5.82,
2019-11-18,6.38,-0.34,10.98,
2019-11-19,-0.09,-4.92,3.05,
2019-11-20,-3.51,-6.88,-1.36,
2019-11-21,-7.06,-11.23,-0.07,
2019-11-23,2.56,-0.42,5.61,
2019-11-24,4.9,-0.25,8.48,
2019-11-25,-1.99,-1.23,2.66,
2019-11-28,-5.65,-9.11,-6.54,
2019-11-29,-4.22,-4.69,-0.77,
2019-11-30,-4.21,-5.45,-2.0,
2019-12-01,-7.83,-8.7,-3.63,
2019-12-03,-1.27,-6.3,3.9,
2019-12-04,-1.55,-6.52,3.51,
2019-12-05,-6.05,-13.02,-0.34,
2019-12-06,-5.05,-14.21,1.2,
2019-12-07,-2.68,-4.6,4.61,
2019-12-08,-12.71,-18.32,-1.66,
2019-12-09,-16.84,-21.03,-8.1,
2019-12-10,-22.59,-27.21,-13.31,
2019-12-11,-17.98,-22.61,-12.72,
2019-12-13,-11.31,-22.47,-5.5,
2019-12-14,-17.33,-22.71,-13.76,
2019-12-15,-8.95,-11.95,-6.43,
2019-12-16,-7.97,-12.78,-4.03,
2019-12-17,-12.86,-14.91,-11.44,
2019-12-18,-4.47,-10.88,3.03,
2019-12-21,0.96,-0.98,5.25,
2019-12-24,-5.1,-7.0,-2.44,
2019-12-25,-6.66,-7.66,-6.5,
2019-12-26,-5.66,-12.14,-4.38,
2019-12-27,-7.52,-11.06,-1.34,
2019-12-28,-9.85,-12.63,-4.77,
2019-12-29,-10.51,-12.35,-6.95,
2019-12-30,-8.29,-11.51,-5.84,
2020-01-01,-2.15,-2.8,2.09,
2020-01-02,-0.75,-1.24,1.6,
2020-01-03,-8.06,-13.48,-2.23,
2020-01-04,-3.41,-10.0,6.41,
2020-01-05,-2.68,-6.26,2.02,
2020-01-07,-14.12,-21.57,-5.13,
2020-01-08,-12.26,-18.16,-11.31,
2020-01-09,-11.6,-19.6,-8.52,
2020-01-10,-20.94,-25.67,-17.07,
2020-01-12,-12.88,-14.95,-9.61,
2020-01-13,-17.95,-22.36,-13.66,
2020-01-14,-25.8,-29.65,-21.91,
2020-01-18,-22.31,-22.61,-20.01,
2020-01-19,-23.55,-27.38,-17.54,
2020-01-20,-14.93,-24.54,-6.5,
2020-01-21,-4.41,-6.18,1.05,
2020-01-23,-5.87,-8.39,-3.48,
2020-01-24,-6.37,-7.74,-5.77,
2020-01-25,-3.18,-7.65,2.72,
2020-01-26,-1.55,-4.96,0.8,
2020-01-28,-0.55,-4.94,0.07,
2020-01-30,-4.25,-5.2,-2.55,
2020-01-31,-5.49,-12.29,1.5,
2020-02-02,-1.34,-5.74,4.24,
2020-02-03,-6.66,-13.32,-5.3,
2020-02-04,-9.99,-13.91,-1.51,
2020-02-05,-5.48,-10.85,-0.92,
2020-02-06,-10.59,-19.94,-5.01,
2020-02-26,-8.26,-14.46,-2.35,
2020-02-27,-1.22,-10.03,4.83,
2020-03-01,-5.62,-8.46,3.56,
2020-03-02,-1.74,-7.48,7.09,
2020-03-03,-0.89,-5.16,2.8,
2020-03-04,1.43,-4.01,8.04,
2020-03-05,-1.69,-0.76,2.06,
2020-03-06,3.84,-0.13,11.34,
2020-03-09,-6.48,-10.3,1.23,
2020-03-10,-0.85,-8.66,4.95,
2020-03-12,-1.64,-6.2,3.26,
2020-03-13,-8.63,-11.06,-3.81,
2020-03-14,-8.42,-12.93,-4.26,
2020-03-16,-5.16,-8.75,-3.71,
2020-03-21,-4.9,-9.02,-1.42,
2020-03-22,-2.26,-12.33,5.37,
2020-03-25,-2.44,-5.25,2.22,
2020-03-26,1.8,-3.66,8.79,
2020-03-27,3.05,-3.34,8.65,
2020-03-28,4.98,-2.38,13.93,
2020-03-29,6.26,-1.95,14.05,
2020-03-30,7.64,-1.28,16.9,
2020-03-31,3.7,-0.64,14.19,
2020-04-01,-6.9,-13.19,0.78,
2020-04-03,-10.87,-18.79,-7.24,
2020-04-04,-4.09,-10.91,3.61,
2020-04-05,-3.29,-7.74,1.52,
2020-04-08,2.02,-1.75,5.03,
2020-04-09,-2.09,-9.33,4.38,
2020-04-10,6.1,-2.75,11.93,
2020-04-12,-5.3,-8.84,-1.31,
2020-04-13,-8.2,-12.14,-5.52,
2020-04-17,3.07,-4.9,12.2,
2020-04-18,5.39,-4.96,8.95,
2020-04-19,2.14,-9.15,13.84,
2020-04-22,12.08,2.17,20.25,
2020-04-23,10.78,6.82,16.35,
2020-04-24,8.13,2.94,17.28,
2020-04-26,12.28,4.62,20.92,
2020-04-27,9.72,-0.59,19.99,
2020-04-28,7.24,6.65,16.54,
2020-04-29,8.14,-3.17,17.77,
2020-04-30,15.2,4.27,24.99,
2020-05-01,14.57,3.92,16.54,
2020-05-02,11.41,2.19,19.27,
2020-05-03,8.1,0.14,13.18,
2020-05-06,9.37,0.82,17.74,
2020-05-07,7.6,2.05,11.15,
2020-05-08,7.84,-0.92,17.64,
2020-05-09,2.33,1.33,9.53,
2020-05-10,1.18,-3.91,6.46,
2020-05-11,2.49,-3.28,7.55,
2020-05-12,4.13,-4.01,8.92,
2020-05-13,7.02,2.73,11.55,
2020-05-14,7.22,3.89,13.14,
2020-05-15,11.37,1.71,21.22,
2020-05-16,10.94,3.56,19.98,
2020-05-17,12.26,5.91,24.14,
2020-05-18,16.88,9.28,22.95,
2020-05-19,18.86,11.72,28.02,
2020-05-21,19.74,11.36,26.19,
2020-05-22,16.05,8.17,25.35,
2020-05-23,14.96,13.56,19.82,
2020-05-25,13.33,8.49,17.1,
2020-05-26,16.01,4.52,21.7,
2020-05-27,15.87,8.83,22.51,
2020-05-28,12.55,7.4,19.31,
2020-05-29,10.55,3.13,17.18,
2020-06-01,19.49,17.76,28.57,
2020-06-02,17.76,14.12,24.68,
2020-06-03,19.05,8.53,26.31,
2020-06-04,14.61,8.69,22.13,
2020-06-06,13.31,12.65,20.09,
2020-06-07,20.32,13.23,24.99,
2020-06-08,19.32,14.93,21.79,
2020-06-09,13.37,9.13,19.71,
2020-06-10,15.01,6.77,23.23,
2020-06-11,17.53,7.58,26.89,
2020-06-12,15.92,8.29,23.0,
2020-06-13,21.89,10.84,28.0,
2020-06-14,22.23,16.71,24.92,
2020-06-15,18.62,12.78,22.35,
2020-06-16,20.73,13.64,29.38,
2020-06-17,17.89,12.03,22.44,
2020-06-18,12.07,8.28,15.87,
2020-06-20,15.75,7.29,18.94,
2020-06-21,12.67,6.13,18.82,
2020-06-25,21.29,16.99,25.89,
2020-06-26,22.02,13.43,29.66,
2020-06-28,21.25,16.66,23.51,
2020-06-29,21.93,16.23,28.4,
2020-06-30,18.46,14.87,21.09,
2020-07-01,19.35,15.56,23.59,
2020-07-02,23.43,15.42,29.72,
2020-07-04,24.89,16.41,29.71,
2020-07-07,22.23,15.2,26.98,
2020-07-09,16.3,12.78,18.05,
2020-07-10,16.05,6.95,24.11,
2020-07-12,19.72,10.57,26.42,
2020-07-13,20.83,12.85,26.63,
2020-07-15,19.74,10.64,25.76,
2020-07-17,22.33,17.33,29.56,
2020-07-18,15.99,14.22,21.69,
2020-07-19,17.93,13.43,22.47,
2020-07-21,17.06,11.2,24.06,
2020-07-22,21.07,13.34,27.66,
2020-07-23,25.39,18.94,31.1,
2020-07-25,19.67,13.76,23.59,
2020-07-26,17.53,7.81,23.15,
2020-07-28,21.45,8.58,27.59,
2020-07-29,22.09,13.03,29.24,
2020-08-01,18.59,9.7,25.17,
2020-08-02,18.55,11.81,26.17,
2020-08-04,19.15,9.94,26.19,
2020-08-05,20.47,14.34,25.12,
2020-08-07,23.07,17.2,32.51,
2020-08-08,20.48,7.02,28.87,
2020-08-09,17.82,11.04,21.83,
2020-08-10,19.53,9.73,27.86,
2020-08-11,17.76,5.43,28.14,
2020-08-12,22.84,12.6,31.77,
2020-08-13,21.06,16.54,28.55,
2020-08-14,19.24,14.3,24.09,
2020-08-15,17.35,12.09,28.75,
2020-08-16,16.58,9.76,29.21,
2020-08-18,23.24,15.87,34.78,
2020-08-19,27.06,16.24,35.56,
2020-08-21,22.95,16.29,29.49,
2020-08-23,20.26,13.57,25.5,
2020-08-24,18.15,6.29,29.74,
2020-08-25,25.54,18.49,31.88,
2020-08-27,17.63,13.34,25.6,
2020-08-28,17.28,8.67,22.6,
2020-08-29,18.71,7.21,26.16,
2020-08-31,12.91,0.45,21.56,
2020-09-01,15.76,4.86,23.13,
2020-09-02,14.99,7.65,27.71,
2020-09-04,15.53,5.58,23.85,
2020-09-05,18.85,4.51,28.33,
2020-09-06,17.06,9.49,19.94,
2020-09-07,9.34,0.95,9.66,
2020-09-08,4.14,-4.15,8.15,
2020-09-09,7.82,-1.66,17.91,
2020-09-10,12.91,2.85,25.28,
2020-09-11,13.97,3.36,19.87,
2020-09-12,14.64,4.47,23.73,
2020-09-13,10.68,6.13,17.55,
2020-09-14,12.74,6.41,17.53,
2020-09-15,10.32,8.46,17.55,
2020-09-16,9.35,4.45,15.97,
2020-09-18,13.81,8.24,24.19,
2020-09-21,14.67,9.11,22.09,
2020-09-22,16.85,5.6,28.48,
2020-09-24,13.59,5.53,29.69,
2020-09-25,14.92,7.31,21.8,
2020-09-26,13.01,9.8,18.72,
2020-09-29,14.09,7.5,19.75,
2020-09-30,8.86,3.36,10.89,
2020-10-01,2.98,-1.97,7.24,
2020-10-02,9.36,4.7,12.05,
2020-10-03,5.35,-0.71,11.4,
2020-10-04,9.43,0.32,22.59,
2020-10-05,14.7,8.12,18.82,
2020-10-06,13.72,8.12,22.2,
2020-10-07,13.42,2.42,14.42,
2020-10-09,10.52,2.86,15.8,
2020-10-10,10.07,0.76,22.88,
2020-10-12,6.19,-0.13,14.38,
2020-10-13,6.84,2.17,11.62,
2020-10-23,-10.4,-14.85,-3.62,
2020-10-24,-8.46,-10.06,-4.4,
2020-10-25,-9.4,-10.89,-5.69,
2020-10-27,0.46,-8.66,6.2,
2020-10-30,2.01,-1.91,7.04,
2020-10-31,1.52,-6.89,8.4,
2020-11-03,12.22,3.14,20.41,
2020-11-04,9.68,5.83,19.29,
2020-11-05,9.38,-2.08,17.19,
2020-11-06,4.3,-1.33,8.34,
2020-11-09,-10.62,-16.29,-7.83,
2020-11-11,-5.03,-12.17,-0.53,
2020-11-13,-5.19,-11.51,2.65,
2020-11-15,-4.16,-7.4,2.1,
2020-11-17,-1.63,-3.36,4.36,
2020-11-22,-6.93,-8.37,-0.38,
2020-11-24,-8.64,-9.79,-4.27,
2020-11-26,-1.79,-9.83,0.7,
2020-11-27,-1.81,-11.25,5.95,
2020-11-28,1.05,-4.21,7.82,
2020-11-29,-7.89,-12.08,-0.9,
2020-11-30,-0.76,-8.63,5.92,
2020-12-01,0.38,-3.4,1.89,
2020-12-02,-1.33,-8.09,2.35,
2020-12-04,4.1,-3.16,6.72,
2020-12-05,-1.32,-4.07,7.72,
2020-12-06,1.28,-2.48,8.77,
2020-12-07,2.11,-3.57,9.01,
2020-12-09,0.47,-6.57,6.87,
2020-12-10,-1.55,-11.12,0.79,
2020-12-14,-17.37,-25.34,-11.83,
2020-12-15,-9.86,-14.88,-6.47,
2020-12-17,-3.06,-11.87,1.52,
2020-12-18,-8.08,-16.37,-1.0,
2020-12-20,-0.68,-7.95,4.38,
2020-12-21,-1.89,-6.74,4.78,
2020-12-22,-1.53,-10.17,4.27,
2020-12-24,-12.64,-14.38,-1.32,
2020-12-26,-7.36,-14.16,-3.52,
2020-12-27,-9.7,-11.23,-5.6,
2020-12-28,-9.49,-18.76,-8.84,
2020-12-29,-8.14,-13.74,-5.76,
2020-12-30,-8.98,-13.65,-5.22,
2021-01-01,-6.26,-14.32,2.4,
2021-01-02,-1.56,-1.38,2.09,0.0
2021-01-03,2.14,-3.34,4.25,0.0
2021-01-04,-2.4,-9.88,2.38,0.0
2021-01-05,-0.88,-10.14,0.96,0.0
2021-01-06,-5.11,-10.72,3.68,0.0
2021-01-07,-3.42,-8.48,1.4,0.0
2021-01-08,-4.29,-7.94,-0.97,0.0
2021-01-09,-3.3,-10.52,-1.68,0.0
2021-01-10,-3.14,-10.16,3.99,0.0
2021-01-11,-3.55,-8.15,4.82,0.0
2021-01-12,-0.37,-3.41,4.67,0.0
2021-01-13,3.45,-2.06,8.92,0.0
2021-01-14,-1.57,-4.15,0.5,5.91
2021-01-15,-8.71,-10.85,-2.72,0.0
2021-01-16,-5.66,-10.69,0.79,0.0
2021-01-17,-5.9,-11.46,-1.59,0.0
2021-01-18,-4.36,-6.88,-1.15,2.66
2021-01-19,-5.27,-10.66,-0.82,0.0
2021-01-20,1.2,-2.56,2.41,0.0
2021-01-21,-6.94,-12.62,-4.55,0.0
2021-01-22,-8.74,-11.72,-5.88,0.0
2021-01-23,-11.35,-20.78,-5.82,0.0
2021-01-24,-18.43,-17.86,-18.19,1.58
2021-01-25,-17.36,-21.45,-16.69,0.33
2021-01-26,-25.04,-26.95,-19.04,0.0
2021-01-27,-18.87,-26.53,-11.6,0.0
2021-01-28,-15.48,-14.43,-10.48,0.0
2021-01-29,-8.51,-15.72,-6.21,0.0
2021-01-30,-6.3,-8.54,-5.63,0.64
2021-01-31,-11.3,-14.84,-8.14,0.0
2021-02-01,-5.5,-11.92,-0.36,0.0
2021-02-02,-3.32,-5.12,3.51,0.0
2021-02-03,-8.15,-18.79,-2.64,1.04
2021-02-04,-18.06,-18.72,-15.15,0.0
2021-02-05,-19.33,-26.84,-16.86,0.0
2021-02-06,-26.92,-31.58,-24.56,0.0
2021-02-07,-28.15,-32.51,-24.74,0.79
2021-02-08,-28.69,-30.9,-22.26,0.0
2021-02-09,-24.99,-26.02,-19.94,0.0
2021-02-10,-26.01,-27.43,-22.87,0.0
2021-02-11,-28.23,-34.25,-23.77,0.0
2021-02-12,-30.22,-34.64,-23.79,0.0
2021-02-13,-30.64,-35.78,-27.28,0.0
2021-02-14,-26.58,-35.84,-20.65,0.0
2021-02-15,-23.1,-30.47,-15.38,0.0
2021-02-16,-19.0,-23.8,-12.49,0.0
2021-02-17,-16.1,-22.64,-10.78,0.0
2021-02-18,-16.38,-22.53,-10.35,0.0
2021-02-19,-14.65,-26.54,1.21,0.0
2021-02-20,-3.65,-9.44,5.13,0.0
2021-02-21,-2.62,-11.6,4.65,0.0
2021-02-22,2.49,1.87,5.44,1.61
2021-02-23,1.25,-2.26,-1.49,7.33
2021-02-24,-6.26,-13.57,-3.42,0.0
2021-02-25,-2.59,-10.84,0.19,0.0
2021-02-26,-2.99,-6.81,4.18,0.86
2021-02-27,-15.0,-17.44,-4.17,0.29
2021-02-28,-12.85,-21.27,-7.3,0.24
2021-03-01,-6.57,-21.11,3.96,0.0
2021-03-02,2.68,-6.15,3.91,0.0
2021-03-03,3.77,-4.38,9.67,0.0
2021-03-04,0.28,-5.41,11.26,0.0
2021-03-05,1.1,-3.59,12.43,0.0
2021-03-06,5.6,0.0,14.03,0.0
2021-03-07,6.7,-4.26,12.16,0.0
2021-03-08,3.8,-4.1,14.2,0.03
2021-03-09,1.19,-1.96,6.65,0.27
2021-03-10,-1.42,-4.82,2.73,0.0
2021-03-11,-5.87,-13.3,-1.69,0.0
2021-03-12,-1.46,-11.34,12.33,0.0
2021-03-13,3.24,-6.05,14.68,0.0
2021-03-15,-0.95,-3.66,3.3,0.0
2021-03-16,-0.64,-3.95,3.1,1.21
2021-03-17,2.55,-6.76,8.05,1.63
2021-03-18,-1.16,-8.58,9.52,0.0
2021-03-19,5.52,-3.21,17.45,0.0
2021-03-20,7.33,-2.66,15.92,1.16
2021-03-21,3.73,-5.39,9.78,0.0
2021-03-22,1.13,-9.19,11.93,0.0
2021-03-23,1.63,-3.27,8.18,0.0
2021-03-24,-0.27,-3.05,6.8,0.0
2021-03-25,4.39,-1.75,14.26,0.0
2021-03-26,1.36,-3.14,5.85,0.0
2021-03-27,-1.15,-4.62,4.66,1.12
2021-03-28,2.46,-9.7,17.09,0.0
2021-03-29,2.27,-7.84,11.11,2.04
2021-03-30,-10.96,-13.55,-4.75,0.0
2021-03-31,-7.09,-15.19,4.65,0.0
2021-04-01,5.01,-4.02,18.11,0.0
2021-04-02,9.0,0.17,17.48,0.0
2021-04-03,10.75,-2.1,21.14,0.0
2021-04-04,10.03,1.03,20.54,0.0
2021-04-05,7.42,-0.48,13.83,0.0
2021-04-06,5.3,-6.32,13.4,0.0
2021-04-07,6.19,-2.35,17.01,0.0
2021-04-08,7.37,-0.6,17.76,0.0
2021-04-09,4.71,-1.73,11.14,0.0
2021-04-10,5.92,-4.57,19.03,0.0
2021-04-11,4.21,-0.28,9.0,7.83
2021-04-12,-1.73,-6.41,-0.55,11.75
2021-04-13,-5.62,-5.6,-4.55,3.74
2021-04-14,-5.74,-6.87,-1.22,0.0
2021-04-15,0.88,-3.7,1.34,0.0
2021-04-16,1.64,-1.86,7.48,0.0
2021-04-17,8.01,-2.77,15.5,0.0
2021-04-18,1.59,-4.56,9.21,0.0
2021-04-19,-1.43,-4.77,4.52,0.53
2021-04-20,-0.33,-6.79,2.61,0.0
2021-04-21,2.25,-5.64,12.79,0.0
2021-04-22,6.32,-4.01,16.15,0.0
2021-04-23,-1.04,-4.93,5.2,0.0
2021-04-24,-0.25,-7.93,10.87,0.0
2021-04-25,1.3,2.1,2.95,0.0
2021-04-26,4.85,0.26,12.52,0.0
2021-04-27,9.41,-2.73,20.85,0.0
2021-04-28,9.89,1.09,16.17,0.0
2021-04-29,8.21,-3.66,16.99,0.0
2021-04-30,14.85,4.17,27.31,0.0
2021-05-01,18.01,9.72,24.56,0.0
2021-05-02,9.75,6.64,15.47,5.1
2021-05-03,3.49,2.19,11.19,0.49
2021-05-04,2.71,-6.09,10.69,2.67
2021-05-05,5.8,-1.57,15.97,1.89
2021-05-06,9.63,-3.92,16.91,2.58
2021-05-07,8.0,0.38,16.6,0.0
2021-05-08,5.26,0.02,7.91,2.52
2021-05-09,4.09,-4.42,13.35,0.0
2021-05-10,6.69,-4.53,13.3,0.0
2021-05-11,9.41,0.46,17.96,0.0
2021-05-12,12.04,2.72,19.16,0.37
2021-05-13,13.04,1.51,20.15,0.14
2021-05-14,13.71,4.79,22.98,0.0
2021-05-15,14.17,2.18,23.82,0.18
2021-05-16,15.63,6.28,27.7,0.0
2021-05-17,20.45,9.74,26.04,0.0
2021-05-18,18.85,9.28,28.65,0.0
2021-05-19,15.63,11.84,21.99,0.0
2021-05-20,8.1,4.57,15.32,2.68
2021-05-21,3.32,2.15,4.8,20.2
2021-05-22,4.59,3.35,10.13,16.49
2021-05-23,10.36,5.41,11.93,5.67
2021-05-24,16.47,9.32,21.19,9.39
2021-05-25,11.5,7.81,12.08,0.09
2021-05-26,6.88,4.59,12.31,0.0
2021-05-27,5.72,2.59,14.5,0.0
2021-05-28,9.23,2.34,15.31,0.93
2021-05-29,13.45,9.25,20.28,1.02
2021-05-30,12.4,8.58,20.83,0.0
2021-05-31,13.32,1.64,24.45,0.0
2021-06-01,17.47,9.2,27.36,0.0
2021-06-02,21.86,11.08,30.51,0.0
2021-06-03,24.82,15.53,31.26,0.0
2021-06-04,25.46,19.19,36.83,0.0
2021-06-05,26.69,20.13,32.83,0.0
2021-06-06,17.76,11.41,23.84,3.87
2021-06-07,19.85,9.38,27.29,0.83
2021-06-08,19.53,12.19,28.82,3.2
2021-06-09,21.59,17.32,27.8,0.0
2021-06-10,20.21,15.31,27.33,0.0
2021-06-11,14.34,9.76,18.28,6.17
2021-06-12,18.31,10.28,26.46,0.0
2021-06-13,18.86,12.5,22.97,0.0
2021-06-14,22.23,10.9,28.14,0.0
2021-06-15,22.32,14.87,29.19,0.0
2021-06-16,23.26,13.62,28.56,0.0
2021-06-17,18.74,9.91,26.84,0.0
2021-06-18,13.24,7.8,20.65,0.0
2021-06-19,16.53,7.52,26.3,0.67
2021-06-20,14.8,9.79,19.49,2.17
2021-06-21,13.58,6.3,19.17,0.0
2021-06-22,18.66,7.29,28.21,0.0
2021-06-23,23.64,12.99,30.41,0.0
2021-06-24,17.39,12.02,23.91,0.95
2021-06-25,12.73,12.9,19.74,15.85
2021-06-26,18.52,13.94,25.02,5.11
2021-06-27,16.82,12.31,22.78,3.03
2021-06-28,16.89,12.49,24.15,0.0
2021-06-29,19.44,11.89,26.25,0.0
2021-06-30,23.66,14.25,29.64,0.0
2021-07-01,24.03,18.06,31.49,0.0
2021-07-02,26.06,18.55,34.59,0.0
2021-07-03,25.72,20.9,34.55,0.0
2021-07-04,23.75,16.4,29.72,0.0
2021-07-05,20.66,14.3,26.71,2.01
2021-07-06,14.63,14.08,20.62,2.31
2021-07-07,16.06,11.89,23.35,0.0
2021-07-08,20.25,13.27,28.86,9.4
2021-07-09,18.9,14.84,27.51,12.91
2021-07-10,22.77,13.46,27.93,0.0
2021-07-11,22.55,13.09,29.8,0.0
2021-07-12,20.24,14.03,26.3,0.0
2021-07-13,20.16,9.76,25.92,0.0
2021-07-14,21.84,12.95,26.93,0.0
2021-07-15,22.04,13.85,29.58,0.0
2021-07-16,25.57,16.27,31.19,0.0
2021-07-17,25.79,18.72,31.79,0.61
2021-07-18,26.59,19.74,32.59,0.0
2021-07-19,24.85,17.29,35.67,0.0
2021-07-20,25.08,19.33,29.04,0.0
2021-07-21,25.25,20.57,25.29,0.0
2021-07-22,24.56,18.25,32.24,1.44
2021-07-23,23.36,16.16,30.49,0.28
2021-07-24,21.15,7.88,28.22,0.0
2021-07-25,21.04,10.52,32.64,0.0
2021-07-26,24.56,17.38,29.59,0.0
2021-07-27,22.88,18.11,31.02,0.0
2021-07-28,23.24,15.35,25.98,1.59
2021-07-29,19.92,13.91,27.02,2.43
2021-07-30,23.62,13.59,33.58,0.0
2021-07-31,22.38,12.39,30.1,0.0
2021-08-01,21.37,15.29,28.43,0.0
2021-08-02,23.0,13.02,31.45,0.0
2021-08-03,21.84,14.63,30.12,0.0
2021-08-04,24.64,18.34,28.55,0.0
2021-08-05,18.91,14.12,26.24,0.0
2021-08-06,19.81,14.37,28.4,0.0
2021-08-07,24.22,18.22,31.65,6.11
2021-08-08,26.92,12.5,35.91,0.0
2021-08-09,17.87,12.71,21.0,3.26
2021-08-10,18.29,9.19,27.96,0.14
2021-08-11,17.88,9.47,27.02,0.0
2021-08-12,17.83,7.48,23.88,0.0
2021-08-13,16.29,7.14,29.98,0.0
2021-08-14,20.79,11.45,34.0,0.0
2021-08-15,25.98,11.83,36.67,0.0
2021-08-16,25.04,19.83,36.56,0.0
2021-08-17,23.37,15.29,28.13,0.0
2021-08-18,17.84,14.42,22.28,0.0
2021-08-19,15.26,12.64,17.88,1.17
2021-08-20,14.52,7.97,13.04,19.1
2021-08-21,14.56,9.07,19.97,0.47
2021-08-22,15.24,12.78,20.04,6.11
2021-08-23,16.69,9.88,23.33,0.0
2021-08-24,16.41,7.67,20.92,0.0
2021-08-25,12.18,5.66,20.28,1.11
2021-08-26,14.68,10.45,17.48,0.0
2021-08-27,15.51,13.0,18.99,7.02
2021-08-28,16.49,8.75,21.68,0.44
2021-08-29,16.31,11.53,25.71,0.0
2021-08-30,18.7,12.51,26.67,0.0
2021-08-31,20.2,12.17,28.24,0.0
2021-09-01,20.1,15.52,26.15,0.0
2021-09-02,17.63,11.91,22.59,9.67
2021-09-03,13.34,5.88,22.01,0.0
2021-09-04,15.88,8.19,24.22,0.0
2021-09-05,16.57,6.17,25.05,0.0
2021-09-06,18.28,11.98,29.23,0.0
2021-09-07,16.11,9.34,24.2,0.0
2021-09-08,14.39,7.33,22.28,0.0
2021-09-09,16.65,9.8,27.9,0.0
2021-09-10,19.06,9.32,30.1,0.0
2021-09-11,14.84,10.21,15.71,2.17
2021-09-12,12.99,10.52,19.56,0.0
2021-09-13,13.43,6.91,24.19,3.04
2021-09-14,15.4,7.88,22.73,0.0
2021-09-15,15.96,8.6,27.48,0.0
2021-09-16,10.47,8.09,17.02,2.67
2021-09-17,11.11,0.48,19.04,0.0
2021-09-18,19.63,7.93,35.01,0.0
2021-09-19,19.9,11.0,24.96,1.29
2021-09-20,13.3,9.66,19.66,0.0
2021-09-21,12.05,3.33,20.83,0.0
2021-09-22,14.55,3.11,28.32,0.0
2021-09-23,16.25,6.59,23.34,0.0
2021-09-24,9.67,-0.78,16.72,0.0
2021-09-25,15.18,2.73,29.9,0.0
2021-09-26,17.96,9.51,26.13,0.0
2021-09-27,18.86,10.6,32.46,0.0
2021-09-28,19.45,8.12,32.76,0.0
2021-09-29,16.44,11.87,24.24,0.0
2021-09-30,14.26,10.8,20.5,0.0
2021-10-01,13.69,3.99,22.45,0.0
2021-10-02,13.01,3.75,22.49,0.0
2021-10-03,16.56,4.92,27.09,0.0
2021-10-04,17.64,6.09,29.02,0.0
2021-10-05,19.68,10.13,32.61,0.0
2021-10-06,17.47,3.72,31.54,0.0
2021-10-07,14.96,10.23,20.94,0.0
2021-10-08,11.85,8.71,19.2,0.0
2021-10-09,8.55,8.38,11.11,2.28
2021-10-10,9.86,4.23,21.62,0.0
2021-10-11,8.09,2.34,11.49,0.14
2021-10-12,5.15,5.34,7.68,3.19
2021-10-13,3.91,2.67,5.15,27.8
2021-10-14,1.72,1.76,3.22,3.65
2021-10-15,2.57,0.34,10.28,0.0
2021-10-16,7.01,3.66,13.55,0.0
2021-10-17,9.95,1.7,22.27,0.0
2021-10-18,11.02,2.97,22.08,0.0
2021-10-19,3.38,-0.83,8.78,0.0
2021-10-20,-0.03,-3.9,3.87,0.0
2021-10-21,-1.18,-8.03,7.46,0.0
2021-10-22,1.83,-2.13,8.29,0.0
2021-10-23,1.5,-2.91,7.46,0.0
2021-10-24,4.05,1.55,5.36,5.16
2021-10-25,4.45,3.45,6.83,0.0
2021-10-26,5.06,4.57,7.75,10.5
2021-10-27,6.29,3.69,14.13,1.5
2021-10-28,4.51,-1.48,10.93,0.0
2021-10-29,8.41,-2.12,20.75,0.0
2021-10-30,3.73,-3.57,11.73,0.1
2021-10-31,-1.45,-7.1,5.72,0.0
2021-11-01,-4.17,-7.93,-0.25,0.0
2021-11-02,-5.37,-9.12,3.72,0.0
2021-11-03,-1.08,-10.73,8.25,0.0
2021-11-04,3.29,-5.06,14.19,0.0
2021-11-05,7.18,3.43,14.39,0.95
2021-11-06,6.39,1.35,15.57,0.0
2021-11-07,5.01,1.12,9.47,0.59
2021-11-08,2.74,-6.32,9.32,0.0
2021-11-09,1.58,-4.88,9.55,0.0
2021-11-10,5.57,-1.64,7.36,5.27
2021-11-11,-2.73,-5.48,0.23,3.57
2021-11-12,-7.0,-9.67,-5.47,0.0
2021-11-13,-3.46,-6.5,1.73,4.16
2021-11-14,-0.91,-3.66,3.82,0.23
2021-11-15,3.64,0.18,4.91,0.0
2021-11-16,3.77,-2.52,7.74,0.0
2021-11-17,-4.53,-5.03,-2.93,0.68
2021-11-18,-7.99,-11.44,-3.28,0.0
2021-11-19,-0.52,-4.32,3.24,0.0
2021-11-20,0.35,-8.64,5.01,0.0
2021-11-21,-7.75,-10.96,-3.37,0.0
2021-11-22,-1.46,-6.56,5.4,0.0
2021-11-23,-0.11,-1.99,6.44,0.0
2021-11-24,-10.39,-19.77,-0.06,0.27
2021-11-25,-7.16,-18.71,0.12,0.0
2021-11-26,5.51,2.0,9.37,0.0
2021-11-27,-0.55,-5.48,2.68,0.66
2021-11-28,0.67,-7.13,4.64,0.0
2021-11-29,4.34,-4.58,7.0,0.0
2021-11-30,-1.31,-5.32,5.72,2.1
2021-12-01,5.58,-3.25,10.0,0.0
2021-12-02,1.84,-3.28,5.3,0.19
2021-12-03,-3.24,-8.48,1.91,0.0
2021-12-04,-5.67,-9.63,-0.5,6.11
2021-12-05,-5.63,-20.71,-4.29,1.53
2021-12-06,-21.05,-23.29,-13.75,0.0
2021-12-07,-12.58,-18.95,-11.49,0.0
2021-12-08,-7.44,-17.19,2.38,0.43
2021-12-09,-3.32,-7.98,2.22,0.51
2021-12-10,-5.51,-7.39,-4.44,0.0
2021-12-11,-3.69,-7.36,0.54,0.0
2021-12-12,2.31,-1.12,1.82,2.59
2021-12-13,-4.0,-5.31,0.44,0.0
2021-12-14,-4.32,-10.03,2.12,0.0
2021-12-15,-10.56,-16.33,-5.45,1.58
2021-12-16,-19.32,-21.37,-15.53,0.0
2021-12-17,-18.29,-23.65,-16.36,4.36
2021-12-18,-20.88,-32.65,-9.02,0.0
2021-12-19,-5.82,-15.61,-1.54,1.28
2021-12-20,-17.1,-19.88,-13.37,1.9
2021-12-21,-12.49,-19.24,-10.13,0.61
2021-12-22,-8.11,-12.36,-4.71,1.4
2021-12-23,-4.01,-8.43,1.42,0.0
2021-12-24,-11.11,-17.55,6.27,0.51
2021-12-25,-19.01,-26.92,-19.79,2.57
2021-12-26,-18.79,-28.55,-14.27,6.43
2021-12-27,-21.98,-27.98,-13.21,3.48
2021-12-28,-28.1,-32.07,-22.78,0.0
2021-12-29,-28.85,-32.88,-25.65,0.0
2021-12-30,-24.84,-30.75,-17.75,0.0
2021-12-31,-29.86,-31.7,-25.51,0.0
2022-01-01,-29.05,-32.48,-24.21,0.0
2022-01-02,-15.6,-29.19,-5.96,0.0
2022-01-03,-13.18,-17.29,-6.46,0.0
2022-01-04,-20.1,-19.24,-17.89,4.93
2022-01-05,-25.74,-30.13,-21.57,0.0
2022-01-06,-29.85,-34.53,-27.69,0.0
2022-01-07,-19.49,-31.13,-8.48,0.82
2022-01-08,-18.33,-21.83,-4.69,0.0
2022-01-09,-22.93,-28.32,-19.05,0.0
2022-01-10,-13.6,-22.13,-7.46,0.0
2022-01-11,-1.78,-7.66,1.71,0.0
2022-01-12,-1.47,-5.79,0.68,0.0
2022-01-13,-3.58,-9.38,-1.09,2.74
2022-01-14,-7.85,-13.32,-6.73,2.76
2022-01-15,-5.41,-9.79,0.03,0.0
2022-01-16,-2.47,-4.12,-0.79,0.0
2022-01-17,-4.88,-7.15,-1.48,0.0
2022-01-18,-11.03,-22.54,3.56,0.0
2022-01-19,-26.68,-31.44,-23.47,0.0
2022-01-20,-20.77,-32.21,-7.15,0.0
2022-01-21,-5.41,-12.86,1.09,2.43
2022-01-22,-12.76,-17.22,-2.23,1.66
2022-01-23,-7.82,-16.18,1.32,0.0
2022-01-24,-17.34,-24.47,-8.25,1.05
2022-01-25,-23.07,-27.53,-14.38,0.0
2022-01-26,-4.67,-14.31,0.78,0.49
2022-01-27,-8.33,-13.2,-0.4,0.0
2022-01-28,-10.62,-14.57,-6.46,0.0
2022-01-29,-3.81,-13.35,-2.8,0.0
2022-01-30,-8.19,-14.83,-1.83,0.0
2022-01-31,-2.79,-13.94,2.69,0.0
2022-02-01,-20.74,-22.61,-12.5,0.0
2022-02-02,-26.74,-31.58,-22.17,0.0
2022-02-03,-19.6,-32.54,-13.08,0.0
2022-02-04,-22.14,-28.83,-12.29,2.7
2022-02-05,-4.28,-12.68,0.7,1.39
2022-02-06,-9.55,-12.94,-0.19,0.0
2022-02-07,1.06,-4.11,4.7,0.0
2022-02-08,0.48,-1.59,2.09,0.0
2022-02-09,-1.19,-6.97,-0.41,0.0
2022-02-10,3.17,-1.61,4.27,2.31
2022-02-11,-15.37,-17.1,-4.33,0.0
2022-02-12,-14.21,-19.86,-10.88,1.73
2022-02-13,-9.28,-21.03,1.68,0.13
2022-02-14,-15.01,-19.55,-11.46,0.52
2022-02-15,-10.51,-13.27,-8.12,0.0
2022-02-16,-15.54,-20.11,-7.09,0.0
2022-02-17,-15.5,-21.47,-2.7,0.03
2022-02-18,-11.21,-18.88,0.59,0.83
2022-02-19,-5.57,-18.89,3.82,0.0
2022-02-20,-13.45,-18.81,2.51,4.38
2022-02-21,-24.46,-23.23,-21.49,0.0
2022-02-22,-24.64,-27.5,-19.48,0.0
2022-02-23,-27.0,-28.08,-19.17,0.0
2022-02-24,-22.83,-25.94,-15.4,0.0
2022-02-25,-17.59,-22.39,-9.98,0.0
2022-02-26,-7.32,-10.95,-3.03,0.0
2022-02-27,-3.24,-7.06,3.84,0.0
2022-02-28,-3.37,-8.45,1.01,3.29
2022-03-01,-5.84,-8.36,-0.17,0.0
2022-03-02,-8.36,-14.72,-4.47,0.19
2022-03-03,-8.29,-12.45,-7.42,1.44
2022-03-04,-6.83,-10.48,-4.2,0.0
2022-03-05,-7.28,-9.79,-7.91,0.0
2022-03-06,-10.36,-15.86,-7.4,0.0
2022-03-07,-5.44,-12.81,-0.11,0.0
2022-03-08,-10.07,-14.52,-4.44,0.43
2022-03-09,-16.58,-19.92,-13.16,0.0
2022-03-10,-14.26,-20.8,-4.2,0.14
2022-03-11,-20.33,-23.59,-15.41,0.0
2022-03-12,-5.69,-15.46,3.69,0.0
2022-03-14,-0.01,-6.05,6.48,2.93
2022-03-15,4.67,-0.92,11.08,0.0
2022-03-16,2.61,-0.35,8.96,0.0
2022-03-17,1.87,-2.63,7.49,0.0
2022-03-18,3.95,-1.5,11.79,0.0
2022-03-19,4.14,-5.02,13.13,0.0
2022-03-20,5.24,0.82,12.84,0.0
2022-03-21,3.59,-2.33,9.0,0.0
2022-03-22,2.02,-3.33,5.65,0.0
2022-03-23,-0.13,-5.09,10.83,0.0
2022-03-24,2.7,-0.53,12.3,0.0
2022-03-25,-1.35,-6.09,3.65,0.0
2022-03-26,-7.19,-11.41,-2.49,0.0
2022-03-27,-1.21,-8.98,5.56,0.0
2022-03-28,1.39,-4.51,11.59,0.62
2022-03-29,-0.07,-2.75,1.91,0.99
2022-03-30,-3.23,-5.66,5.29,0.64
2022-03-31,0.72,-8.36,11.05,0.0
2022-04-01,0.36,-5.66,9.98,0.7
2022-04-02,-0.28,-6.99,9.62,0.0
2022-04-03,1.66,1.18,8.98,0.7
2022-04-04,5.6,-3.3,16.31,0.0
2022-04-05,5.58,1.75,8.49,3.58
2022-04-06,1.65,-1.28,5.63,1.33
2022-04-07,1.88,-2.96,8.55,0.0
2022-04-08,2.8,-8.48,9.86,0.0
2022-04-09,6.74,2.2,14.36,2.05
2022-04-10,0.48,-5.1,11.03,0.22
2022-04-11,1.44,-6.69,4.79,0.0
2022-04-12,-4.24,-8.92,-4.79,12.59
2022-04-13,-5.93,-4.64,-3.73,29.78
2022-04-14,-7.29,-9.86,-6.34,4.61
2022-04-15,-11.06,-15.34,-5.57,0.76
2022-04-16,-9.59,-16.36,-2.77,0.0
2022-04-17,-6.62,-10.41,-5.12,11.64
2022-04-18,-7.57,-15.76,-0.15,0.0
2022-04-19,-2.93,-6.89,1.76,0.64
2022-04-20,1.44,-2.45,2.46,0.0
2022-04-21,1.42,-2.74,0.63,2.22
2022-04-22,2.47,-1.01,2.74,0.0
2022-04-23,-0.49,1.76,1.97,54.28
2022-04-24,-0.29,-0.41,1.74,20.85
2022-04-25,-4.52,-7.34,-1.91,0.0
2022-04-26,-1.66,-4.87,3.35,0.0
2022-04-27,-0.76,-2.93,3.8,0.0
2022-04-28,3.5,-1.14,12.42,2.52
2022-04-29,6.29,2.52,9.72,0.0
2022-04-30,6.92,0.49,12.0,0.0
2022-05-01,4.67,3.42,12.8,0.0
2022-05-02,6.69,-3.02,13.13,0.0
2022-05-03,4.85,-2.55,11.99,0.0
2022-05-04,10.16,2.71,18.02,0.0
2022-05-05,13.07,1.87,22.5,0.0
2022-05-06,11.89,8.75,20.35,0.0
2022-05-07,17.15,9.02,23.04,1.85
2022-05-08,9.82,3.39,17.55,0.63
2022-05-09,5.36,5.46,11.51,12.24
2022-05-10,10.51,1.25,18.47,0.0
2022-05-11,10.39,7.46,11.79,16.08
2022-05-12,8.61,6.66,15.48,18.85
2022-05-13,7.74,5.33,10.22,20.65
2022-05-14,9.29,2.49,15.46,0.87
2022-05-15,12.5,3.62,18.24,0.0
2022-05-16,11.51,2.72,18.69,0.0
2022-05-17,15.94,12.13,25.5,1.57
2022-05-18,12.49,8.94,16.36,0.0
2022-05-19,9.29,7.28,14.4,2.43
2022-05-20,3.14,0.42,4.48,4.3
2022-05-21,2.26,-2.67,9.44,0.26
2022-05-22,5.66,-0.24,15.05,0.0
2022-05-23,9.31,1.6,13.95,0.45
2022-05-24,8.97,2.42,19.26,0.75
2022-05-25,15.02,6.57,21.31,0.0
2022-05-26,16.48,8.77,22.88,0.0
2022-05-27,15.9,6.01,23.19,0.93
2022-05-28,14.36,12.07,22.76,7.03
2022-05-29,13.77,13.76,17.77,22.29
2022-05-30,11.4,9.37,16.94,0.0
2022-05-31,12.22,5.67,16.14,0.0
2022-06-01,12.2,3.39,22.15,0.0
2022-06-02,12.29,5.01,19.52,0.0
2022-06-03,12.94,2.7,21.32,0.0
2022-06-04,15.25,5.12,23.52,0.0
2022-06-05,13.29,7.56,19.54,0.0
2022-06-06,9.98,4.72,17.29,0.0
2022-06-07,11.78,8.8,16.7,1.34
2022-06-08,14.46,7.92,20.93,0.82
2022-06-09,15.17,10.12,19.59,4.49
2022-06-10,16.82,7.76,21.76,2.48
2022-06-11,18.58,13.25,28.21,0.0
2022-06-12,18.87,12.77,21.54,1.18
2022-06-13,18.63,14.54,23.65,22.05
2022-06-14,17.17,10.95,19.85,6.16
2022-06-15,13.27,8.73,15.32,4.63
2022-06-16,16.92,11.98,19.12,0.53
2022-06-17,18.73,7.99,27.79,0.0
2022-06-18,25.63,18.93,32.48,0.0
2022-06-19,24.88,17.59,31.55,0.0
2022-06-20,20.35,16.84,28.43,2.07
2022-06-21,15.3,11.92,22.0,15.48
