2014-08-14,14.34,5.93,21.23,
2014-08-15,16.07,5.91,25.92,
2014-08-16,17.92,17.08,25.47,
2014-08-17,15.98,9.54,19.76,
2014-08-18,16.0,9.16,20.13,
2014-08-20,18.95,15.58,21.9,
2014-08-21,16.16,12.88,19.81,
2014-08-22,21.56,18.24,24.27,
2014-08-23,20.73,17.8,23.85,
2014-08-24,22.04,18.22,24.0,
2014-08-25,24.02,21.28,27.48,
2014-08-26,18.43,13.19,21.74,
2014-08-27,17.04,11.89,21.97,
2014-08-28,13.67,12.56,19.47,
2014-08-29,19.5,14.19,25.97,
2014-09-01,21.73,14.13,23.44,
2014-09-02,17.15,10.62,26.08,
2014-09-03,18.33,9.71,25.68,
2014-09-04,19.94,18.01,24.78,
2014-09-05,20.59,15.44,21.72,
2014-09-06,16.27,8.72,22.52,
2014-09-07,14.34,8.67,25.97,
2014-09-08,18.57,11.72,22.86,
2014-09-09,19.41,15.35,25.93,
2014-09-10,15.36,8.19,19.61,
2014-09-11,9.2,5.56,10.92,
2014-09-16,12.28,3.55,18.81,
2014-09-17,13.6,4.92,22.31,
2014-09-18,9.01,3.65,14.4,
2014-09-19,15.55,2.44,23.29,
2014-09-20,19.3,17.0,24.04,
2014-09-21,10.48,5.29,15.49,
2014-09-22,11.05,-0.09,19.67,
2014-09-23,15.47,7.32,23.1,
2014-09-24,16.63,5.69,21.0,
2014-09-25,16.62,12.5,23.09,
2014-09-26,12.79,5.71,23.98,
2014-09-27,15.77,6.18,24.85,
2014-09-28,17.67,8.73,25.35,
2014-10-02,13.96,11.25,18.65,
2014-10-03,12.26,5.51,15.65,
2014-10-04,4.11,4.98,6.0,
2014-10-05,6.0,0.1,8.07,
2014-10-06,6.64,-1.47,12.89,
2014-10-07,10.96,8.02,16.79,
2014-10-08,8.16,2.5,14.25,
2014-10-09,6.59,-2.35,14.25,
2014-10-10,5.72,-1.63,12.2,
2014-10-11,7.11,1.14,13.26,
2014-10-12,8.05,-0.42,12.9,
2014-10-13,12.0,9.28,14.38,
2014-10-14,10.88,10.66,12.05,
2014-10-16,8.72,7.52,11.09,
2014-10-17,6.77,6.97,11.7,
2014-10-18,3.81,-1.7,11.79,
2014-10-19,5.53,-3.26,10.37,
2014-10-20,9.94,5.13,9.94,
2014-10-21,6.05,-0.34,8.47,
2014-10-22,5.07,-2.63,9.47,
2014-10-23,5.14,-1.04,10.53,
2014-10-24,8.1,7.94,13.54,
2014-10-25,13.6,7.32,18.0,
2014-10-26,9.15,0.16,15.21,
2014-10-27,11.9,8.66,14.95,
2014-10-28,7.48,7.04,10.5,
2014-10-29,7.69,4.24,10.0,
2014-11-02,2.91,-3.64,9.83,
2014-11-04,6.39,4.19,11.73,
2014-11-05,5.73,4.79,6.44,
2014-11-06,0.33,-1.68,2.77,
2014-11-07,2.51,-2.25,4.9,
2014-11-09,-0.1,-3.62,4.24,
2014-11-10,0.86,-1.74,6.18,
2014-11-11,-0.9,-3.55,0.88,
2014-11-12,-5.57,-5.73,-1.68,
2014-11-13,-5.91,-8.23,-2.0,
2014-11-14,-6.98,-10.06,-1.79,
2014-11-15,-7.0,-11.81,-3.03,
2014-11-16,-6.09,-8.08,-3.4,
2014-11-17,-9.6,-13.56,-8.44,
2014-11-18,-9.72,-12.27,-6.37,
2014-11-19,-7.12,-10.59,-5.09,
2014-11-20,-9.32,-11.85,-5.96,
2014-11-21,-8.77,-14.49,-1.34,
2014-11-22,2.12,-0.95,3.43,
2014-11-23,4.45,3.47,8.77,
2014-11-24,2.15,-6.07,6.44,
2014-11-25,-5.78,-8.44,-5.17,
2014-11-26,-9.51,-15.67,-5.7,
2014-11-27,-12.34,-18.94,-5.27,
2014-11-28,-9.6,-20.19,-6.5,
2014-12-01,-14.08,-18.48,-12.2,
2014-12-02,-8.41,-17.16,0.55,
2014-12-03,-6.98,-11.98,-4.06,
2014-12-04,-7.63,-16.41,-3.83,
2014-12-05,-3.06,-12.53,0.64,
2014-12-06,-3.76,-11.43,-0.67,
2014-12-07,-7.29,-15.37,-0.15,
2014-12-08,0.8,0.34,1.81,
2014-12-10,-6.9,-11.37,-3.39,
2014-12-11,-7.51,-11.16,-0.88,
2014-12-13,2.51,0.15,3.45,
2014-12-14,5.01,2.83,5.46,
2014-12-15,4.8,3.4,4.86,
2014-12-16,1.05,-0.74,4.52,
2014-12-17,-4.2,-5.48,0.17,
2014-12-18,-4.15,-9.71,-0.03,
2014-12-19,-8.52,-10.04,-0.79,
2014-12-20,-5.27,-9.1,-3.06,
2014-12-21,0.02,-2.19,1.2,
2014-12-22,2.44,1.64,2.71,
2014-12-23,1.43,1.17,4.54,
2014-12-24,1.62,-0.08,2.7,
2014-12-25,-0.61,-2.02,2.41,
2014-12-26,-0.65,-3.37,3.22,
2014-12-27,-0.61,-0.82,1.64,
2014-12-28,-5.11,-9.46,-4.24,
2014-12-29,-9.94,-15.44,-7.91,
2015-01-01,-8.88,-7.78,-2.89,
2015-01-02,-9.18,-15.58,-6.53,
2015-01-03,-2.97,-10.3,0.44,
2015-01-04,-11.55,-22.53,-1.76,
2015-01-05,-21.54,-25.77,-20.3,
2015-01-06,-18.51,-21.74,-12.03,
2015-01-07,-19.02,-20.01,-15.57,
2015-01-08,-17.2,-20.5,-14.94,
2015-01-09,-17.34,-19.36,-14.29,
2015-01-10,-15.2,-18.92,-6.91,
2015-01-11,-8.1,-8.44,-6.3,
2015-01-12,-15.48,-22.19,-8.55,
2015-01-13,-16.89,-25.35,-9.15,
2015-01-14,-13.49,-18.46,-7.2,
2015-01-16,-8.23,-9.42,-6.08,
2015-01-17,0.32,-3.35,4.35,
2015-01-18,0.44,-3.31,0.26,
2015-01-20,-6.0,-6.06,-3.47,
2015-01-21,-6.8,-10.77,-2.32,
2015-01-23,-1.14,-3.68,1.61,
2015-01-24,2.61,-4.83,2.86,
2015-01-25,-8.8,-11.33,-5.69,
2015-01-26,-6.04,-14.06,-3.38,
2015-01-27,-7.18,-13.46,-4.2,
2015-01-29,-1.86,-6.5,-0.43,
2015-02-01,-11.41,-14.14,-10.73,
2015-02-02,-13.3,-16.01,-9.68,
2015-02-03,-13.28,-14.14,-5.55,
2015-02-04,-12.67,-22.09,-9.08,
2015-02-05,-14.32,-23.41,-10.1,
2015-02-06,-6.77,-13.65,-3.22,
2015-02-07,-1.45,-4.69,1.3,
2015-02-08,-8.35,-8.59,-0.66,
2015-02-09,-11.08,-13.62,-4.61,
2015-02-10,-10.03,-13.88,-4.26,
2015-02-11,-5.15,-10.43,1.24,
2015-02-12,-13.14,-20.63,-11.88,
2015-02-13,-12.89,-22.31,-8.1,
2015-02-14,-16.79,-19.93,-8.45,
2015-02-15,-17.91,-21.5,-14.52,
2015-02-16,-10.55,-14.73,-7.61,
2015-02-17,-11.93,-18.07,-10.69,
2015-02-18,-18.51,-24.13,-15.43,
2015-02-19,-21.37,-27.16,-16.89,
2015-02-20,-16.2,-26.92,-8.37,
2015-02-21,-7.37,-9.5,-2.24,
2015-02-22,-16.26,-25.2,-9.82,
2015-02-23,-19.42,-26.6,-12.52,
2015-02-24,-8.56,-14.65,0.56,
2015-02-25,-14.38,-24.59,-9.86,
2015-03-01,-8.81,-12.12,-2.05,
2015-03-02,-9.66,-14.3,-1.93,
2015-03-03,-3.22,-6.74,-2.88,
2015-03-04,-11.34,-18.89,-2.32,
2015-03-06,-9.11,-20.29,-0.17,
2015-03-07,-4.69,-13.83,4.59,
2015-03-09,2.66,-3.53,11.32,
2015-03-10,6.78,0.68,15.13,
2015-03-11,4.46,-2.89,13.14,
2015-03-12,3.09,-3.33,8.96,
2015-03-13,8.73,3.85,18.97,
2015-03-14,4.37,-2.58,10.08,
2015-03-15,2.05,-5.87,10.61,
2015-03-16,9.96,4.1,14.33,
2015-03-17,-0.29,-3.29,3.18,
2015-03-18,1.45,-3.07,8.69,
2015-03-19,1.17,-6.59,4.77,
2015-03-20,6.11,-0.54,12.18,
2015-03-21,-0.06,-5.31,7.06,
2015-03-22,-2.6,-8.78,2.92,
2015-03-24,-4.78,-11.21,4.6,
2015-03-25,0.85,-1.34,5.3,
2015-03-26,0.28,-5.96,2.19,
2015-03-27,-7.11,-9.6,-0.65,
2015-03-28,-2.64,-14.46,3.42,
2015-03-29,1.07,-0.78,5.93,
2015-04-02,14.49,9.64,18.27,
2015-04-03,2.74,-6.39,10.62,
2015-04-04,1.11,-6.93,7.67,
2015-04-05,1.98,-0.62,2.21,
2015-04-06,1.91,-2.7,3.27,
2015-04-08,2.77,0.89,6.68,
2015-04-09,1.19,1.62,2.36,
2015-04-10,4.01,-0.73,8.02,
2015-04-11,7.18,-2.42,15.34,
2015-04-16,4.51,-1.21,17.63,
2015-04-17,10.98,1.24,18.32,
2015-04-18,8.16,1.93,12.32,
2015-04-19,8.31,4.49,12.98,
2015-04-20,5.6,3.61,8.65,
2015-04-21,3.3,0.31,8.09,
2015-04-22,2.12,-1.45,3.47,
2015-04-23,3.69,-0.59,10.11,
2015-04-24,2.13,-5.57,8.07,
2015-04-25,5.23,3.41,7.91,
2015-04-26,5.21,-1.91,11.38,
2015-04-27,7.22,3.02,13.28,
2015-04-28,7.33,-0.86,13.59,
2015-05-02,16.04,6.91,26.26,
2015-05-03,19.83,8.26,27.94,
2015-05-04,16.73,9.83,20.23,
2015-05-05,11.84,3.4,20.32,
2015-05-06,11.53,9.04,18.39,
2015-05-07,19.32,5.7,29.81,
2015-05-08,20.96,10.58,24.84,
2015-05-09,9.21,8.78,13.44,
2015-05-11,10.88,7.06,16.86,
2015-05-12,7.55,3.79,11.8,
2015-05-13,8.79,0.21,13.28,
2015-05-17,15.92,12.18,20.51,
2015-05-18,14.59,8.0,19.5,
2015-05-19,5.9,0.68,9.52,
2015-05-21,10.39,2.54,24.53,
2015-05-22,9.36,-2.44,16.56,
2015-05-25,16.57,12.09,26.2,
2015-05-29,18.82,17.1,27.03,
2015-06-03,16.35,9.33,23.14,
2015-06-04,17.55,12.38,21.12,
2015-06-07,18.35,13.01,26.91,
2015-06-08,16.81,10.5,22.5,
2015-06-09,18.33,11.08,24.68,
2015-06-11,12.99,11.46,16.16,
2015-06-12,17.18,10.41,20.17,
2015-06-13,15.42,8.89,17.68,
2015-06-16,16.28,12.94,18.37,
2015-06-21,18.8,9.92,28.26,
2015-06-26,19.03,10.98,20.77,
2015-06-27,17.81,10.61,24.92,
2015-07-06,21.95,14.46,26.26,
2015-07-09,18.64,8.41,24.22,
2015-07-10,21.29,11.61,26.53,
2015-07-11,23.34,13.69,27.67,
2015-07-12,22.76,12.74,27.13,
2015-07-14,19.52,14.76,22.86,
2015-07-15,15.82,8.86,20.47,
2015-07-19,24.81,20.46,26.99,
2015-07-20,25.15,17.28,27.52,
2015-07-21,18.48,12.73,26.94,
2015-07-23,21.61,15.51,30.03,
2015-07-24,21.69,15.17,29.1,
2015-07-25,23.73,18.73,30.39,
2015-07-28,22.68,13.45,30.28,
2015-07-29,23.18,20.52,31.05,
2015-08-02,20.2,13.51,26.51,
2015-08-03,18.43,12.22,24.06,
2015-08-04,17.94,11.39,24.52,
2015-08-05,17.39,13.39,23.1,
2015-08-08,19.05,15.91,22.25,
2015-08-09,18.87,12.67,24.76,
2015-08-10,22.54,16.98,26.08,
2015-08-12,20.03,8.98,28.84,
2015-08-13,23.09,18.52,29.06,
2015-08-15,21.47,13.71,27.94,
2015-08-16,26.83,17.74,31.36,
2015-08-17,22.13,18.93,23.45,
2015-08-20,15.42,9.14,19.56,
2015-08-21,17.79,8.13,26.8,
2015-08-27,14.44,8.44,23.39,
2015-08-28,18.66,12.05,21.71,
2015-08-29,18.29,13.95,19.72,
2015-09-02,21.84,16.99,31.09,
2015-09-04,18.72,16.83,22.97,
2015-09-05,19.3,15.25,26.06,
2015-09-06,24.72,19.23,31.23,
2015-09-07,21.32,18.86,25.01,
2015-09-08,21.09,16.74,20.54,
2015-09-09,16.95,7.4,24.38,
2015-09-10,15.2,13.58,20.22,
2015-09-11,13.73,8.27,14.57,
2015-09-12,9.85,5.09,17.3,
2015-09-13,11.24,3.48,20.34,
2015-09-14,17.05,7.48,26.22,
2015-09-15,20.91,16.26,27.51,
2015-09-16,22.1,18.83,27.03,
2015-09-17,21.74,17.22,26.72,
2015-09-18,18.76,14.7,21.77,
2015-09-19,14.3,9.38,20.43,
2015-09-20,13.27,8.38,20.6,
2015-09-21,16.45,8.1,22.94,
2015-09-22,16.68,6.71,25.89,
2015-09-24,16.79,12.37,22.26,
2015-09-25,18.0,14.03,23.73,
2015-09-26,16.95,11.59,21.01,
2015-09-27,15.95,7.47,23.84,
2015-09-28,19.42,13.67,24.23,
2015-10-04,8.48,7.02,11.19,
2015-10-05,11.96,9.15,13.8,
2015-10-06,14.22,6.88,21.91,
2015-10-07,8.83,2.44,13.13,
2015-10-08,10.32,1.01,12.89,
2015-10-09,12.15,4.75,16.72,
2015-10-10,10.36,0.84,17.27,
2015-10-11,16.47,11.81,26.29,
2015-10-12,14.8,7.8,23.21,
2015-10-13,10.7,7.8,14.65,
2015-10-14,8.23,0.58,16.4,
2015-10-15,10.56,5.19,15.67,
2015-10-16,4.12,-3.88,7.76,
2015-10-17,2.44,-3.31,8.43,
2015-10-18,3.79,-4.6,11.43,
2015-10-19,15.05,7.84,17.86,
2015-10-20,9.92,9.27,15.03,
2015-10-21,12.21,5.3,19.85,
2015-10-22,8.24,1.31,16.46,
2015-10-23,8.63,3.37,12.5,
2015-10-24,11.36,3.92,16.12,
2015-10-25,8.32,1.12,11.91,
2015-10-26,7.97,3.63,12.73,
2015-10-27,9.0,2.61,14.1,
2015-10-28,7.9,1.77,10.97,
2015-11-01,9.48,4.69,14.24,
2015-11-02,9.78,3.19,17.59,
2015-11-03,9.26,4.12,17.9,
2015-11-04,10.07,4.91,19.34,
2015-11-05,17.11,14.9,19.34,
2015-11-06,8.36,2.99,13.36,
2015-11-08,5.33,-7.06,12.01,
2015-11-09,4.7,-0.21,11.77,
2015-11-10,0.49,-4.76,10.89,
2015-11-11,7.0,0.57,11.94,
2015-11-12,7.43,5.1,11.48,
2015-11-13,3.57,-2.43,4.74,
2015-11-15,4.23,-0.94,13.17,
2015-11-16,8.31,-1.48,13.5,
2015-11-17,9.64,9.79,12.71,
2015-11-18,11.8,8.42,14.25,
2015-11-21,-0.81,-6.03,-1.52,
2015-11-22,-6.44,-10.33,-4.86,
2015-11-24,0.31,-5.64,5.04,
2015-11-25,5.16,-0.36,10.81,
2015-11-28,-5.17,-10.69,0.42,
2015-12-01,4.66,-2.94,6.1,
2015-12-02,-0.39,-5.08,3.68,
2015-12-03,1.67,-0.77,4.32,
2015-12-04,0.97,-4.05,7.58,
2015-12-07,1.32,-2.57,0.99,
2015-12-11,5.27,3.63,7.57,
2015-12-12,4.42,2.94,6.24,
2015-12-15,3.35,-0.84,1.31,
2015-12-16,5.46,2.0,4.48,
2015-12-19,-5.71,-9.35,-4.42,
2015-12-20,0.9,-6.93,4.18,
2015-12-21,-0.53,-0.99,2.79,
2015-12-22,-1.32,-2.12,3.74,
2015-12-23,4.5,2.64,9.15,
2015-12-25,-2.57,-6.46,1.93,
2015-12-26,-0.96,-3.98,2.33,
2015-12-27,-0.95,-5.7,-0.61,
2016-01-02,-4.08,-8.53,-0.3,
2016-01-04,-8.41,-14.35,-3.94,
2016-01-05,-5.84,-15.69,-2.77,
2016-01-07,0.52,-2.5,2.47,
2016-01-09,0.16,-7.62,0.75,
2016-01-10,-10.89,-17.32,-7.39,
2016-01-14,-8.36,-12.16,-1.77,
2016-01-15,-3.04,-4.95,0.58,
2016-01-17,-18.97,-21.0,-15.2,
2016-01-19,-15.77,-23.17,-10.46,
2016-01-20,-9.4,-13.14,-7.61,
2016-01-21,-5.6,-6.0,-4.72,
2016-01-22,-5.16,-8.2,-1.71,
2016-01-23,-7.15,-13.49,-1.17,
2016-01-24,-4.09,-4.06,-3.42,
2016-01-26,-2.37,-5.32,0.3,
2016-01-29,-10.47,-18.97,-2.13,
2016-02-01,-1.23,-5.42,1.85,
2016-02-02,-1.55,-8.5,0.98,
2016-02-03,-2.29,-5.64,1.1,
2016-02-04,-8.37,-9.26,-2.82,
2016-02-05,-4.07,-8.52,-5.0,
2016-02-07,3.39,-2.66,3.73,
2016-02-09,-7.89,-13.07,-6.52,
2016-02-11,-12.35,-19.95,-6.52,
2016-02-12,-12.6,-17.01,-9.4,
2016-02-13,-15.78,-20.65,-10.2,
2016-02-14,-14.32,-25.09,-7.84,
2016-02-15,-6.31,-9.33,-4.66,
2016-02-16,-3.05,-6.83,1.12,
2016-02-17,-8.75,-17.19,-4.24,
2016-02-20,2.7,1.76,7.41,
2016-02-21,-0.45,-3.4,3.16,
2016-02-22,-2.52,-7.49,-2.27,
2016-02-26,-4.52,-6.61,0.05,
2016-02-27,2.94,-1.79,10.74,
2016-03-01,-8.12,-10.06,-6.05,
2016-03-02,-10.0,-16.85,-1.67,
2016-03-04,-4.87,-9.66,1.03,
2016-03-05,-0.57,-1.33,0.7,
2016-03-07,5.42,-0.85,13.98,
2016-03-08,11.6,2.82,19.46,
2016-03-11,3.18,0.81,5.43,
2016-03-12,7.39,0.53,17.69,
2016-03-14,5.54,2.99,8.37,
2016-03-15,4.6,2.48,7.22,
2016-03-16,3.66,2.77,6.59,
2016-03-17,3.35,-0.82,7.4,
2016-03-18,0.58,-1.9,2.41,
2016-03-19,-1.22,-3.48,4.83,
2016-03-20,0.33,-8.39,7.82,
2016-03-21,-0.16,-6.65,5.85,
2016-03-22,3.08,1.38,5.39,
2016-03-25,-2.68,-12.77,3.77,
2016-03-27,2.71,0.06,6.37,
2016-03-28,3.98,-0.41,11.57,
2016-03-29,2.91,-1.19,9.35,
2016-04-02,-1.43,-4.01,0.2,
2016-04-04,-4.39,-5.28,-0.15,
2016-04-08,-1.77,-5.27,-0.19,
2016-04-09,-3.31,-8.28,1.11,
2016-04-14,9.12,-1.77,14.07,
2016-04-15,8.28,0.37,16.03,
2016-04-16,8.75,-1.14,20.55,
2016-04-18,10.57,4.49,22.86,
2016-04-19,8.41,3.19,14.97,
2016-04-20,7.97,3.11,14.92,
2016-04-22,5.69,3.16,8.23,
2016-04-25,5.78,3.72,10.19,
2016-04-26,4.73,3.8,7.06,
2016-04-27,6.28,0.08,6.7,
2016-05-01,9.79,3.7,11.84,
2016-05-02,11.17,0.76,15.58,
2016-05-04,5.61,2.79,9.23,
2016-05-05,9.16,2.54,15.64,
2016-05-06,16.65,8.09,27.5,
2016-05-07,12.73,6.25,20.5,
2016-05-08,9.48,2.33,17.58,
2016-05-10,8.48,5.96,12.16,
2016-05-11,11.16,8.16,15.75,
2016-05-13,11.38,6.32,13.88,
2016-05-15,5.2,-0.18,12.01,
2016-05-16,12.01,5.78,18.54,
2016-05-17,9.41,-1.52,16.06,
2016-05-18,8.95,0.92,15.37,
2016-05-19,12.77,1.54,21.63,
2016-05-20,12.69,2.66,23.94,
2016-05-22,15.09,4.3,21.61,
2016-05-23,18.14,5.59,27.18,
2016-06-02,17.37,10.52,22.29,
2016-06-06,16.74,11.51,20.74,
2016-06-07,14.0,9.06,17.45,
2016-06-09,15.77,9.35,22.29,
2016-06-14,16.97,14.42,22.13,
2016-06-20,23.25,13.76,27.63,
2016-06-21,20.64,11.78,27.11,
2016-06-22,16.4,10.37,21.42,
2016-06-27,21.09,15.23,23.94,
2016-06-28,17.18,9.57,22.52,
2016-07-09,20.85,14.61,25.14,
2016-07-13,25.53,19.99,31.51,
2016-07-20,24.46,15.95,28.96,
2016-07-29,18.73,14.66,25.2,
2016-08-06,20.96,12.89,27.19,
2016-08-19,20.44,18.79,23.9,
2016-08-20,19.64,14.41,23.66,
2016-08-21,16.03,12.73,21.87,
2016-08-22,18.46,7.92,23.3,
2016-08-23,22.04,16.47,28.29,
2016-08-24,21.9,19.99,24.53,
2016-08-25,21.56,14.35,26.86,
2016-08-26,16.09,12.23,24.35,
2016-08-27,18.46,15.18,17.82,
2016-08-28,19.78,16.77,25.19,
2016-08-29,23.05,13.61,28.79,
2016-09-02,16.18,8.1,23.11,
2016-09-04,17.88,8.89,25.63,
2016-09-05,23.83,20.8,28.74,
2016-09-06,24.99,21.66,28.01,
2016-09-07,19.02,20.06,22.99,
2016-09-08,20.34,12.0,27.37,
2016-09-09,16.25,9.88,22.66,
2016-09-10,15.02,7.52,19.02,
2016-09-11,17.94,8.09,23.08,
2016-09-12,20.42,13.29,24.5,
2016-09-13,19.73,15.21,20.69,
2016-09-14,16.85,9.0,20.82,
2016-09-15,16.24,7.42,22.27,
2016-09-16,17.76,13.78,23.53,
2016-09-17,17.84,11.32,25.69,
2016-09-18,17.73,11.27,22.97,
2016-09-19,20.48,16.83,23.21,
2016-09-21,19.14,15.93,22.49,
2016-09-22,18.9,15.95,22.96,
2016-09-23,14.78,11.89,17.39,
2016-09-24,14.58,10.49,20.7,
2016-09-25,16.27,14.88,23.14,
2016-09-26,12.89,11.69,16.49,
2016-09-27,12.57,9.45,14.78,
2016-09-28,11.05,6.17,16.8,
2016-10-02,14.02,9.22,19.18,
2016-10-03,11.44,7.92,19.36,
2016-10-04,15.81,10.4,19.04,
2016-10-05,15.88,11.45,20.47,
2016-10-06,16.37,7.13,19.0,
2016-10-07,13.06,1.8,16.29,
2016-10-08,5.61,2.9,13.2,
2016-10-09,6.53,1.04,12.44,
2016-10-10,10.01,2.1,20.33,
2016-10-11,16.02,13.85,20.29,
2016-10-12,9.67,2.06,16.14,
2016-10-13,2.11,-0.75,7.34,
2016-10-14,7.46,-3.03,14.66,
2016-10-15,16.38,11.45,17.67,
2016-10-16,15.75,8.44,18.31,
2016-10-17,17.6,13.23,23.87,
2016-10-18,15.3,7.95,21.11,
2016-10-19,12.12,5.93,20.13,
2016-10-20,7.75,2.13,8.08,
2016-10-21,7.38,-0.44,11.07,
2016-10-22,3.22,-1.49,12.3,
2016-10-24,4.28,1.14,13.0,
2016-10-25,3.62,-2.81,11.7,
2016-10-26,4.43,6.99,8.76,
2016-10-28,8.26,3.35,15.24,
2016-11-02,8.8,6.93,12.02,
2016-11-04,6.85,-2.26,15.24,
2016-11-06,6.4,0.45,17.6,
2016-11-08,11.64,5.41,12.48,
2016-11-09,7.36,-1.4,15.99,
2016-11-12,3.41,-5.71,10.59,
2016-11-13,7.88,2.02,15.49,
2016-11-15,7.77,0.79,9.49,
2016-11-17,9.96,6.26,15.12,
2016-11-27,1.15,-3.24,5.31,
2016-11-28,8.51,6.75,9.03,
2016-12-04,-0.5,-1.28,-0.95,
2016-12-05,1.01,0.47,0.23,
2016-12-14,-13.18,-18.13,-12.43,
2016-12-16,-13.7,-17.29,-8.34,
2016-12-18,-18.96,-24.32,-14.25,
2016-12-21,-1.74,-4.58,1.6,
2016-12-22,-0.45,-4.89,1.75,
2016-12-28,-4.45,-13.92,3.07,
2017-01-07,-17.84,-21.71,-10.95,
2017-01-08,-12.54,-17.54,-10.04,
2017-01-09,-6.04,-10.99,-5.42,
2017-01-13,-16.07,-18.69,-10.32,
2017-01-14,-9.59,-17.07,-3.46,
2017-01-19,-1.01,-2.79,-0.24,
2017-02-12,-1.06,-1.85,5.09,
2017-02-16,-6.03,-13.4,-0.69,
2017-02-17,-0.48,-7.39,7.78,
2017-02-18,7.13,-1.85,14.32,
2017-02-26,-1.79,-8.55,5.08,
2017-03-04,-8.55,-17.8,-1.4,
2017-03-07,7.69,1.16,12.71,
2017-03-09,-1.34,-5.74,0.57,
2017-03-11,-7.83,-13.3,-3.07,
2017-03-14,-8.25,-11.79,-2.78,
2017-03-17,1.11,-0.74,0.54,
2017-03-19,-1.58,-6.94,3.57,
2017-03-21,1.81,-4.38,2.88,
2017-03-25,1.81,-0.48,3.73,
2017-03-26,2.25,0.63,3.19,
2017-04-04,8.67,1.4,14.72,
2017-04-05,3.56,-1.79,11.21,
2017-04-08,8.09,-3.43,14.79,
2017-04-09,16.55,9.51,19.22,
2017-04-10,6.28,1.77,16.52,
2017-04-23,6.03,3.43,8.69,
2017-04-24,8.25,1.19,12.73,
2017-04-25,12.33,6.74,19.9,
2017-04-28,6.11,0.63,8.93,
2017-05-02,6.21,4.82,10.43,
2017-05-03,7.49,-0.61,15.17,
2017-05-04,9.34,1.28,16.49,
2017-05-06,9.42,2.82,15.88,
2017-05-07,7.15,1.57,10.57,
2017-05-09,7.6,-2.75,12.77,
2017-05-10,11.62,8.35,20.75,
2017-05-11,13.97,5.78,19.84,
2017-05-12,13.74,10.66,18.58,
2017-05-13,11.07,3.76,19.9,
2017-05-14,10.96,4.57,16.28,
2017-05-15,10.07,4.13,20.11,
2017-05-16,15.17,6.43,26.1,
2017-05-17,20.86,15.85,23.59,
2017-05-18,13.6,2.8,19.03,
2017-05-19,7.76,1.41,10.83,
2017-05-20,7.98,4.28,11.46,
2017-05-21,11.86,8.17,16.11,
2017-05-22,12.09,7.77,20.65,
2017-05-23,9.33,2.67,12.22,
2017-05-24,9.63,9.09,13.8,
2017-05-25,12.51,8.02,19.27,
2017-05-26,13.65,6.3,20.03,
2017-05-27,16.31,6.33,25.33,
2017-05-28,16.58,9.48,21.96,
2017-05-29,14.25,12.16,18.67,
2017-06-03,17.34,10.63,26.52,
2017-06-04,20.48,13.42,27.53,
2017-06-05,17.48,9.25,20.61,
2017-06-06,16.26,9.24,22.81,
2017-06-07,17.55,7.35,24.46,
2017-06-08,20.14,8.98,26.72,
2017-06-09,17.68,13.39,20.52,
2017-06-12,21.95,18.53,26.69,
2017-06-13,20.33,16.01,22.22,
2017-06-14,20.25,17.0,23.06,
2017-06-15,20.69,14.87,31.25,
2017-06-16,21.04,13.29,27.24,
2017-06-17,22.18,17.54,26.31,
2017-06-20,16.02,9.27,21.06,
2017-06-21,18.79,10.29,25.47,
2017-06-22,20.22,15.97,24.1,
2017-06-23,19.27,14.73,22.26,
2017-06-24,14.91,10.97,19.07,
2017-06-25,13.9,9.75,21.38,
2017-06-26,10.6,8.33,17.25,
2017-06-27,15.16,8.08,23.39,
2017-06-28,15.32,9.85,20.79,
2017-07-02,18.65,13.78,24.48,
2017-07-03,18.03,10.78,21.82,
2017-07-04,18.54,11.82,26.91,
2017-07-05,18.37,13.71,24.93,
2017-07-06,23.76,15.45,30.66,
2017-07-07,19.62,15.68,26.36,
2017-07-08,17.54,6.93,29.09,
2017-07-09,21.14,14.13,25.43,
2017-07-10,20.62,15.82,25.12,
2017-07-11,21.15,15.04,28.56,
2017-07-13,19.55,17.32,19.94,
2017-07-14,17.99,13.89,22.26,
2017-07-15,19.72,14.96,29.97,
2017-07-16,17.07,11.19,20.03,
2017-07-17,17.67,5.78,22.18,
2017-07-18,22.84,14.73,30.16,
2017-07-19,20.35,18.33,27.69,
2017-07-20,23.82,17.97,29.29,
2017-07-21,24.28,14.63,29.31,
2017-07-22,22.82,17.47,27.85,
2017-07-23,18.7,17.83,25.58,
2017-07-25,17.62,8.76,23.55,
2017-07-26,21.57,19.7,25.85,
2017-07-28,17.98,10.27,24.08,
2017-07-29,18.18,8.75,25.92,
2017-08-02,20.63,16.45,24.61,
2017-08-03,14.86,12.31,20.04,
2017-08-04,16.39,10.04,19.03,
2017-08-05,14.93,7.24,21.93,
2017-08-06,14.17,9.63,23.27,
2017-08-07,19.34,10.43,25.12,
2017-08-08,20.0,12.65,26.52,
2017-08-09,18.91,11.27,26.28,
2017-08-10,19.38,15.27,23.58,
2017-08-11,16.58,14.72,19.62,
2017-08-12,17.09,13.71,21.99,
2017-08-13,16.22,8.12,24.36,
2017-08-14,19.32,10.37,22.47,
2017-08-15,17.28,14.0,20.73,
2017-08-16,18.98,14.64,21.77,
2017-08-17,19.91,19.41,26.37,
2017-08-18,17.5,13.25,19.21,
2017-08-19,19.15,14.26,26.17,
2017-08-20,19.82,12.47,25.52,
2017-08-21,21.22,16.52,25.57,
2017-08-22,19.81,13.59,24.35,
2017-08-23,17.82,11.32,19.29,
2017-08-24,15.14,6.6,20.72,
2017-08-25,13.04,4.9,18.86,
2017-08-26,13.68,5.55,18.38,
2017-08-27,16.04,14.89,19.99,
2017-08-28,18.39,13.54,20.78,
2017-08-29,15.39,11.14,21.21,
2017-09-02,10.92,5.15,14.44,
2017-09-03,19.37,11.0,27.15,
2017-09-04,17.54,12.86,22.61,
2017-09-08,10.74,4.85,17.32,
2017-09-09,12.31,4.41,17.39,
2017-09-10,12.97,2.9,21.33,
2017-09-11,13.48,3.74,22.88,
2017-09-12,15.68,7.96,26.85,
2017-09-13,17.36,8.55,25.29,
2017-09-14,15.34,9.6,24.51,
2017-09-15,20.48,14.45,29.26,
2017-09-16,21.43,18.42,30.08,
2017-09-17,18.32,11.46,21.73,
2017-09-18,16.12,9.89,19.26,
2017-09-20,17.67,9.43,24.71,
2017-09-21,19.15,16.77,24.93,
2017-09-22,22.34,16.19,32.07,
2017-09-23,22.99,14.33,30.44,
2017-09-24,23.55,16.69,31.3,
2017-09-25,23.03,14.99,30.11,
2017-09-26,20.54,15.34,24.72,
2017-09-27,14.3,8.61,16.47,
2017-09-28,12.92,5.44,21.47,
2017-10-02,17.38,11.47,21.92,
2017-10-03,20.51,15.78,24.99,
2017-10-04,14.17,6.46,20.9,
2017-10-05,7.48,3.33,13.58,
2017-10-06,14.37,11.36,17.03,
2017-10-07,18.32,15.34,19.26,
2017-10-08,15.92,10.93,24.39,
2017-10-09,12.56,9.42,18.96,
2017-10-10,11.36,8.22,13.26,
2017-10-11,11.24,6.04,15.54,
2017-10-12,11.62,6.65,13.97,
2017-10-13,11.31,11.23,16.61,
2017-10-14,10.56,5.15,13.75,
2017-10-15,8.55,6.12,11.1,
2017-10-16,8.24,-1.33,13.78,
2017-10-17,12.24,9.33,22.6,
2017-10-18,15.58,5.44,22.43,
2017-10-20,14.28,6.2,23.44,
2017-10-21,16.85,14.53,21.31,
2017-10-22,12.49,5.93,16.34,
2017-10-23,7.75,4.4,8.98,
2017-10-24,5.88,4.93,9.21,
2017-10-25,3.31,-1.63,6.95,
2017-10-28,3.38,1.05,6.3,
2017-10-29,0.25,-4.63,5.57,
2017-11-03,3.88,1.18,4.65,
2017-11-04,3.14,2.49,4.94,
2017-11-05,5.77,1.82,8.01,
2017-11-06,0.01,-1.59,5.11,
2017-11-07,-2.41,-5.85,4.03,
2017-11-08,-1.6,-6.9,2.9,
2017-11-09,-3.57,-9.01,-0.88,
2017-11-10,-6.09,-13.6,-3.51,
2017-11-11,-2.35,-1.46,-0.53,
2017-11-12,-4.2,-9.3,0.93,
2017-11-13,0.52,-3.05,3.8,
2017-11-14,3.42,-0.1,6.47,
2017-11-16,-0.22,-1.73,1.62,
2017-11-17,0.89,0.46,3.5,
2017-11-19,-0.48,-5.09,0.56,
2017-11-20,2.1,-6.73,8.4,
2017-11-21,-1.12,-4.68,8.94,
2017-11-23,-0.6,-2.17,5.0,
2017-11-24,9.97,1.17,13.9,
2017-11-26,-2.25,-9.16,10.9,
2017-11-27,0.99,-1.69,6.72,
2017-11-28,8.22,4.83,13.66,
2017-12-02,2.96,-1.45,12.19,
2017-12-03,-0.55,-7.53,6.97,
2017-12-04,9.7,6.83,12.49,
2017-12-07,-6.68,-6.45,-7.1,
2017-12-09,-6.71,-12.58,-3.6,
2017-12-13,-6.82,-14.21,-3.2,
2017-12-14,-11.36,-20.53,-4.84,
2017-12-16,-7.07,-12.54,-3.76,
2017-12-17,-1.35,-5.96,-1.24,
2017-12-18,-1.44,-2.45,2.5,
2017-12-19,2.07,-6.92,3.14,
2017-12-20,-6.54,-14.11,-4.48,
2017-12-21,-5.09,-8.99,-1.99,
2017-12-22,-3.66,-8.15,-2.43,
2017-12-23,-13.18,-21.45,-7.98,
2017-12-24,-14.71,-23.39,-7.94,
2017-12-25,-15.2,-22.86,-10.97,
2017-12-26,-24.37,-23.0,-18.31,
2017-12-27,-24.21,-24.13,-14.32,
2017-12-28,-20.93,-29.24,-14.46,
2017-12-29,-17.35,-25.17,-14.16,
2018-01-01,-19.07,-23.68,-16.54,
2018-01-04,-16.5,-18.57,-12.92,
2018-01-05,-18.44,-22.86,-14.63,
2018-01-06,-16.66,-22.95,-12.69,
2018-01-10,1.23,-2.98,1.29,
2018-01-11,4.27,-6.55,8.83,
2018-01-12,-11.54,-15.38,-9.85,
2018-01-13,-15.55,-19.46,-10.74,
2018-01-14,-17.03,-22.75,-8.28,
2018-01-18,-4.94,-9.34,0.46,
2018-01-19,-1.78,-8.44,0.98,
2018-01-20,0.61,-2.58,5.58,
2018-01-21,0.11,-1.91,6.25,
2018-01-24,-9.53,-9.2,-6.0,
2018-01-25,-4.11,-8.08,-0.98,
2018-01-26,1.85,-1.41,8.43,
2018-01-27,1.3,-1.46,4.94,
2018-01-28,-4.65,-7.13,-3.75,
2018-01-29,-8.92,-13.34,-8.83,
2018-02-01,-12.06,-17.57,-1.74,
2018-02-02,-14.82,-20.65,-12.49,
2018-02-03,-12.13,-11.22,-9.14,
2018-02-04,-12.14,-19.15,-10.22,
2018-02-05,-18.05,-23.72,-9.2,
2018-02-06,-16.28,-18.52,-11.55,
2018-02-07,-13.31,-16.59,-9.22,
2018-02-08,-13.0,-17.84,-7.84,
2018-02-09,-11.86,-21.76,-9.36,
2018-02-10,-12.19,-21.43,-5.02,
2018-02-11,-8.22,-14.21,-5.98,
2018-02-12,-11.66,-16.76,-7.23,
2018-02-13,-8.23,-17.1,-1.33,
2018-02-15,3.02,-2.03,8.37,
2018-02-16,-5.64,-9.1,-2.18,
2018-02-17,-5.49,-8.74,-1.86,
2018-02-18,-3.63,-10.33,0.92,
2018-02-20,-2.99,-3.48,1.11,
2018-02-21,-4.78,-10.15,-3.1,
2018-02-22,-4.28,-9.09,-1.1,
2018-02-26,0.19,-4.46,6.3,
2018-03-01,-2.49,-4.59,1.38,
2018-03-02,-2.55,-9.14,5.27,
2018-03-03,-2.62,-6.98,4.5,
2018-03-04,1.05,-2.3,2.34,
2018-03-05,0.55,-1.34,0.77,
2018-03-07,-4.58,-6.56,-1.84,
2018-03-08,-5.12,-7.77,0.36,
2018-03-09,-4.54,-8.84,1.91,
2018-03-10,-5.32,-13.6,-1.61,
2018-03-12,2.64,-3.93,3.77,
2018-03-13,-2.15,-6.42,-2.17,
2018-03-14,-1.76,-9.32,8.64,
2018-03-15,0.27,-5.37,1.36,
2018-03-16,-4.03,-7.37,1.61,
2018-03-17,-1.31,-8.71,5.58,
2018-03-18,3.63,-3.07,10.64,
2018-03-20,-4.92,-5.99,-1.16,
2018-03-21,-3.08,-6.0,0.3,
2018-03-22,-2.91,-8.98,2.68,
2018-03-23,-2.53,-8.15,1.21,
2018-03-24,-5.75,-6.72,1.03,
2018-03-25,-1.86,-8.49,3.75,
2018-03-27,3.47,-0.55,7.53,
2018-03-28,3.13,-5.05,9.78,
2018-03-29,-0.89,-4.05,6.19,
2018-04-02,-4.73,-12.59,1.36,
2018-04-03,-0.44,-5.4,-1.36,
2018-04-05,-5.17,-9.16,3.03,
2018-04-06,-2.82,-7.35,-1.17,
2018-04-07,-5.35,-11.19,-0.91,
2018-04-08,-4.02,-15.19,-0.11,
2018-04-09,-1.11,-7.18,3.67,
2018-04-11,4.7,0.44,7.67,
2018-04-12,3.13,1.67,7.18,
2018-04-13,0.99,-1.53,2.71,
2018-04-14,-2.38,-4.37,-1.17,
2018-04-18,0.65,-1.66,2.67,
2018-04-19,2.7,-1.03,10.32,
2018-04-20,2.32,-9.17,12.39,
2018-04-21,5.39,-1.81,10.84,
2018-04-22,5.41,-3.3,13.65,
2018-04-23,7.41,-2.75,17.15,
2018-04-24,7.66,-1.91,16.81,
2018-04-25,3.39,2.21,10.04,
2018-04-26,6.5,-3.72,19.47,
2018-04-27,5.14,0.0,5.26,
2018-04-28,5.24,0.37,7.58,
2018-05-02,17.33,9.15,23.54,
2018-05-03,9.13,6.55,14.34,
2018-05-04,13.82,7.95,23.87,
2018-05-05,13.76,7.06,20.83,
2018-05-06,11.81,9.26,16.19,
2018-05-07,14.22,5.42,20.81,
2018-05-08,21.0,9.21,29.98,
2018-05-11,4.38,4.2,7.06,
2018-05-12,8.78,2.3,12.27,
2018-05-13,11.38,3.12,20.05,
2018-05-14,16.66,8.98,24.61,
2018-05-18,12.93,7.67,18.17,
2018-05-19,12.35,8.45,15.37,
2018-05-20,10.52,4.92,16.7,
2018-05-21,8.12,0.39,15.17,
2018-05-22,14.68,9.12,22.49,
2018-05-23,20.13,11.0,29.09,
2018-05-24,21.73,9.5,28.25,
2018-05-25,24.2,15.16,30.23,
2018-05-26,22.32,14.49,32.52,
2018-05-27,20.21,13.14,32.01,
2018-05-28,22.96,13.81,29.92,
2018-05-29,20.77,17.84,28.0,
2018-06-01,13.97,11.11,22.8,
2018-06-02,11.47,9.88,17.39,
2018-06-03,15.08,10.79,19.7,
2018-06-04,17.02,9.25,26.65,
2018-06-05,10.67,7.74,16.72,
2018-06-06,11.17,3.82,18.7,
2018-06-07,16.18,9.6,18.86,
2018-06-08,14.32,8.62,20.96,
2018-06-09,17.09,17.64,21.74,
2018-06-10,18.1,15.94,22.72,
2018-06-11,14.67,10.2,23.08,
2018-06-14,18.16,10.88,26.32,
2018-06-15,15.05,11.97,21.07,
2018-06-16,18.21,12.44,24.78,
2018-06-17,24.51,17.0,35.55,
2018-06-18,23.61,20.36,22.47,
2018-06-19,18.17,15.22,19.5,
2018-06-20,19.17,13.72,26.98,
2018-06-21,15.57,13.54,21.84,
2018-06-22,16.2,11.24,23.41,
2018-06-23,16.83,9.04,23.7,
2018-06-24,20.49,14.55,23.94,
2018-06-25,18.16,9.32,22.29,
2018-06-28,23.44,20.16,29.9,
2018-07-01,25.45,21.38,29.35,
2018-07-02,23.1,15.1,29.81,
2018-07-05,24.97,20.65,29.89,
2018-07-06,16.92,11.15,23.29,
2018-07-07,19.22,9.52,27.02,
2018-07-08,23.57,13.11,30.58,
2018-07-09,24.12,19.6,31.07,
2018-07-10,20.2,14.84,30.08,
2018-07-12,21.89,18.63,23.98,
2018-07-13,25.36,20.22,28.76,
2018-07-14,24.31,19.06,28.94,
2018-07-15,24.0,15.1,31.6,
2018-07-16,24.13,20.07,27.68,
2018-07-17,19.23,12.38,23.31,
2018-07-18,18.18,11.51,24.51,
2018-07-19,20.93,12.41,25.86,
2018-07-20,19.11,18.48,24.42,
2018-07-21,18.97,17.56,24.93,
2018-07-22,20.47,18.3,25.84,
2018-07-24,21.55,12.84,30.24,
2018-07-26,18.53,14.32,23.88,
2018-07-27,17.85,13.2,21.19,
2018-07-28,18.96,7.62,24.3,
2018-07-29,19.58,10.46,27.09,
2018-08-02,16.26,11.78,18.09,
2018-08-03,19.29,13.47,24.52,
2018-08-04,25.59,19.87,31.42,
2018-08-05,24.15,16.56,29.56,
2018-08-06,21.67,21.42,27.01,
2018-08-07,18.1,16.33,21.63,
2018-08-08,20.85,15.11,28.13,
2018-08-09,24.19,16.26,28.81,
2018-08-10,20.28,11.36,29.15,
2018-08-12,23.08,15.11,28.29,
2018-08-13,21.33,13.24,29.72,
2018-08-15,20.57,12.7,26.63,
2018-08-20,18.39,14.88,22.86,
2018-08-22,16.8,8.06,26.71,
2018-08-24,19.87,17.27,21.48,
2018-08-25,19.97,17.04,25.73,
2018-08-26,18.71,10.84,27.16,
2018-08-27,23.78,19.57,27.83,
2018-08-28,21.44,17.96,22.09,
2018-09-01,22.31,19.47,23.82,
2018-09-02,21.94,16.32,24.61,
2018-09-03,20.63,18.95,24.95,
2018-09-04,24.8,19.36,29.12,
2018-09-05,22.05,15.88,22.92,
2018-09-12,20.48,12.41,25.55,
2018-09-13,17.43,7.98,24.67,
2018-09-14,19.45,10.52,27.4,
2018-09-15,20.42,12.85,26.88,
2018-09-18,12.49,12.52,16.92,
2018-09-20,17.25,15.08,20.78,
2018-09-21,16.51,2.61,24.0,
2018-09-22,11.64,2.87,16.8,
2018-09-23,12.41,3.48,20.5,
2018-09-24,15.9,14.55,19.85,
2018-09-26,11.29,4.51,15.64,
2018-10-01,9.77,7.88,13.96,
2018-10-02,10.34,8.06,11.46,
2018-10-04,10.15,4.3,20.58,
2018-10-05,8.59,6.83,9.19,
2018-10-06,11.94,8.6,12.83,
2018-10-07,9.93,7.04,10.43,
2018-10-08,13.71,10.72,18.57,
2018-10-09,13.18,8.38,17.8,
2018-10-10,12.98,7.57,19.44,
2018-10-11,6.75,5.75,11.34,
2018-10-13,4.48,-3.28,10.9,
2018-10-14,5.6,1.16,6.28,
2018-10-17,3.94,-5.51,7.98,
2018-10-18,2.97,-6.0,12.13,
2018-10-19,11.68,6.1,11.77,
2018-10-20,1.36,1.06,6.2,
2018-10-21,1.7,-1.69,6.04,
2018-10-22,5.63,-4.26,15.63,
2018-10-24,3.77,-3.78,8.63,
2018-10-25,4.38,-2.73,11.25,
2018-10-27,5.4,4.11,10.22,
2018-10-28,6.08,3.37,6.23,
2018-10-29,7.7,2.15,9.27,
2018-11-03,2.62,-4.91,7.07,
2018-11-04,6.7,1.97,8.42,
2018-11-06,5.32,2.43,6.78,
2018-11-07,1.69,0.22,2.83,
2018-11-08,-2.16,-0.79,1.21,
2018-11-09,-2.8,-5.66,-1.08,
2018-11-10,-4.21,-5.54,0.93,
2018-11-11,-0.7,-4.88,-1.83,
2018-11-12,-3.13,-7.51,-1.46,
2018-11-14,-7.27,-9.55,-3.1,
2018-11-17,-3.57,-11.4,0.99,
2018-11-18,-7.19,-13.15,0.98,
2018-11-19,-3.3,-6.67,-1.46,
2018-11-21,-5.65,-9.73,-4.74,
2018-11-22,-2.77,-7.16,1.64,
2018-11-23,4.74,2.37,8.85,
2018-11-25,1.67,-2.31,0.92,
2018-11-27,-5.3,-7.18,-4.32,
2018-12-01,0.53,-1.76,1.44,
2018-12-02,-0.64,1.3,2.57,
2018-12-03,-0.97,-4.23,-1.72,
2018-12-05,-3.42,-4.87,-1.49,
2018-12-06,-3.95,-5.93,-0.45,
2018-12-07,-9.77,-9.04,-8.45,
2018-12-08,-7.22,-11.74,-0.51,
2018-12-09,-5.12,-8.62,-4.25,
2018-12-10,-7.41,-13.7,-6.27,
2018-12-11,-2.12,-7.25,-2.64,
2018-12-12,-0.43,-2.39,1.09,
2018-12-13,-0.1,-2.23,0.95,
2018-12-15,-2.19,-8.31,6.13,
2018-12-16,2.49,-5.15,8.57,
2018-12-19,3.3,-0.08,5.9,
2018-12-21,-3.28,-3.16,-0.11,
2018-12-22,-2.92,-4.32,-4.07,
2018-12-23,-1.47,-3.57,1.4,
2018-12-24,-4.8,-11.3,-2.91,
2018-12-25,-4.96,-12.08,0.35,
2018-12-26,0.59,-1.99,1.91,
2018-12-27,3.52,-0.98,7.69,
2018-12-29,-8.48,-13.32,-5.79,
2019-01-01,-7.81,-15.86,-5.21,
2019-01-02,-8.06,-16.89,-4.47,
2019-01-03,-4.22,-5.71,0.49,
2019-01-05,-0.5,-7.3,6.73,
2019-01-06,0.19,-3.23,2.65,
2019-01-07,2.2,-0.33,5.7,
2019-01-08,0.21,-5.78,2.09,
2019-01-09,-8.38,-10.24,-6.44,
2019-01-11,-4.8,-6.58,-3.06,
2019-01-12,-0.39,-6.54,-0.28,
2019-01-13,-6.56,-13.82,-3.84,
2019-01-14,-3.69,-11.89,0.14,
2019-01-15,-2.04,-0.92,-0.27,
2019-01-16,-9.44,-15.28,-0.96,
2019-01-17,-9.29,-15.91,-3.68,
2019-01-18,-12.17,-15.49,-5.49,
2019-01-19,-11.68,-13.64,-10.36,
2019-01-20,-17.46,-19.27,-12.3,
2019-01-21,-15.21,-22.64,-7.39,
2019-01-22,-4.0,-7.08,-1.54,
2019-01-24,-9.37,-16.19,-6.63,
2019-01-25,-19.99,-28.39,-16.39,
2019-01-27,-20.28,-30.09,-15.84,
2019-01-28,-14.33,-20.82,-12.27,
2019-01-29,-19.7,-24.61,-14.83,
2019-02-02,-7.7,-9.43,-3.64,
2019-02-03,-0.81,-3.52,0.4,
2019-02-04,0.27,-3.46,1.63,
2019-02-05,-8.15,-11.51,-1.63,
2019-02-06,-6.19,-8.45,-5.04,
2019-02-09,-17.55,-23.19,-12.0,
2019-02-10,-10.93,-14.75,-4.37,
2019-02-11,-6.01,-8.1,-3.2,
2019-02-12,-5.06,-8.83,-4.83,
2019-02-13,-6.79,-11.56,-1.73,
2019-02-14,-4.6,-14.36,1.68,
2019-02-16,-13.61,-19.68,-7.68,
2019-02-17,-8.69,-9.19,-7.48,
2019-02-18,-11.18,-18.06,-4.75,
2019-02-19,-15.17,-26.92,-4.19,
2019-02-20,-4.85,-16.45,0.7,
2019-02-21,-2.78,-8.91,0.33,
2019-02-22,-8.26,-18.28,-0.89,
2019-02-23,-1.21,-3.21,0.31,
2019-02-24,-2.74,-10.9,-1.43,
2019-02-25,-14.95,-18.86,-11.7,
2019-02-26,-15.89,-17.96,-10.76,
2019-03-02,-6.28,-10.57,-0.64,
2019-03-03,-15.16,-21.18,-8.52,
2019-03-05,-14.13,-24.02,-11.04,
2019-03-07,-15.29,-25.05,-8.56,
2019-03-08,-11.96,-22.99,-0.71,
2019-03-09,-4.24,-12.46,1.94,
2019-03-11,-4.38,-7.02,0.46,
2019-03-13,3.33,2.38,3.44,
2019-03-16,-3.17,-4.45,-1.05,
2019-03-17,-0.99,-9.8,3.42,
2019-03-18,-2.15,-8.23,3.51,
2019-03-19,-1.97,-7.11,7.42,
2019-03-20,2.4,2.16,8.35,
2019-03-21,3.31,0.52,8.77,
2019-03-22,2.43,-3.89,4.64,
2019-03-23,-0.12,-8.09,9.65,
2019-03-24,1.3,-2.61,4.37,
2019-03-25,-2.33,-5.65,3.05,
2019-03-26,-1.85,-9.14,7.74,
2019-03-27,6.43,0.61,12.68,
2019-03-28,6.87,1.52,10.62,
2019-04-01,-1.02,-9.26,3.66,
2019-04-02,3.47,-1.77,8.75,
2019-04-03,2.42,-2.89,7.8,
2019-04-04,1.17,-5.45,4.99,
2019-04-05,2.3,-0.18,9.38,
2019-04-06,3.66,3.64,8.24,
2019-04-07,5.4,4.58,10.35,
2019-04-09,5.29,-1.67,10.61,
2019-04-10,0.54,-0.66,4.05,
2019-04-12,3.82,0.62,3.23,
2019-04-13,2.52,0.62,2.16,
2019-04-14,0.57,0.43,5.95,
2019-04-15,3.33,-0.39,11.1,
2019-04-16,5.43,2.44,9.83,
2019-04-17,3.46,-0.95,8.93,
2019-04-18,5.94,4.34,6.8,
2019-04-19,6.73,2.72,10.6,
2019-04-20,6.52,-3.83,16.41,
2019-04-22,7.19,5.43,14.09,
2019-04-23,8.99,1.73,17.78,
2019-04-24,8.83,0.04,17.55,
2019-04-25,10.14,9.2,13.59,
2019-04-27,2.31,-0.18,6.72,
2019-04-28,3.88,-4.38,10.95,
2019-05-02,4.32,1.82,9.19,
2019-05-03,5.84,2.43,8.85,
2019-05-04,10.29,-0.69,18.06,
2019-05-05,13.9,8.91,22.06,
2019-05-08,5.99,3.27,7.18,
2019-05-09,6.4,5.45,7.95,
2019-05-10,6.33,1.31,12.41,
2019-05-11,6.67,-0.66,13.38,
2019-05-12,6.69,-0.32,11.12,
2019-05-13,7.65,2.87,15.94,
2019-05-14,13.0,2.97,20.97,
2019-05-16,15.7,9.82,24.48,
2019-05-17,8.65,6.05,13.93,
2019-05-18,7.59,5.58,9.1,
2019-05-19,7.39,6.15,8.53,
2019-05-20,7.87,6.24,14.67,
2019-05-21,10.92,3.68,16.0,
2019-05-22,11.21,7.23,15.68,
2019-05-23,13.71,5.02,17.42,
2019-05-24,10.76,9.36,14.36,
2019-05-25,19.74,11.32,30.08,
2019-05-26,17.25,9.1,22.14,
2019-05-27,12.35,9.23,14.29,
2019-05-28,12.79,9.14,15.15,
2019-06-02,12.4,4.61,20.26,
2019-06-03,10.73,2.57,16.39,
2019-06-04,18.44,9.38,24.06,
2019-06-07,20.61,10.79,28.45,
2019-06-08,21.35,10.02,25.08,
2019-06-10,17.37,9.42,23.29,
2019-06-11,15.59,6.27,26.03,
2019-06-12,13.88,6.65,15.66,
2019-06-14,10.78,5.06,15.3,
2019-06-15,14.25,10.5,18.6,
2019-06-16,11.67,8.22,16.5,
2019-06-17,14.83,5.53,20.86,
2019-06-18,17.27,11.96,21.68,
2019-06-21,15.95,6.25,23.14,
2019-06-23,17.7,12.53,24.26,
2019-06-24,21.0,17.69,21.2,
2019-07-01,24.09,15.11,29.5,
2019-07-02,21.09,16.39,27.36,
2019-07-04,25.08,13.49,29.01,
2019-07-05,26.02,20.06,30.48,
2019-07-06,21.69,18.69,24.29,
2019-07-08,17.72,11.06,23.86,
2019-07-10,25.17,19.32,33.24,
2019-07-11,21.5,14.38,25.79,
2019-07-12,20.5,9.38,28.72,
2019-07-17,24.5,17.97,26.58,
2019-07-20,22.09,18.64,22.68,
2019-07-22,18.93,13.07,24.04,
2019-07-24,19.29,11.8,27.41,
2019-08-02,20.64,12.39,28.12,
2019-08-03,21.14,15.96,28.88,
2019-08-04,21.11,13.95,25.05,
2019-08-05,20.02,15.1,28.65,
2019-08-06,20.0,16.28,26.22,
2019-08-08,20.28,15.11,24.24,
2019-08-10,18.69,10.91,25.63,
2019-08-14,16.39,13.01,21.92,
2019-08-16,19.21,11.57,22.5,
2019-08-17,19.35,12.03,27.25,
2019-08-18,21.02,15.87,23.77,
2019-08-19,19.53,11.73,24.4,
2019-08-20,17.87,10.75,26.1,
2019-08-22,15.76,9.75,20.05,
2019-08-23,14.41,9.41,22.18,
2019-08-24,17.33,8.48,21.64,
2019-08-25,17.09,9.05,21.86,
2019-08-26,19.96,16.49,18.2,
2019-08-27,18.42,12.07,25.16,
2019-08-28,15.7,11.99,20.14,
2019-09-03,20.49,15.13,28.44,
2019-09-04,15.03,9.73,19.84,
2019-09-05,13.64,6.44,18.73,
2019-09-06,15.56,10.01,17.04,
2019-09-08,11.73,9.54,18.27,
2019-09-09,15.15,9.34,17.22,
2019-09-10,18.21,17.6,27.73,
2019-09-11,14.59,11.43,17.66,
2019-09-12,12.44,12.5,15.18,
2019-09-13,18.81,11.58,21.82,
2019-09-14,16.44,10.04,21.63,
2019-09-15,17.78,15.94,20.99,
2019-09-16,18.53,12.98,23.02,
2019-09-18,21.54,13.5,25.56,
2019-09-19,18.95,15.35,21.27,
2019-09-20,17.28,14.82,24.5,
2019-09-21,20.74,16.29,25.52,
2019-09-22,18.77,19.58,21.43,
2019-09-23,15.71,11.09,20.71,
2019-09-25,15.09,11.45,22.64,
2019-09-26,15.4,7.23,15.78,
2019-09-27,15.13,10.38,16.1,
2019-09-28,13.41,8.6,14.6,
2019-10-02,10.73,9.17,12.69,
2019-10-03,13.12,9.13,14.68,
2019-10-05,11.82,9.45,10.21,
2019-10-06,14.36,7.53,17.5,
2019-10-08,10.3,1.72,17.91,
2019-10-09,14.16,8.63,20.68,
2019-10-11,9.21,4.93,14.74,
2019-10-12,2.24,0.7,6.36,
2019-10-13,3.84,-0.42,5.57,
2019-10-14,3.97,-1.19,9.19,
2019-10-18,6.89,-0.34,12.19,
2019-10-21,9.59,7.15,14.74,
2019-11-02,1.28,0.43,4.7,
2019-11-03,1.79,2.24,3.91,
2019-11-04,2.83,-1.14,7.01,
2019-11-07,-7.42,-9.32,-0.1,
2019-11-09,-1.48,-3.03,4.32,
2019-11-10,-1.5,-6.92,-0.68,
2019-11-11,-8.04,-12.13,-5.66,
2019-11-12,-11.08,-12.81,-6.53,
2019-11-14,-2.99,-6.55,-1.38,
2019-11-15,-2.44,-5.47,4.1,
2019-11-16,0.18,-4.76,1.93,
2019-11-17,-0.73,-0.48,1.49,
2019-12-01,-2.64,-2.81,0.93,
2019-12-02,-5.36,-8.48,1.21,
2019-12-03,-2.47,-6.91,1.65,
2019-12-04,-0.95,-2.2,1.93,
2019-12-05,-0.29,-3.62,0.57,
2019-12-06,-1.84,-8.86,-0.44,
2019-12-07,-1.53,-6.97,1.75,
2019-12-09,-0.86,-8.11,2.41,
2019-12-10,-11.4,-17.9,-8.29,
2019-12-13,-4.39,-6.33,-2.48,
2019-12-14,-3.3,-8.5,-3.69,
2019-12-15,-11.9,-17.46,-7.44,
2019-12-16,-7.56,-16.4,-5.43,
2019-12-17,-5.47,-12.54,-4.65,
2019-12-18,-17.62,-18.2,-10.57,
2019-12-19,-8.42,-10.06,-5.9,
2019-12-20,-1.36,-4.82,1.39,
2019-12-21,1.46,-3.68,2.45,
2019-12-22,3.05,-2.53,6.57,
2019-12-23,-2.13,-4.65,4.19,
2019-12-24,0.33,-0.18,1.92,
2019-12-25,0.78,-0.58,2.23,
2019-12-26,1.79,0.35,2.07,
2019-12-27,-0.41,-6.53,1.5,
2019-12-28,-1.78,-8.44,1.27,
2019-12-29,4.92,1.93,3.38,
2020-01-01,-5.15,-9.81,0.84,
2020-01-02,4.03,0.15,5.71,
2020-01-03,-0.09,-1.54,3.35,
2020-01-04,-2.84,-5.4,-2.01,
2020-01-05,-1.04,-4.03,1.87,
2020-01-07,-1.36,-7.7,1.48,
2020-01-08,-12.81,-15.44,-7.6,
2020-01-10,-0.46,-1.02,1.5,
2020-01-12,-6.55,-11.28,-4.76,
2020-01-13,-4.45,-5.53,-3.33,
2020-01-14,-0.32,-0.67,0.11,
2020-01-15,-3.78,-5.02,-0.29,
2020-01-16,-10.82,-20.86,-1.66,
2020-01-17,-13.18,-22.45,-4.33,
2020-01-18,-3.23,-8.21,-0.32,
2020-01-19,-7.04,-8.6,-2.05,
2020-01-20,-8.89,-11.89,-4.84,
2020-01-21,-8.58,-14.79,-4.74,
2020-01-22,-4.16,-6.94,0.97,
2020-01-23,0.53,-2.82,-0.7,
2020-01-24,0.49,-0.14,0.16,
2020-01-25,0.23,-0.54,1.79,
2020-01-26,0.31,-0.71,3.89,
2020-01-27,0.32,-2.17,1.48,
2020-01-28,-2.48,-4.76,-0.82,
2020-01-29,-3.41,-6.11,-4.54,
2020-01-30,-4.02,-3.66,-3.55,
2020-01-31,-0.74,-4.29,-0.38,
2020-02-01,0.37,0.17,3.26,
2020-02-02,4.31,-1.77,8.17,
2020-02-07,-7.36,-12.24,-2.26,
2020-02-08,-11.43,-17.74,-5.09,
2020-02-09,-9.56,-18.48,-5.62,
2020-02-10,-9.6,-19.72,-3.86,
2020-02-11,-3.57,-9.01,-2.69,
2020-02-12,-4.11,-11.8,3.89,
2020-02-13,-15.37,-23.69,-13.71,
2020-02-14,-16.88,-29.1,-13.15,
2020-02-15,-7.31,-14.59,-1.94,
2020-02-16,-6.71,-14.08,-3.56,
2020-02-17,-4.86,-11.56,1.89,
2020-02-18,-3.96,-11.28,-1.4,
2020-02-19,-14.43,-22.18,-8.77,
2020-02-20,-12.85,-23.86,-8.42,
2020-02-21,-8.05,-12.72,0.22,
2020-02-22,-0.66,-5.71,5.69,
2020-02-23,1.64,-7.66,8.49,
2020-02-24,0.22,-7.42,4.61,
2020-02-25,-2.77,-4.32,-0.65,
2020-02-26,-5.54,-8.56,-2.78,
2020-02-27,-7.64,-11.8,-5.65,
2020-02-28,-8.41,-14.8,-3.84,
2020-02-29,-6.52,-15.63,-1.96,
2020-03-01,0.38,-6.46,8.17,
2020-03-02,-1.51,-5.62,3.07,
2020-03-03,-0.33,-7.9,1.66,
2020-03-04,-0.73,-2.68,2.38,
2020-03-05,1.84,-2.89,4.0,
2020-03-07,1.13,-10.86,6.34,
2020-03-09,7.78,-0.72,8.76,
2020-03-10,-0.7,-5.9,1.02,
2020-03-12,2.4,-0.09,7.34,
2020-03-13,2.3,-2.58,5.5,
2020-03-14,-2.88,-3.84,-0.06,
2020-03-15,-1.79,-7.23,-0.32,
2020-03-16,-2.61,-5.03,2.87,
2020-03-17,-0.11,-2.3,4.86,
2020-03-18,1.1,-1.29,2.89,
2020-03-20,-0.95,-5.34,0.55,
2020-03-21,-6.05,-8.02,-0.83,
2020-03-22,-3.96,-9.36,0.45,
2020-03-24,2.51,-0.41,6.49,
2020-03-25,3.42,1.59,8.2,
2020-03-26,3.51,0.28,3.96,
2020-03-27,1.14,-2.42,2.76,
2020-03-28,3.62,-1.11,5.19,
2020-03-29,3.08,3.18,4.44,
2020-03-30,4.83,1.9,8.25,
2020-03-31,2.26,2.37,3.26,
2020-04-01,4.25,-0.99,8.18,
2020-04-02,6.59,-2.74,12.81,
2020-04-03,6.41,1.68,12.78,
2020-04-04,4.36,1.17,6.8,
2020-04-05,0.82,-1.63,8.51,
2020-04-06,5.1,1.63,10.2,
2020-04-07,6.74,4.94,11.8,
2020-04-08,8.73,4.61,15.69,
2020-04-09,3.69,0.49,6.03,
2020-04-10,3.91,1.34,6.11,
2020-04-11,5.35,-3.78,14.63,
2020-04-12,4.04,-0.22,4.74,
2020-04-16,0.34,-4.07,4.26,
2020-04-17,2.68,-3.15,8.31,
2020-04-18,7.34,-2.93,17.26,
2020-04-19,4.68,-0.74,7.95,
2020-04-20,4.23,-4.98,14.16,
2020-04-21,1.42,-2.28,5.1,
2020-04-22,2.85,-0.9,3.56,
2020-04-23,1.47,0.89,2.73,
2020-04-24,4.95,0.81,9.32,
2020-04-25,5.63,-1.61,11.14,
2020-04-26,6.77,1.58,15.02,
2020-04-27,4.0,-0.14,7.77,
2020-04-28,6.53,5.43,5.86,
2020-04-29,7.12,6.87,7.62,
2020-04-30,10.08,2.13,17.12,
2020-05-01,9.88,-0.41,17.8,
2020-05-02,16.37,9.57,23.74,
2020-05-03,12.53,3.4,19.63,
2020-05-04,5.79,1.5,8.73,
2020-05-05,6.11,1.9,10.27,
2020-05-06,7.98,-0.37,17.17,
2020-05-07,4.08,2.03,9.71,
2020-05-08,0.5,-4.95,3.51,
2020-05-09,5.18,-5.16,13.35,
2020-05-10,3.13,0.66,4.7,
2020-05-11,3.55,-0.93,10.68,
2020-05-12,1.91,-5.09,10.97,
2020-05-13,6.87,-4.0,13.98,
2020-05-14,10.79,6.7,16.12,
2020-05-15,14.47,6.45,19.81,
2020-05-16,10.03,2.88,14.32,
2020-05-17,10.16,9.08,11.75,
2020-05-18,8.54,8.1,9.27,
2020-05-19,11.2,7.04,15.17,
2020-05-20,17.14,8.56,19.67,
2020-05-21,14.26,6.81,22.58,
2020-05-22,17.85,11.84,20.7,
2020-05-23,15.69,12.42,22.19,
2020-05-24,17.9,14.34,23.39,
2020-05-25,19.27,13.82,24.92,
2020-05-26,22.74,16.32,28.93,
2020-05-27,23.56,19.19,29.96,
2020-05-28,19.49,16.22,20.33,
2020-05-31,12.6,5.56,20.75,
2020-06-01,14.95,6.53,20.57,
2020-06-02,23.67,11.71,32.62,
2020-06-03,24.05,14.9,28.28,
2020-06-04,18.45,12.63,25.93,
2020-06-05,17.3,12.02,23.25,
2020-06-06,16.91,15.43,18.33,
2020-06-07,11.6,9.16,19.82,
2020-06-08,20.31,11.52,29.1,
2020-06-09,20.8,13.72,26.2,
2020-06-10,18.92,14.53,26.02,
2020-06-11,17.72,12.16,22.35,
2020-06-12,13.96,7.81,15.99,
2020-06-13,11.83,4.21,15.93,
2020-06-14,14.27,4.18,20.49,
2020-06-15,16.18,3.49,20.98,
2020-06-16,18.47,9.38,26.35,
2020-06-17,22.01,12.23,26.81,
2020-06-18,21.65,10.93,27.56,
2020-06-19,23.74,12.99,30.47,
2020-06-20,19.37,18.35,20.91,
2020-06-21,20.78,18.61,25.96,
2020-06-22,18.67,14.42,23.04,
2020-06-23,17.3,12.98,20.19,
2020-06-24,16.06,10.29,24.49,
2020-06-26,20.83,11.84,28.71,
2020-06-27,23.18,15.72,30.48,
2020-06-28,22.69,14.35,26.18,
2020-06-29,20.55,16.58,28.87,
2020-06-30,22.58,17.44,30.6,
2020-07-01,24.03,16.58,30.21,
2020-07-02,22.45,14.32,30.49,
2020-07-03,23.25,17.3,32.17,
2020-07-04,24.63,17.14,28.83,
2020-07-05,25.35,19.76,33.21,
2020-07-07,24.01,17.19,28.14,
2020-07-08,24.63,17.07,31.72,
2020-07-09,24.64,17.77,26.27,
2020-07-10,23.86,20.77,29.2,
2020-07-11,22.93,17.29,28.82,
2020-07-12,18.23,11.87,22.71,
2020-07-13,18.64,11.89,23.84,
2020-07-14,22.22,15.91,24.98,
2020-07-15,18.79,15.37,21.8,
2020-07-16,19.89,11.05,27.57,
2020-07-17,25.21,14.09,31.3,
2020-07-18,26.06,20.11,31.21,
2020-07-19,23.72,18.94,27.75,
2020-07-20,19.02,13.28,21.3,
2020-07-21,18.63,11.55,22.17,
2020-07-22,21.7,16.99,25.6,
2020-07-23,17.83,15.1,24.21,
2020-07-24,21.67,12.42,26.63,
2020-07-25,25.49,16.92,31.92,
2020-07-26,24.61,20.77,29.15,
2020-07-27,23.85,18.01,28.14,
2020-07-28,20.79,14.74,26.68,
2020-07-29,21.43,14.92,28.35,
2020-07-30,19.3,17.26,26.6,
2020-07-31,20.05,13.73,25.41,
2020-08-01,17.71,11.48,27.4,
2020-08-02,17.32,15.22,22.52,
2020-08-03,15.24,12.95,19.3,
2020-08-04,16.62,7.99,20.87,
2020-08-05,17.47,4.28,26.04,
2020-08-06,19.19,14.81,25.99,
2020-08-07,17.8,7.71,27.49,
2020-08-08,22.18,17.2,25.08,
2020-08-09,24.37,19.99,30.0,
2020-08-10,21.1,16.25,29.27,
2020-08-12,21.61,13.38,29.42,
2020-08-13,22.52,17.25,27.64,
2020-08-14,22.49,15.34,28.33,
2020-08-15,19.96,16.48,24.56,
2020-08-16,19.13,10.32,27.1,
2020-08-17,20.18,12.01,25.9,
2020-08-18,16.48,8.7,24.37,
2020-08-19,18.17,10.77,26.19,
2020-08-20,23.73,16.96,28.32,
2020-08-21,23.29,15.55,26.66,
2020-08-22,22.4,17.97,27.61,
2020-08-23,21.21,14.02,29.1,
2020-08-24,24.11,17.81,29.93,
2020-08-25,23.61,13.9,29.38,
2020-08-26,26.19,18.28,32.17,
2020-08-27,22.79,18.48,26.72,
2020-08-28,22.45,19.41,22.24,
2020-08-29,16.93,10.1,24.51,
2020-08-30,14.28,5.63,19.2,
2020-08-31,16.94,9.48,23.35,
2020-09-01,12.56,6.81,22.87,
2020-09-02,16.43,10.89,24.2,
2020-09-03,16.44,8.48,23.08,
2020-09-04,15.9,8.07,22.79,
2020-09-05,14.46,5.94,23.95,
2020-09-06,13.8,4.29,20.65,
2020-09-07,17.34,10.55,20.29,
2020-09-08,9.75,10.67,13.26,
2020-09-09,9.6,6.94,9.73,
2020-09-10,8.51,3.12,14.66,
2020-09-11,8.18,0.64,18.18,
2020-09-12,16.41,12.18,18.16,
2020-09-13,18.63,13.17,20.27,
2020-09-14,14.17,6.92,16.41,
2020-09-15,20.64,14.68,24.77,
2020-09-16,18.32,12.69,21.28,
2020-09-17,10.44,6.68,12.92,
2020-09-18,6.76,0.45,11.53,
2020-09-19,8.23,-3.38,17.43,
2020-09-20,12.95,3.54,19.3,
2020-09-21,17.55,15.79,20.89,
2020-09-22,17.69,11.29,25.35,
2020-09-23,18.88,9.76,26.66,
2020-09-24,15.68,14.0,20.37,
2020-09-25,16.45,11.63,25.49,
2020-09-26,20.51,16.76,24.79,
2020-09-27,15.56,11.42,23.16,
2020-09-28,11.61,8.37,14.61,
2020-09-29,9.17,5.51,12.7,
2020-09-30,9.57,5.61,14.41,
2020-10-01,7.82,2.12,12.06,
2020-10-02,3.26,-3.22,7.58,
2020-10-03,5.68,0.72,5.9,
2020-10-04,5.15,0.29,10.61,
2020-10-05,8.03,-0.57,15.47,
2020-10-06,15.97,8.67,21.1,
2020-10-07,13.6,3.73,18.19,
2020-10-08,7.94,3.61,16.24,
2020-10-09,17.31,10.15,24.98,
2020-10-10,12.05,7.46,15.8,
2020-10-12,11.02,2.06,13.93,
2020-10-13,10.47,1.4,18.0,
2020-10-14,10.97,4.53,13.64,
2020-10-15,4.98,-7.49,11.29,
2020-10-17,6.53,-4.71,11.87,
2020-10-18,2.82,-2.65,9.93,
2020-10-20,2.06,-5.93,5.17,
2020-10-21,5.91,1.81,5.64,
2020-10-22,2.93,-2.69,6.25,
2020-10-23,1.55,-1.1,4.95,
2020-10-24,0.55,-3.03,2.02,
2020-10-25,-0.89,-3.15,2.99,
2020-10-26,1.25,-4.42,2.55,
2020-10-27,-1.73,-5.6,3.35,
2020-10-28,7.4,-1.49,7.56,
2020-10-29,1.66,-1.92,4.33,
2020-10-30,-1.2,-6.8,1.2,
2020-10-31,2.29,-5.92,12.83,
2020-11-01,-0.75,-5.38,6.32,
2020-11-03,9.94,-3.47,21.11,
2020-11-04,16.77,7.38,22.87,
2020-11-05,10.5,2.87,17.75,
2020-11-06,15.1,3.05,23.17,
2020-11-07,13.27,7.25,19.09,
2020-11-08,17.11,9.49,21.92,
2020-11-09,15.07,12.12,23.11,
2020-11-11,-0.78,-2.45,6.29,
2020-11-12,4.16,0.0,8.98,
2020-11-13,-1.5,-8.65,0.8,
2020-11-14,0.29,-8.36,6.91,
2020-11-15,4.85,0.27,6.85,
2020-11-16,-0.02,-2.12,2.64,
2020-11-17,-3.39,-6.48,2.49,
2020-11-18,1.71,-9.86,6.17,
2020-11-20,4.51,3.11,9.04,
2020-11-21,-3.08,-7.15,4.49,
2020-11-22,-1.87,-9.56,3.31,
2020-11-23,-0.05,-6.51,2.92,
2020-11-24,1.1,-5.51,4.1,
2020-11-25,2.07,0.34,2.09,
2020-11-26,3.43,1.58,6.04,
2020-11-27,-0.14,-2.94,3.03,
2020-11-28,2.22,-3.86,10.14,
2020-11-29,-0.54,-0.97,7.9,
2020-11-30,-2.34,-2.52,-1.56,
2020-12-01,0.65,-7.52,1.23,
2020-12-02,-0.4,-10.68,7.6,
2020-12-03,2.04,-1.09,7.45,
2020-12-04,0.29,-0.67,3.94,
2020-12-05,-0.55,-3.22,-0.53,
2020-12-06,0.17,-4.48,2.24,
2020-12-07,-1.29,0.38,0.73,
2020-12-08,-0.82,-2.01,0.73,
2020-12-09,4.33,-4.56,8.99,
2020-12-10,1.18,-5.21,10.12,
2020-12-11,0.82,-1.64,3.01,
2020-12-12,-0.65,-3.08,1.47,
2020-12-13,-3.4,-3.81,-3.54,
2020-12-14,-5.51,-10.61,-3.04,
2020-12-15,-8.75,-14.81,-5.63,
2020-12-16,-3.87,-5.6,0.42,
2020-12-17,-4.0,-6.52,-2.27,
2020-12-18,-3.84,-8.11,1.15,
2020-12-19,-0.32,0.06,-0.73,
2020-12-20,1.17,-3.27,1.68,
2020-12-21,-2.13,-7.97,2.13,
2020-12-23,4.1,1.95,7.33,
2020-12-24,-7.7,-12.04,-2.51,
2020-12-25,-8.61,-10.9,-5.88,
2020-12-26,-4.75,-8.24,-1.96,
2020-12-27,-4.38,-12.8,1.31,
2020-12-28,-4.78,-10.31,-4.2,
2020-12-29,-12.98,-20.97,-3.77,
2020-12-30,-2.97,-4.82,-1.73,
2020-12-31,-8.79,-16.55,-3.01,
2021-01-01,-8.88,-13.41,-5.08,
2021-01-02,-8.07,-15.17,-4.36,0.0
2021-01-03,-4.52,-6.34,-5.37,0.0
2021-01-04,-6.9,-6.02,-3.9,0.0
2021-01-05,-2.5,-8.34,2.29,0.0
2021-01-06,-5.37,-6.94,-1.53,0.0
2021-01-07,-3.49,-4.61,0.47,0.0
2021-01-08,-2.71,-4.81,-0.2,0.0
2021-01-09,-5.33,-9.93,-0.57,0.0
2021-01-10,-4.01,-9.63,-5.53,0.0
2021-01-11,-4.72,-7.07,-1.74,0.0
2021-01-12,-1.75,-2.36,-0.98,0.0
2021-01-13,-0.38,-7.5,3.06,0.0
2021-01-14,-2.0,-8.37,3.06,0.64
2021-01-15,1.65,0.86,0.37,8.84
2021-01-16,0.16,-2.41,0.9,2.83
2021-01-17,-4.04,-4.24,-2.06,0.61
2021-01-18,-4.74,-6.92,-2.39,0.0
2021-01-19,-9.39,-13.26,-4.33,0.0
2021-01-20,-10.5,-16.25,-1.2,0.0
2021-01-21,-2.82,-7.67,3.81,1.23
2021-01-22,-9.72,-12.21,-10.29,0.0
2021-01-23,-9.19,-16.59,-6.48,0.0
2021-01-24,-6.96,-15.83,-2.29,4.87
2021-01-25,-9.69,-20.4,-5.42,0.0
2021-01-26,-8.27,-10.38,-2.56,1.67
2021-01-27,-12.83,-19.9,-5.4,0.0
2021-01-28,-14.94,-23.39,-8.17,0.0
2021-01-29,-8.64,-16.94,-3.35,0.0
2021-01-30,-1.77,-4.65,1.15,0.97
2021-01-31,-2.47,-7.57,0.35,1.57
2021-02-01,-3.37,-5.76,-0.1,0.0
2021-02-02,-4.03,-13.21,0.65,0.0
2021-02-03,-7.31,-16.58,-0.38,0.0
2021-02-04,-2.46,-1.06,4.05,8.99
2021-02-05,-9.46,-15.64,-4.0,1.42
2021-02-06,-17.41,-21.05,-15.55,0.0
2021-02-07,-21.77,-24.75,-18.02,0.0
2021-02-08,-17.6,-19.92,-14.05,0.0
2021-02-09,-19.09,-25.49,-13.24,0.0
2021-02-10,-18.94,-26.44,-13.1,0.0
2021-02-11,-17.75,-27.61,-10.56,2.51
2021-02-12,-13.88,-15.59,-9.94,2.02
2021-02-13,-18.0,-19.2,-12.34,4.36
2021-02-14,-19.04,-25.17,-14.96,0.0
2021-02-15,-18.14,-24.49,-12.75,0.0
2021-02-16,-14.42,-17.99,-6.13,0.0
2021-02-17,-15.28,-27.33,-6.64,0.0
2021-02-18,-9.84,-15.28,-5.11,0.0
2021-02-19,-9.5,-12.25,-3.59,0.0
2021-02-20,-10.94,-15.76,-7.16,0.0
2021-02-21,-9.84,-20.22,0.21,3.2
2021-02-22,-1.25,-0.31,1.91,2.41
2021-02-23,3.75,-0.13,8.07,3.41
2021-02-24,0.08,-6.81,5.52,2.76
2021-02-25,-1.9,-9.51,4.06,0.0
2021-02-26,-1.47,-6.66,1.98,0.0
2021-02-27,1.85,-2.52,8.25,0.0
2021-02-28,1.25,-2.87,4.38,1.58
2021-03-01,-6.47,-12.44,-2.52,0.0
2021-03-02,-3.39,-14.64,2.85,0.0
2021-03-03,-0.55,-5.77,5.44,0.0
2021-03-04,-4.83,-5.99,-0.7,0.0
2021-03-05,-2.73,-8.13,7.91,0.0
2021-03-06,-0.78,-10.5,3.61,0.0
2021-03-07,-1.88,-12.85,3.86,0.0
2021-03-08,6.18,0.25,12.7,0.0
2021-03-09,5.08,-3.27,10.85,0.0
2021-03-10,8.55,8.95,10.75,16.12
2021-03-11,6.83,-2.09,12.22,3.0
2021-03-12,-1.08,-7.49,5.38,0.0
2021-03-13,2.68,-9.23,13.96,0.0
2021-03-15,-0.29,-5.3,0.58,0.04
2021-03-16,-0.92,-2.4,0.28,2.34
2021-03-17,-1.48,-7.43,1.74,3.2
2021-03-18,1.18,-4.06,7.37,0.0
2021-03-19,1.03,-9.39,9.13,0.0
2021-03-20,3.6,-6.24,12.48,0.0
2021-03-21,6.56,-5.57,15.34,0.0
2021-03-22,11.98,10.18,17.85,0.61
2021-03-23,7.11,3.9,11.28,2.5
2021-03-24,7.17,6.14,10.59,15.11
2021-03-25,0.38,-0.87,2.04,0.0
2021-03-26,-1.09,-3.41,3.35,0.0
2021-03-27,1.99,-2.89,2.64,5.84
2021-03-28,1.23,-4.53,1.56,3.5
2021-03-29,1.2,-6.62,9.73,0.0
2021-03-30,9.81,2.54,13.16,0.99
2021-03-31,-1.45,-5.35,1.57,0.0
2021-04-01,-4.11,-6.14,2.09,0.0
2021-04-02,-0.34,-10.03,8.38,0.0
2021-04-03,9.52,1.42,17.28,0.0
2021-04-04,7.38,-3.04,17.68,0.0
2021-04-05,12.03,3.88,21.74,10.46
2021-04-06,12.23,9.06,24.66,4.83
2021-04-07,10.55,8.17,18.59,0.96
2021-04-08,13.24,9.85,15.85,14.79
2021-04-09,9.5,8.97,14.31,0.96
2021-04-10,9.56,5.58,13.64,8.11
2021-04-11,8.58,7.82,9.89,20.16
2021-04-12,8.75,1.58,12.8,3.53
2021-04-13,6.05,1.62,6.66,0.0
2021-04-14,2.8,-0.24,8.21,2.78
2021-04-15,7.74,0.53,11.44,0.0
2021-04-16,3.84,0.99,13.3,0.0
2021-04-17,5.58,-5.88,11.25,0.0
2021-04-18,7.33,-3.62,14.39,0.0
2021-04-19,3.5,-3.13,7.42,1.45
2021-04-20,1.22,-2.8,4.56,0.0
2021-04-21,2.95,-6.96,6.53,0.0
2021-04-22,4.43,-3.33,14.8,0.0
2021-04-23,9.65,-0.02,15.7,0.0
2021-04-24,7.28,1.95,13.91,2.56
2021-04-25,2.15,-1.83,6.32,0.0
2021-04-26,1.83,2.42,6.63,6.72
2021-04-27,4.64,3.01,10.72,11.13
2021-04-28,8.33,4.14,14.64,7.51
2021-04-29,9.32,3.74,16.36,1.35
2021-04-30,6.15,3.38,14.35,0.39
2021-05-01,13.94,1.03,28.0,1.81
2021-05-02,10.67,7.83,19.6,4.4
2021-05-03,9.28,6.96,9.43,15.5
2021-05-04,10.55,2.43,13.09,0.0
2021-05-05,8.58,1.03,14.15,0.0
2021-05-06,8.23,6.41,15.05,1.28
2021-05-07,5.98,3.21,6.23,4.08
2021-05-08,4.66,-2.95,11.27,0.0
2021-05-09,5.53,-1.7,9.47,0.0
2021-05-10,7.67,1.55,9.59,2.06
2021-05-11,7.05,0.64,12.74,0.95
2021-05-12,7.59,-1.28,16.09,0.0
2021-05-13,12.14,-0.94,22.27,0.96
2021-05-14,12.77,1.21,21.71,0.0
2021-05-15,13.33,3.13,16.79,1.01
2021-05-16,14.33,8.3,17.88,0.0
2021-05-17,14.72,4.28,23.03,0.0
2021-05-18,17.05,6.52,24.79,1.4
2021-05-19,15.7,16.07,20.07,9.74
2021-05-20,20.05,15.45,25.93,0.0
2021-05-21,21.65,19.76,27.91,0.36
2021-05-22,24.02,19.32,29.96,1.42
2021-05-23,14.35,12.27,21.82,1.57
2021-05-24,15.59,10.64,22.94,5.04
2021-05-25,24.78,16.91,26.81,2.25
2021-05-26,17.59,10.09,20.56,0.0
2021-05-27,5.42,3.66,7.31,7.52
2021-05-28,7.29,0.48,12.25,0.57
2021-05-29,6.64,0.89,16.03,0.0
2021-05-30,9.61,0.58,19.61,0.78
2021-05-31,16.29,8.51,22.28,0.2
2021-06-01,13.57,4.11,23.77,0.0
2021-06-02,19.8,14.22,24.99,7.11
2021-06-03,19.84,10.23,26.88,0.34
2021-06-04,21.98,11.99,33.06,0.0
2021-06-05,28.33,22.06,35.45,0.0
2021-06-06,28.28,24.96,31.32,0.0
2021-06-07,25.57,21.11,29.5,1.02
2021-06-08,23.75,16.47,31.98,0.0
2021-06-09,24.92,18.92,28.02,0.0
2021-06-10,22.92,16.36,30.75,0.0
2021-06-11,19.38,17.83,26.33,2.11
2021-06-12,19.57,13.88,28.59,1.01
2021-06-13,22.82,8.65,30.78,2.58
2021-06-14,19.25,15.68,27.03,4.4
2021-06-15,17.79,9.08,21.55,0.0
2021-06-16,17.45,3.07,22.53,0.0
2021-06-17,21.29,8.9,31.89,1.99
2021-06-18,24.83,17.1,31.18,3.2
2021-06-19,16.92,12.59,24.27,0.04
2021-06-20,19.02,8.49,24.14,9.27
2021-06-21,16.36,10.66,16.35,4.91
2021-06-22,15.27,8.06,19.81,0.0
2021-06-23,16.25,5.9,24.89,0.0
2021-06-24,21.13,16.75,24.12,31.58
2021-06-25,21.17,12.86,25.04,5.44
2021-06-26,19.24,15.21,19.7,21.14
2021-06-27,17.72,15.93,24.04,20.33
2021-06-28,21.36,12.71,24.67,0.0
2021-06-29,20.34,16.01,24.67,10.74
2021-06-30,19.78,13.67,28.39,1.26
2021-07-01,16.7,14.71,22.04,0.0
2021-07-02,15.31,7.07,23.19,0.0
2021-07-03,25.72,12.5,33.18,0.0
2021-07-04,24.98,16.98,32.54,0.05
2021-07-05,25.97,21.51,34.49,2.61
2021-07-06,18.79,13.35,27.46,12.12
2021-07-07,14.37,13.16,17.86,20.44
2021-07-08,15.07,11.55,20.33,0.0
2021-07-09,16.68,8.55,23.61,0.0
2021-07-10,18.31,7.94,24.1,0.0
2021-07-11,16.64,9.13,24.94,0.0
2021-07-12,19.62,5.99,26.27,0.0
2021-07-13,24.49,15.7,26.21,0.0
2021-07-14,21.78,16.26,27.57,30.34
2021-07-15,19.03,16.08,26.21,4.87
2021-07-16,19.03,10.18,23.36,0.0
2021-07-17,19.57,11.46,25.57,0.0
2021-07-18,23.34,11.74,28.32,0.0
2021-07-19,21.28,15.4,29.26,0.0
2021-07-20,18.77,15.38,26.45,0.0
2021-07-21,15.73,9.68,22.96,0.0
2021-07-22,18.62,14.18,23.92,0.0
2021-07-23,22.68,19.67,28.97,6.14
2021-07-24,26.09,22.13,29.89,40.68
2021-07-25,22.93,14.65,30.28,0.0
2021-07-26,23.31,18.08,31.0,0.0
2021-07-27,23.29,17.11,26.84,1.92
2021-07-28,22.15,16.12,25.93,2.69
2021-07-29,21.75,14.31,25.75,9.32
2021-07-30,17.4,12.06,20.86,0.0
2021-07-31,18.78,15.9,26.12,9.85
2021-08-01,17.28,14.95,22.56,0.0
2021-08-02,18.57,10.3,24.82,0.0
2021-08-03,20.56,14.04,26.77,0.1
2021-08-04,19.58,14.22,29.45,0.0
2021-08-05,20.88,12.94,27.46,0.0
2021-08-06,22.15,21.21,26.99,9.47
2021-08-07,20.19,16.14,22.65,6.1
2021-08-08,22.92,18.9,26.63,16.38
2021-08-09,22.38,19.81,28.77,4.22
2021-08-10,23.38,14.78,30.36,2.52
2021-08-11,21.06,20.13,29.33,15.92
2021-08-12,20.88,13.28,26.87,0.0
2021-08-13,16.2,8.64,26.52,0.0
2021-08-14,16.6,7.47,25.23,0.0
2021-08-15,20.35,10.29,29.21,0.0
2021-08-16,18.3,10.33,25.81,0.0
2021-08-17,19.55,10.79,28.6,0.0
2021-08-18,18.27,10.6,28.37,0.0
2021-08-19,22.89,12.83,29.2,1.38
2021-08-20,22.08,14.65,27.32,0.0
2021-08-21,25.97,21.5,27.94,3.1
2021-08-22,17.69,10.77,20.68,0.0
2021-08-23,19.02,10.99,27.05,1.3
2021-08-24,18.64,15.87,23.82,2.59
2021-08-25,22.04,16.64,29.99,2.18
2021-08-26,21.78,15.09,26.79,0.61
2021-08-27,19.95,15.77,24.44,20.02
2021-08-28,21.99,19.05,27.39,23.88
2021-08-29,23.3,19.09,29.31,12.29
2021-08-30,19.37,13.78,26.97,0.0
2021-08-31,18.74,14.45,23.44,1.31
2021-09-01,14.93,9.93,24.46,0.0
2021-09-02,15.67,8.44,21.61,0.0
2021-09-03,13.28,11.95,18.51,4.47
2021-09-04,16.78,11.58,17.22,3.86
2021-09-05,17.41,12.52,24.78,0.51
2021-09-06,16.68,8.41,22.06,0.0
2021-09-07,19.58,13.62,24.94,17.69
2021-09-08,15.05,7.28,20.68,0.0
2021-09-09,12.13,5.21,22.28,0.0
2021-09-10,16.36,5.38,23.53,0.0
2021-09-11,18.67,12.1,26.6,0.0
2021-09-12,15.58,10.15,19.86,0.0
2021-09-13,12.82,7.51,19.94,0.0
2021-09-14,18.21,9.99,23.71,6.78
2021-09-15,15.7,12.07,25.56,0.0
2021-09-16,16.78,7.16,25.19,0.0
2021-09-17,19.17,6.36,27.17,4.62
2021-09-18,11.88,2.29,21.42,0.0
2021-09-19,15.96,6.38,27.89,0.0
2021-09-20,20.88,19.96,23.98,1.08
2021-09-21,16.21,8.64,20.87,4.17
2021-09-22,13.01,7.83,18.56,0.0
2021-09-23,12.4,6.12,18.56,0.0
2021-09-24,13.25,2.37,24.85,4.25
2021-09-25,11.6,8.68,19.24,0.0
2021-09-26,13.1,10.03,19.68,1.18
2021-09-27,12.65,7.43,20.45,0.0
2021-09-28,11.97,5.48,19.9,0.0
2021-09-29,12.17,4.3,22.91,0.0
2021-09-30,14.1,7.24,23.54,0.0
2021-10-01,15.85,6.93,26.69,0.0
2021-10-02,19.2,13.06,25.07,6.96
2021-10-03,15.7,13.8,18.19,34.83
2021-10-04,16.8,18.6,18.11,0.0
2021-10-05,15.96,10.36,22.66,0.0
2021-10-06,14.75,10.09,21.62,0.0
2021-10-07,14.88,8.08,19.95,3.98
2021-10-08,17.0,16.29,20.78,1.51
2021-10-09,15.77,15.03,20.14,0.0
2021-10-10,20.02,16.94,23.86,2.25
2021-10-11,17.41,16.35,20.33,15.56
2021-10-12,16.21,15.67,20.17,4.68
2021-10-13,16.25,11.71,19.12,0.0
2021-10-14,15.82,4.18,18.59,0.0
2021-10-15,8.05,1.04,14.76,0.0
2021-10-16,9.26,3.95,15.18,0.0
2021-10-17,9.89,4.88,18.59,0.0
2021-10-18,9.3,-0.5,20.03,0.0
2021-10-19,13.18,1.93,24.0,0.0
2021-10-20,10.34,6.72,13.86,14.66
2021-10-21,7.92,-1.94,12.34,6.5
2021-10-22,3.76,-2.75,8.92,0.0
2021-10-23,3.96,-0.84,10.51,0.0
2021-10-24,5.03,-3.68,9.1,0.0
2021-10-25,7.14,3.71,10.11,0.0
2021-10-26,5.97,1.19,10.48,0.0
2021-10-27,4.85,0.77,11.78,0.0
2021-10-28,10.14,7.94,14.17,4.45
2021-10-29,11.65,8.23,11.97,3.17
2021-10-30,8.87,2.34,14.14,0.0
2021-10-31,5.49,2.07,9.34,1.44
2021-11-01,2.02,-0.62,6.33,0.0
2021-11-02,1.08,-3.82,5.96,0.0
2021-11-03,-0.93,-4.62,6.26,0.0
2021-11-04,2.82,-3.79,7.67,0.0
2021-11-05,4.73,-4.67,11.24,0.0
2021-11-06,10.78,5.31,15.76,0.0
2021-11-07,7.0,-0.73,17.82,0.0
2021-11-08,11.99,2.25,19.51,0.0
2021-11-09,2.96,-2.88,9.67,0.0
2021-11-10,4.58,-8.05,12.31,0.0
2021-11-11,6.67,2.25,13.9,11.19
2021-11-12,3.1,0.76,5.09,1.74
2021-11-13,1.13,1.21,7.05,0.0
2021-11-14,-1.77,-3.02,1.57,2.91
2021-11-15,-2.08,-3.17,4.86,0.0
2021-11-16,0.57,-7.23,6.02,0.0
2021-11-17,8.58,2.88,7.76,1.72
2021-11-18,-0.68,-2.66,2.16,0.0
2021-11-19,0.36,-4.26,1.21,0.0
2021-11-20,2.03,-5.13,5.78,0.0
2021-11-21,-3.05,-3.77,2.22,0.25
2021-11-22,-5.02,-12.01,-2.4,0.0
2021-11-23,-1.46,-13.37,4.47,0.0
2021-11-24,3.99,1.51,7.96,0.0
2021-11-25,-3.09,-8.94,5.46,1.26
2021-11-26,-7.3,-11.27,-2.31,0.0
2021-11-27,-2.01,-5.54,-0.42,4.42
2021-11-28,0.2,-7.48,0.72,0.0
2021-11-29,-3.6,-10.67,0.68,8.68
2021-11-30,0.26,-4.94,3.77,0.0
2021-12-01,-0.23,-5.81,5.07,0.63
2021-12-02,4.46,1.53,5.8,0.0
2021-12-03,-0.43,0.01,1.33,1.15
2021-12-04,0.13,-1.98,4.21,0.0
2021-12-05,-0.6,-4.88,-1.35,7.28
2021-12-06,-3.54,-17.39,0.67,0.0
2021-12-07,-16.41,-18.93,-11.19,0.0
2021-12-08,-11.47,-19.04,-5.04,0.0
2021-12-09,-0.59,-9.8,2.95,2.64
2021-12-10,-0.15,-2.33,2.52,7.24
2021-12-11,-0.83,-4.71,1.64,8.83
2021-12-12,-0.66,-5.39,4.51,0.0
2021-12-13,-0.35,-5.27,6.45,0.0
2021-12-14,2.98,-1.49,5.18,0.0
2021-12-15,5.5,3.0,8.61,7.5
2021-12-16,2.63,-7.38,15.33,1.53
2021-12-17,-7.85,-10.0,-6.43,0.08
2021-12-18,-3.92,-6.61,-2.33,1.59
2021-12-19,-2.9,-11.3,-2.94,0.0
2021-12-20,-2.49,-9.33,-1.06,0.61
2021-12-21,-8.38,-11.35,-6.53,2.43
2021-12-22,-12.54,-13.57,-6.61,0.0
2021-12-23,-2.4,-9.32,3.95,3.87
2021-12-24,-1.3,-13.54,4.29,3.82
2021-12-25,-1.02,-4.61,1.77,0.0
2021-12-26,-3.99,-6.41,-1.47,1.91
2021-12-27,0.15,-7.27,2.76,4.28
2021-12-28,-8.76,-10.19,-0.21,6.06
2021-12-29,-5.7,-10.32,0.78,1.87
2021-12-30,-8.36,-12.32,-1.5,1.25
2021-12-31,-3.3,-5.25,-1.2,0.03
2022-01-01,-8.71,-12.25,-5.95,0.0
2022-01-02,-11.6,-14.91,-8.27,0.0
2022-01-03,-12.65,-20.4,-5.77,0.0
2022-01-04,-5.68,-15.49,0.29,0.0
2022-01-05,-3.56,-9.39,-0.67,7.28
2022-01-06,-11.11,-9.29,-10.98,1.39
2022-01-07,-9.47,-19.51,-8.19,0.0
2022-01-08,-7.6,-13.5,-2.54,0.0
2022-01-09,-11.38,-19.93,-3.27,0.75
2022-01-10,-20.35,-26.74,-15.35,0.0
2022-01-11,-13.06,-26.54,-4.1,0.0
2022-01-12,-3.97,-4.75,1.32,0.0
2022-01-13,-2.86,-7.03,-0.43,0.0
2022-01-14,-11.44,-14.9,-9.17,0.64
2022-01-15,-16.82,-19.7,-8.17,0.0
2022-01-16,-11.77,-21.05,-8.01,1.39
2022-01-17,-4.61,-7.08,-3.49,0.0
2022-01-18,-1.55,-9.17,0.02,1.0
2022-01-19,-7.05,-14.45,2.52,0.0
2022-01-20,-17.4,-24.57,-12.13,0.0
2022-01-21,-17.04,-27.45,-8.05,0.0
2022-01-22,-7.37,-11.61,-5.25,0.09
2022-01-23,-13.32,-15.86,-10.61,0.0
2022-01-24,-10.31,-13.68,-6.08,2.36
2022-01-25,-17.35,-19.75,-11.47,0.0
2022-01-26,-18.6,-29.72,-12.83,0.0
2022-01-27,-8.48,-18.83,-0.48,0.0
2022-01-28,-13.98,-23.25,-8.61,0.0
2022-01-29,-8.77,-15.48,-7.33,1.05
2022-01-30,-5.51,-12.01,-2.32,0.0
2022-01-31,-6.57,-16.47,-0.74,0.0
2022-02-01,0.42,-4.17,5.79,0.0
2022-02-02,-10.26,-11.16,-8.61,0.0
2022-02-03,-14.53,-16.23,-11.79,0.0
2022-02-04,-15.69,-16.29,-11.47,0.0
2022-02-05,-14.14,-20.22,-8.8,0.26
2022-02-06,-3.87,-7.5,-2.18,2.44
2022-02-07,-5.35,-8.73,-2.19,0.0
2022-02-08,-3.27,-10.5,1.61,0.0
2022-02-09,0.09,-2.84,4.08,0.56
2022-02-10,-4.55,-5.43,-1.84,3.79
2022-02-11,-2.75,-10.38,5.37,1.41
2022-02-12,-14.41,-20.74,-11.63,0.0
2022-02-13,-14.55,-20.06,-9.09,0.0
2022-02-14,-13.7,-18.29,-7.94,0.0
2022-02-15,-11.04,-21.51,-0.1,0.0
2022-02-16,0.93,-5.35,4.9,0.0
2022-02-17,-8.04,-14.72,-3.31,1.02
2022-02-18,-12.06,-20.64,-1.41,2.13
2022-02-19,-13.28,-16.57,-9.93,0.0
2022-02-20,-2.07,-9.9,7.56,0.0
2022-02-21,-5.91,-9.52,-4.86,0.89
2022-02-22,-11.82,-12.56,-6.68,4.68
2022-02-23,-11.02,-14.29,-5.99,0.0
2022-02-24,-8.25,-12.88,-6.5,1.27
2022-02-25,-9.32,-11.54,-7.09,1.69
2022-02-26,-6.43,-11.89,1.82,0.0
2022-02-27,-1.95,-7.63,1.06,0.0
2022-02-28,-4.46,-7.87,1.08,0.0
2022-03-01,-4.5,-8.99,1.82,0.0
2022-03-02,-5.02,-10.69,2.98,0.0
2022-03-03,-7.96,-14.21,-3.07,0.0
2022-03-04,-6.01,-13.63,0.72,0.0
2022-03-05,1.37,-1.93,3.38,16.7
2022-03-06,1.26,-0.16,2.03,6.33
2022-03-07,-0.3,-5.17,-1.32,0.35
2022-03-08,-2.4,-10.92,3.79,0.0
2022-03-09,-1.94,-6.34,1.66,0.0
2022-03-10,-8.49,-11.59,-5.19,0.0
2022-03-11,-8.14,-14.29,-3.58,0.0
2022-03-12,-14.62,-16.5,-9.06,0.0
2022-03-14,-1.58,-1.64,-0.75,4.61
2022-03-15,1.43,-3.61,4.25,0.0
2022-03-16,5.52,-3.97,16.34,0.0
2022-03-17,5.66,1.67,13.93,0.0
2022-03-18,1.71,0.55,1.75,3.9
2022-03-19,3.32,-2.52,10.56,2.36
2022-03-20,2.99,-3.91,12.8,0.0
2022-03-21,1.03,0.63,3.23,10.78
2022-03-22,1.65,0.65,3.84,8.12
2022-03-23,-0.17,-1.23,4.13,22.09
2022-03-24,3.01,-0.13,1.88,2.3
2022-03-25,2.16,-3.4,6.4,0.2
2022-03-26,-2.87,-5.58,-2.2,0.11
2022-03-27,-5.35,-10.07,-3.87,0.0
2022-03-28,-6.46,-10.98,-0.59,0.0
2022-03-29,-3.79,-6.89,2.36,1.33
2022-03-30,0.75,-0.06,2.79,22.19
2022-03-31,-0.01,-2.25,0.19,6.26
2022-04-01,1.21,-3.04,4.62,0.0
2022-04-02,3.08,-1.85,5.53,4.9
2022-04-03,3.0,-2.05,7.18,0.0
2022-04-04,1.63,-0.07,0.81,11.92
2022-04-05,-0.46,1.26,3.43,1.53
2022-04-06,7.6,1.78,11.36,17.34
2022-04-07,3.24,1.7,4.25,1.53
2022-04-08,0.74,-1.41,1.66,0.0
2022-04-09,3.31,-2.86,8.7,0.0
2022-04-10,4.98,-3.45,8.88,0.44
2022-04-11,9.25,2.84,17.3,1.39
2022-04-12,5.25,-0.64,11.59,8.05
2022-04-13,7.19,4.59,9.6,25.8
2022-04-14,2.25,-0.88,3.44,1.85
2022-04-15,0.31,-1.42,0.41,0.0
2022-04-16,0.5,-0.79,1.77,0.0
2022-04-17,0.67,-2.38,4.27,0.0
2022-04-18,0.39,-1.52,2.13,6.51
2022-04-19,4.41,0.05,6.83,0.0
2022-04-20,5.51,-1.85,8.38,7.43
2022-04-21,10.0,5.71,16.0,0.36
2022-04-22,4.53,-2.55,7.82,10.56
2022-04-23,10.86,5.89,20.33,3.19
2022-04-24,16.08,10.81,20.33,0.02
2022-04-25,8.78,1.46,9.44,1.67
2022-04-26,2.05,-1.38,1.34,0.02
2022-04-27,0.36,-3.5,4.93,0.0
2022-04-28,2.49,-1.77,9.06,0.0
2022-04-29,8.93,4.27,13.65,0.0
2022-04-30,6.23,7.73,8.89,27.57
2022-05-01,8.92,7.45,13.44,4.78
2022-05-02,9.8,7.38,12.08,0.0
2022-05-03,6.03,4.19,7.75,0.0
2022-05-04,6.98,-0.33,11.08,0.0
2022-05-05,10.45,-0.41,14.21,0.0
2022-05-06,11.71,5.59,17.17,0.0
2022-05-07,10.49,-1.87,15.23,0.0
2022-05-08,10.59,0.27,14.98,0.0
2022-05-09,14.62,8.92,21.63,0.0
2022-05-10,19.4,14.68,26.2,0.22
2022-05-11,17.28,14.96,21.55,0.0
2022-05-12,21.74,12.59,30.69,0.0
2022-05-13,22.42,14.88,29.13,0.0
2022-05-14,23.13,14.81,28.47,10.64
2022-05-15,19.02,11.87,22.64,0.0
2022-05-16,14.15,6.58,22.3,0.0
2022-05-17,9.35,1.71,18.61,0.0
2022-05-18,13.55,5.81,17.44,4.97
2022-05-19,14.41,8.24,21.94,4.37
2022-05-20,16.74,14.9,18.75,8.15
2022-05-21,11.84,7.98,14.4,0.0
2022-05-22,10.37,6.43,13.63,0.0
2022-05-23,10.08,1.59,16.14,0.0
2022-05-24,10.98,-0.64,18.72,0.0
2022-05-25,11.88,11.23,10.33,29.37
2022-05-26,12.34,9.39,16.33,4.85
2022-05-27,13.39,9.93,17.32,0.0
2022-05-28,12.59,4.76,18.02,6.38
2022-05-29,18.1,14.4,22.08,0.0
2022-05-30,20.5,17.4,26.27,0.0
2022-05-31,25.25,17.99,27.33,2.04
2022-06-01,17.31,12.15,21.9,0.0
2022-06-02,16.7,6.07,24.29,0.0
2022-06-03,15.86,5.86,19.77,0.0
2022-06-04,15.98,3.27,23.41,0.0
2022-06-05,14.73,5.45,21.28,0.53
2022-06-06,14.63,8.97,15.84,17.75
2022-06-07,14.68,6.35,19.65,0.0
2022-06-08,14.96,8.76,17.99,2.57
2022-06-09,18.99,8.45,22.99,0.0
2022-06-10,16.78,7.44,25.67,0.0
2022-06-11,16.27,9.95,20.18,13.61
2022-06-12,13.53,7.71,18.19,0.0
2022-06-13,14.48,8.03,18.69,2.73
2022-06-14,18.36,15.46,28.58,0.0
2022-06-15,25.94,23.41,32.35,6.44
2022-06-16,22.24,15.48,27.59,0.0
2022-06-17,18.35,12.87,26.5,0.0
2022-06-18,14.32,9.86,19.04,0.0
2022-06-19,14.41,9.48,25.29,0.0
2022-06-20,25.07,14.71,36.2,0.0
2022-06-21,28.14,22.34,33.1,2.77
2022-06-22,22.74,10.63,28.34,0.0
