2015-10-08,11.13,1.92,10.07,
2015-10-10,17.06,11.28,29.87,
2015-10-12,8.57,2.68,15.73,
2015-10-14,8.92,1.79,16.99,
2015-10-19,11.89,7.53,20.85,
2015-10-21,9.04,0.93,16.62,
2015-10-22,6.93,-3.27,17.42,
2015-10-24,4.62,2.69,12.77,
2015-10-25,4.14,-0.94,9.58,
2015-10-26,2.88,-1.72,11.54,
2015-10-28,3.39,-0.03,4.7,
2015-10-29,3.67,-0.97,4.67,
2015-11-02,5.98,-1.27,13.27,
2015-11-04,6.02,2.23,6.91,
2015-11-05,1.92,1.22,4.92,
2015-11-06,2.24,-0.19,4.68,
2015-11-08,5.37,-1.36,10.53,
2015-11-09,6.61,-2.86,15.29,
2015-11-13,1.15,-6.01,7.47,
2015-11-15,5.32,-0.49,15.74,
2015-11-16,9.72,4.18,12.33,
2015-11-17,2.67,-2.21,3.67,
2015-11-18,-0.67,-7.48,6.54,
2015-11-19,-5.47,-6.93,-0.29,
2015-11-20,-8.07,-14.45,-1.87,
2015-11-21,-11.5,-13.49,-0.37,
2015-11-23,-0.25,-5.91,4.75,
2015-11-24,-0.78,-4.1,5.52,
2015-11-26,-9.3,-11.81,-8.42,
2015-11-27,-9.6,-16.62,-0.94,
2015-12-01,-1.15,-3.66,1.91,
2015-12-04,-2.81,-7.51,3.82,
2015-12-11,-2.64,-1.32,-2.54,
2015-12-12,-4.37,-7.99,-3.94,
2015-12-13,-2.9,-5.28,-1.2,
2015-12-14,-1.71,-3.48,-0.69,
2015-12-15,-4.96,-5.92,-4.69,
2015-12-17,-8.91,-11.37,-3.46,
2015-12-18,-15.43,-20.92,-11.26,
2015-12-19,-15.08,-20.32,-8.39,
2015-12-20,-10.19,-13.62,-7.06,
2015-12-21,-8.55,-10.31,-9.25,
2015-12-22,-6.89,-8.28,-2.55,
2015-12-23,-4.65,-8.35,-3.1,
2015-12-24,-12.68,-16.25,-8.83,
2015-12-25,-6.76,-13.87,-1.85,
2015-12-26,-18.45,-23.3,-16.35,
2015-12-27,-19.78,-22.16,-14.85,
2015-12-28,-16.0,-20.9,-12.9,
2015-12-29,-11.18,-14.92,-11.55,
2016-01-02,-7.65,-8.74,-5.03,
2016-01-03,-13.41,-16.7,-7.68,
2016-01-04,-7.78,-16.45,-4.02,
2016-01-05,-7.61,-10.68,-5.49,
2016-01-07,-7.87,-8.87,-8.83,
2016-03-02,-1.95,-4.2,-3.31,
2016-03-03,-6.47,-6.73,-1.55,
2016-03-04,-1.52,-6.14,4.61,
2016-03-05,-0.83,-5.34,5.27,
2016-03-06,5.61,0.31,18.1,
2016-03-08,2.62,-2.3,6.35,
2016-03-09,-1.44,-4.65,1.5,
2016-03-11,8.05,3.07,17.06,
2016-03-12,6.93,1.49,16.41,
2016-03-14,8.53,0.61,15.03,
2016-03-15,6.36,0.5,11.57,
2016-03-16,1.35,-0.91,3.71,
2016-03-18,-2.79,-4.93,0.01,
2016-03-19,-0.09,-6.37,1.59,
2016-03-20,-2.31,-7.26,5.74,
2016-03-21,1.73,-2.45,5.5,
2016-03-22,1.38,-0.45,4.74,
2016-03-23,-0.81,-3.45,2.03,
2016-03-25,0.01,-3.69,5.94,
2016-03-26,-2.91,-9.02,3.4,
2016-03-27,3.2,-4.42,11.66,
2016-03-28,2.91,-1.62,10.22,
2016-03-29,6.21,0.23,12.63,
2016-04-02,-2.41,-7.38,3.07,
2016-04-03,-0.81,-3.34,2.77,
2016-04-04,-1.49,-6.9,4.02,
2016-04-05,6.52,-2.17,13.9,
2016-04-06,3.52,0.8,8.5,
2016-04-07,4.75,-2.32,3.91,
2016-04-08,-0.8,-5.95,0.84,
2016-04-09,-0.36,-7.98,9.09,
2016-04-10,1.81,1.17,6.06,
2016-04-11,-4.11,-4.76,1.23,
2016-04-12,0.51,-9.53,10.83,
2016-04-13,8.14,-6.58,19.14,
2016-04-14,11.97,5.78,16.55,
2016-04-15,11.3,9.96,18.09,
2016-04-16,4.29,2.03,7.37,
2016-04-17,3.77,0.91,8.32,
2016-04-18,4.41,4.16,6.4,
2016-04-19,5.83,5.65,10.43,
2016-04-20,10.44,10.14,19.69,
2016-04-21,7.98,2.53,8.55,
2016-04-22,6.89,-3.05,15.68,
2016-04-23,9.29,4.22,16.64,
2016-09-26,10.06,5.68,16.37,
2016-09-28,10.96,5.54,16.01,
2016-10-02,17.72,12.13,23.47,
2016-10-03,19.6,13.37,25.31,
2016-10-04,12.51,13.34,14.88,
2016-10-05,6.07,5.0,10.52,
2016-10-06,3.62,1.16,9.95,
2016-10-07,2.32,-1.45,4.12,
2016-10-08,3.49,-2.89,7.89,
2016-10-09,4.78,-1.64,15.43,
2016-10-10,8.81,4.52,15.22,
2016-10-11,3.74,-0.38,6.61,
2016-10-12,0.19,-2.29,3.19,
2016-10-13,1.52,-3.63,12.47,
2016-10-15,14.98,5.16,21.09,
2016-10-16,8.74,4.03,17.86,
2016-10-17,11.43,6.32,14.88,
2016-10-18,8.37,3.2,16.38,
2016-10-19,6.27,-0.69,7.16,
2016-10-20,3.75,-4.41,6.73,
2016-10-21,8.08,-0.96,15.43,
2016-10-22,5.98,-1.1,14.03,
2016-10-23,7.38,-1.24,9.85,
2016-10-24,1.27,-6.36,11.95,
2016-10-25,6.45,1.6,10.96,
2016-10-26,8.5,4.56,9.02,
2016-10-27,7.36,1.55,13.43,
2016-10-28,9.56,5.94,14.43,
2016-10-29,4.42,0.88,9.01,
2016-11-02,7.84,5.22,14.37,
2016-11-03,8.99,1.32,19.05,
2016-11-04,8.52,0.26,18.35,
2016-11-05,10.87,2.48,23.2,
2016-11-06,15.0,6.97,21.15,
2016-11-07,10.46,2.99,13.83,
2016-11-08,6.1,-2.64,13.1,
2016-11-09,11.38,2.99,19.56,
2016-11-10,7.58,5.44,16.32,
2016-11-11,1.18,-4.16,9.82,
2016-11-12,5.91,0.82,15.08,
2016-11-13,6.8,0.71,16.36,
2016-11-14,3.51,-2.01,9.74,
2016-11-15,4.58,-4.07,11.71,
2016-11-16,6.43,2.21,12.91,
2016-11-17,1.49,0.16,3.12,
2016-11-18,-2.28,-2.51,1.03,
2016-11-19,-3.62,-10.44,-1.99,
2016-11-20,-0.77,-6.36,1.51,
2016-11-21,-3.4,-7.84,0.12,
2016-11-22,0.23,0.35,0.2,
2016-11-23,-1.47,-1.37,1.03,
2016-11-24,-0.05,-1.75,1.1,
2016-11-25,-0.51,-1.32,8.27,
2016-11-26,0.23,-2.79,7.15,
2016-11-27,-1.85,-6.07,1.13,
2016-11-28,1.22,-2.36,1.57,
2016-12-01,-2.48,-1.54,-1.34,
2016-12-02,-2.43,-3.63,-2.48,
2016-12-03,-2.03,-6.97,0.12,
2016-12-04,-0.01,-1.86,-0.15,
2016-12-14,-20.37,-23.86,-15.63,
2016-12-15,-20.68,-25.06,-16.95,
2016-12-16,-18.68,-21.38,-16.2,
2016-12-17,-25.97,-30.86,-20.54,
2016-12-18,-22.41,-30.41,-10.48,
2016-12-19,-2.45,-13.23,-0.86,
2016-12-20,-4.05,-10.07,0.61,
2016-12-23,-8.14,-12.82,-0.76,
2016-12-24,-11.89,-16.29,-4.89,
2016-12-25,-5.78,-10.1,-2.02,
2016-12-26,-7.97,-12.14,-1.03,
2016-12-27,-13.62,-22.28,-5.86,
2016-12-28,-3.45,-6.13,-1.99,
2016-12-29,-5.58,-9.84,-0.97,
2017-01-01,-7.34,-11.01,-4.53,
2017-01-02,-10.64,-14.29,-10.01,
2017-01-03,-19.99,-25.33,-14.02,
2017-01-04,-25.27,-28.98,-20.56,
2017-01-05,-25.83,-30.61,-20.84,
2017-01-06,-22.48,-29.93,-19.61,
2017-01-07,-27.06,-30.51,-24.2,
2017-01-08,-20.23,-30.05,-15.95,
2017-01-09,-16.54,-20.05,-14.29,
2017-01-10,-16.33,-21.33,-13.5,
2017-01-11,-22.53,-27.68,-17.32,
2017-01-13,-23.1,-32.98,-14.73,
2017-01-14,-17.75,-21.02,-11.44,
2017-01-15,-11.74,-18.7,-8.31,
2017-01-16,-13.51,-17.68,-7.96,
2017-01-17,-9.65,-14.79,-2.76,
2017-01-18,-2.46,-5.74,0.22,
2017-01-19,-1.71,-8.97,0.48,
2017-01-20,-0.09,2.54,2.07,
2017-01-21,-0.87,-0.01,2.44,
2017-01-23,-2.29,-4.29,0.01,
2017-01-24,-7.13,-5.34,-3.26,
2017-01-25,-4.74,-7.05,-4.08,
2017-01-27,-6.2,-7.21,-2.22,
2017-01-28,-3.31,-7.4,-1.51,
2017-01-29,-5.01,-6.32,-1.38,
2017-02-01,-15.09,-21.33,-12.99,
2017-02-05,-15.33,-17.78,-11.3,
2017-02-06,-12.39,-15.86,-11.87,
2017-02-07,-17.15,-23.8,-14.85,
2017-02-08,-22.74,-27.73,-18.39,
2017-02-09,-16.84,-24.31,-8.66,
2017-02-10,-2.25,-8.56,5.21,
2017-02-11,-3.6,-4.88,3.74,
2017-02-12,-3.85,-8.97,-0.36,
2017-02-13,-2.04,-8.59,0.18,
2017-02-14,-4.66,-10.3,3.01,
2017-02-15,-5.79,-12.82,3.77,
2017-02-17,2.4,-3.69,4.2,
2017-02-18,2.01,-2.17,0.32,
2017-02-19,1.37,1.04,7.59,
2017-02-20,0.56,0.5,5.17,
2017-02-21,1.07,0.27,3.09,
2017-02-22,1.71,-3.15,2.22,
2017-02-24,-6.76,-10.69,-4.38,
2017-02-25,-5.32,-10.28,-2.24,
2017-02-26,-11.87,-20.7,-7.06,
2017-03-02,-14.76,-17.77,-9.48,
2017-03-03,-7.52,-19.07,-1.23,
2017-03-04,-0.76,-5.65,3.75,
2017-03-05,2.27,-2.82,8.47,
2017-03-07,-7.8,-8.0,-3.88,
2017-03-08,-8.98,-12.51,-4.11,
2017-03-09,-12.1,-16.98,-11.17,
2017-03-10,-16.25,-18.1,-12.15,
2017-03-13,-12.41,-19.37,-9.01,
2017-03-14,-9.83,-15.68,-2.71,
2017-03-15,-5.04,-9.88,1.47,
2017-03-16,-1.75,-5.23,3.29,
2017-03-17,-0.44,-2.15,1.42,
2017-03-18,-4.45,-10.61,3.54,
2017-03-19,2.44,0.12,11.54,
2017-03-20,2.67,-0.62,7.87,
2017-03-22,-3.38,-8.72,0.8,
2017-03-23,0.56,-2.72,2.86,
2017-03-24,0.57,-1.82,1.62,
2017-03-25,-0.76,-1.96,4.86,
2017-03-26,3.92,0.6,10.59,
2017-03-27,2.82,-1.77,11.31,
2017-03-28,4.89,-0.26,10.15,
2017-03-29,7.28,0.42,13.64,
2017-04-03,5.67,0.52,12.29,
2017-04-08,9.8,5.7,19.08,
2017-04-09,4.44,-0.17,6.77,
2017-04-10,0.55,-3.63,4.47,
2017-04-12,9.38,-0.4,16.8,
2017-04-13,11.14,-0.72,17.74,
2017-04-14,12.6,7.01,22.94,
2017-04-15,11.15,5.98,18.24,
2017-04-17,4.3,-1.63,7.95,
2017-04-18,5.56,1.65,8.92,
2017-04-21,8.68,0.23,16.41,
2017-04-22,7.55,1.0,18.86,
2017-04-23,1.01,-3.58,0.29,
2017-04-24,0.24,-0.66,0.84,
2017-04-25,0.25,-0.12,0.1,
2017-04-26,0.31,-0.95,1.61,
2017-04-27,0.52,-4.82,8.28,
2017-04-28,4.4,-1.41,11.08,
2017-05-02,9.31,2.01,18.21,
2017-05-03,9.86,2.51,18.55,
2017-05-04,12.56,0.65,20.74,
2017-05-05,17.82,6.76,23.42,
2017-05-06,15.38,3.47,23.1,
2017-05-07,16.39,8.26,24.69,
2017-05-08,14.46,10.75,17.11,
2017-05-09,12.92,3.72,20.5,
2017-05-10,10.47,5.38,15.46,
2017-05-11,11.96,2.19,22.54,
2017-05-12,12.87,6.34,19.32,
2017-05-13,17.49,6.06,25.78,
2017-05-14,17.61,11.22,23.71,
2017-05-15,17.12,8.96,25.67,
2017-05-16,11.43,11.92,17.02,
2017-05-18,9.59,2.17,14.99,
2017-05-19,9.19,2.72,17.36,
2017-05-20,9.05,3.95,11.24,
2017-05-21,7.12,3.98,12.21,
2017-05-22,7.77,3.12,11.86,
2017-05-23,9.96,7.0,14.77,
2017-05-24,12.32,1.07,18.2,
2017-05-26,14.04,9.17,20.53,
2017-05-27,15.58,7.48,22.61,
2017-05-28,13.08,7.18,18.44,
2017-05-29,12.43,10.25,14.61,
2017-06-02,24.58,15.84,34.49,
2017-06-03,21.55,14.01,25.71,
2017-06-04,20.55,11.83,28.35,
2017-06-05,21.82,13.19,28.8,
2017-06-06,21.48,16.1,27.55,
2017-06-07,20.04,16.13,21.79,
2017-06-08,20.33,11.04,26.08,
2017-06-10,22.04,18.28,28.48,
2017-06-13,19.9,14.95,23.25,
2017-06-14,19.54,16.62,24.9,
2017-06-15,18.89,15.53,23.99,
2017-06-16,19.01,13.17,23.57,
2017-06-17,15.84,13.63,21.95,
2017-06-21,20.98,13.47,28.31,
2017-06-23,14.05,10.54,16.45,
2017-06-25,13.63,5.09,19.5,
2017-06-26,15.3,5.05,21.22,
2017-06-27,17.9,12.21,26.25,
2017-06-28,18.14,16.2,25.37,
2017-07-02,16.82,11.59,22.48,
2017-07-03,19.19,12.62,25.93,
2017-07-04,25.67,18.58,33.04,
2017-07-06,22.84,19.06,27.91,
2017-07-07,20.42,13.99,24.56,
2017-07-08,21.83,16.77,30.45,
2017-07-09,23.39,19.02,27.9,
2017-07-10,21.36,15.44,26.48,
2017-07-11,24.52,17.89,30.83,
2017-07-12,16.75,17.41,22.46,
2017-07-13,15.52,14.17,20.89,
2017-07-14,20.93,11.19,29.46,
2017-07-15,20.69,15.65,24.17,
2017-07-16,18.82,9.48,26.5,
2017-07-17,22.5,18.17,28.16,
2017-07-18,21.13,15.03,28.78,
2017-07-19,20.92,12.7,28.49,
2017-07-20,21.65,15.22,29.35,
2017-07-22,21.0,16.31,27.93,
2017-07-23,19.26,14.33,24.43,
2017-07-24,18.62,15.94,27.3,
2017-07-25,22.38,18.51,29.6,
2017-07-27,21.14,12.63,27.61,
2017-07-28,21.95,12.78,28.9,
2017-07-29,22.58,15.28,29.52,
2017-08-02,14.36,15.23,21.02,
2017-08-03,16.91,12.68,23.84,
2017-08-04,17.17,10.02,23.84,
2017-08-05,20.63,11.21,24.04,
2017-08-06,17.43,10.79,24.13,
2017-08-07,18.33,9.37,27.25,
2017-08-08,18.76,8.24,28.8,
2017-08-09,17.84,14.01,23.53,
2017-08-11,18.82,9.09,24.4,
2017-08-12,16.32,12.07,23.22,
2017-08-13,18.18,14.17,22.38,
2017-08-14,18.58,12.33,21.37,
2017-08-15,16.82,13.74,20.92,
2017-08-16,17.81,16.43,20.81,
2017-08-18,19.63,15.11,24.16,
2017-08-19,18.63,9.65,27.8,
2017-08-20,18.78,12.65,22.8,
2017-08-21,18.05,11.49,22.68,
2017-08-22,16.19,8.92,22.77,
2017-08-23,15.88,5.65,26.1,
2017-08-25,15.67,11.99,19.19,
2017-08-26,16.44,15.38,22.87,
2017-08-27,16.99,13.11,26.35,
2017-08-28,20.53,11.34,30.57,
2017-08-29,21.36,13.27,28.97,
2017-09-02,17.98,10.66,26.69,
2017-09-03,21.54,10.97,34.34,
2017-09-04,16.43,9.9,19.33,
2017-09-05,13.01,10.16,20.05,
2017-09-08,12.39,5.36,22.08,
2017-09-09,16.32,8.06,24.88,
2017-09-10,19.89,14.51,28.33,
2017-09-11,19.74,10.28,28.11,
2017-09-12,22.06,13.12,33.4,
2017-09-13,20.83,12.99,24.81,
2017-09-14,16.87,11.03,19.97,
2017-09-15,10.12,9.93,13.58,
2017-09-16,6.6,6.98,9.12,
2017-09-17,10.51,6.21,18.77,
2017-09-18,14.22,6.93,20.07,
2017-09-19,17.49,14.48,20.56,
2017-09-20,14.39,8.45,20.05,
2017-09-21,17.82,9.06,25.7,
2017-09-22,15.22,11.13,18.07,
2017-09-23,11.64,8.29,16.97,
2017-09-24,10.14,11.29,10.78,
2017-09-25,10.33,8.85,9.77,
2017-09-27,12.26,6.21,22.38,
2017-09-28,11.51,5.76,20.68,
2017-10-02,12.26,8.65,15.43,
2017-10-03,11.98,6.01,16.28,
2017-10-04,8.45,5.48,15.94,
2017-10-06,10.33,-0.76,18.73,
2017-10-07,14.34,7.38,22.44,
2017-10-08,10.57,3.55,17.88,
2017-10-09,2.36,-0.3,8.2,
2017-10-10,7.15,-3.65,19.03,
2017-10-11,7.82,-0.66,14.46,
2017-10-12,8.75,4.47,16.99,
2017-10-13,4.86,-2.4,12.39,
2017-10-14,5.03,2.13,6.62,
2017-10-16,8.18,-1.4,20.97,
2017-10-17,10.58,0.54,23.67,
2017-10-18,10.82,4.42,15.15,
2017-10-19,8.9,-0.33,22.44,
2017-10-21,12.45,7.97,18.09,
2017-10-22,9.25,2.81,15.09,
2017-10-23,8.23,2.43,12.23,
2017-10-24,4.23,1.3,9.42,
2017-10-25,10.52,3.83,10.89,
2017-10-26,3.47,-1.6,9.99,
2017-10-27,-1.8,-6.46,4.05,
2017-10-28,-1.78,-10.28,3.3,
2017-10-29,5.44,1.43,9.27,
2017-11-02,-1.84,-3.18,-0.2,
2017-11-03,-3.14,-6.72,-2.88,
2017-11-05,-7.13,-14.45,-2.22,
2017-11-07,-10.33,-18.89,-3.34,
2017-11-10,-9.71,-17.38,-6.64,
2017-11-11,-4.01,-8.05,-2.11,
2017-11-12,-6.31,-11.82,-2.69,
2017-11-13,-1.33,-3.24,2.33,
2017-11-14,0.11,-5.06,1.94,
2017-11-15,-4.73,-8.9,-2.15,
2017-11-16,-4.1,-10.28,-0.86,
2017-11-17,-4.95,-10.04,0.86,
2017-11-18,-8.0,-9.73,-6.32,
2017-11-19,-3.67,-12.88,3.23,
2017-11-20,0.21,-5.77,8.72,
2017-11-21,-8.44,-10.95,-6.78,
2017-11-22,-6.32,-13.33,0.73,
2017-11-23,1.98,-5.66,8.66,
2017-11-24,4.83,-0.32,9.56,
2017-11-25,-1.67,-5.63,2.75,
2017-11-26,-4.31,-3.69,0.54,
2017-12-02,-0.54,-9.29,7.6,
2017-12-03,-1.06,-5.59,4.23,
2017-12-04,-2.31,-10.69,0.33,
2017-12-05,-12.43,-12.87,-8.74,
2017-12-07,-7.81,-14.58,-1.75,
2017-12-09,-5.46,-12.01,0.67,
2017-12-13,0.33,-7.09,4.8,
2017-12-14,-4.51,-5.37,-1.79,
2017-12-15,-4.25,-6.16,-3.98,
2017-12-16,-2.53,-5.07,0.59,
2017-12-17,-4.19,-10.21,1.67,
2017-12-18,1.0,-4.12,2.52,
2017-12-19,-4.73,-14.73,0.17,
2017-12-20,-12.32,-13.63,-11.6,
2017-12-21,-17.57,-21.89,-13.14,
2017-12-22,-12.44,-16.35,-6.44,
2017-12-23,-9.51,-18.47,-4.74,
2017-12-24,-19.2,-25.14,-13.4,
2017-12-25,-24.81,-25.31,-22.33,
2017-12-27,-24.08,-29.62,-17.33,
2017-12-28,-18.38,-24.17,-13.46,
2017-12-29,-21.33,-26.95,-20.21,
2018-01-03,-19.44,-23.75,-18.51,
2018-01-04,-19.75,-25.61,-16.78,
2018-01-05,-24.04,-27.23,-17.35,
2018-01-06,-12.51,-16.85,-6.08,
2018-01-07,-2.72,-10.53,-0.75,
2018-01-08,-3.66,-7.85,-2.72,
2018-01-09,-2.43,-8.72,0.16,
2018-01-10,-6.61,-17.72,0.78,
2018-01-11,-20.31,-26.39,-16.91,
2018-01-13,-26.33,-29.98,-19.91,
2018-01-14,-12.85,-23.62,-8.73,
2018-01-15,-23.8,-27.46,-22.42,
2018-01-16,-21.68,-28.41,-15.04,
2018-01-17,-7.78,-14.37,0.69,
2018-01-18,-4.24,-9.48,0.53,
2018-01-19,0.2,-4.64,5.31,
2018-01-20,-1.37,-7.28,3.09,
2018-01-21,-6.42,-11.46,-1.15,
2018-01-22,-5.27,-4.47,-5.63,
2018-01-23,-4.69,-7.09,-1.47,
2018-01-24,-7.02,-6.6,-3.56,
2018-01-25,-5.46,-8.17,-3.37,
2018-01-26,-3.82,-8.56,0.58,
2018-01-27,-10.98,-16.25,-8.05,
2018-01-28,-20.26,-22.8,-16.14,
2018-01-29,-18.37,-24.32,-13.78,
2018-02-01,-19.78,-22.49,-17.13,
2018-02-02,-15.39,-21.85,-9.74,
2018-02-03,-20.71,-25.78,-14.56,
2018-02-04,-22.56,-27.97,-14.98,
2018-02-05,-19.8,-25.11,-15.87,
2018-02-06,-18.29,-26.88,-13.07,
2018-02-07,-19.95,-26.22,-13.15,
2018-02-08,-20.3,-29.36,-17.58,
2018-02-10,-17.22,-21.77,-13.42,
2018-02-11,-17.02,-21.08,-11.0,
2018-02-12,-22.65,-28.9,-13.02,
2018-02-13,-10.13,-16.31,-3.43,
2018-02-14,-1.07,-10.65,4.91,
2018-02-15,-14.09,-17.15,-1.85,
2018-02-16,-11.35,-19.59,-2.58,
2018-02-17,-9.72,-15.54,-3.41,
2018-02-18,-12.63,-15.63,-10.16,
2018-02-19,-15.83,-18.7,-14.67,
2018-02-20,-14.3,-17.86,-13.55,
2018-02-21,-17.42,-20.69,-10.05,
2018-02-22,-11.92,-19.86,-7.06,
2018-02-24,-11.97,-20.35,-7.06,
2018-02-25,-7.15,-16.71,-1.31,
2018-02-26,-4.91,-12.14,1.82,
2018-03-01,-6.7,-16.35,0.9,
2018-03-02,-6.11,-9.19,-1.94,
2018-03-03,0.77,-3.24,1.76,
2018-03-04,0.32,1.09,0.96,
2018-03-05,-0.27,-1.55,0.39,
2018-03-06,-6.97,-12.28,-2.1,
2018-03-07,-8.35,-11.49,-4.42,
2018-03-08,-12.04,-17.56,-6.38,
2018-03-09,-10.39,-11.19,-4.77,
2018-03-10,-2.62,-4.52,-0.73,
2018-03-12,-6.12,-17.22,0.25,
2018-03-13,-9.52,-18.82,-0.47,
2018-03-14,-4.09,-10.5,2.11,
2018-03-15,-6.14,-10.39,-2.9,
2018-03-16,-5.65,-9.88,-0.62,
2018-03-17,-7.66,-12.53,1.09,
2018-03-18,-0.9,-1.53,2.65,
2018-03-19,1.31,-2.98,-1.82,
2018-03-20,-1.37,-4.74,0.3,
2018-03-21,-0.64,-3.45,2.31,
2018-03-22,-0.8,-7.22,1.85,
2018-03-23,-0.5,-2.48,0.97,
2018-03-24,-2.33,-1.82,-0.78,
2018-03-25,-0.02,-1.62,-0.07,
2018-03-29,-3.7,-7.05,-1.83,
2018-04-01,-10.92,-12.92,-4.61,
2018-04-02,-11.16,-15.12,-7.04,
2018-04-03,-11.99,-15.95,-7.12,
2018-04-04,-7.96,-16.04,-2.08,
2018-04-05,-8.2,-11.28,-3.31,
2018-04-06,-12.67,-18.95,-7.02,
2018-04-07,-9.66,-17.99,-6.87,
2018-04-08,-9.41,-14.87,-6.35,
2018-04-09,-3.11,-8.69,-1.71,
2018-04-12,0.73,-1.37,0.28,
2018-04-13,-2.26,-5.47,-2.84,
2018-04-14,-3.69,-5.35,-1.86,
2018-04-15,-3.51,-6.08,-0.17,
2018-04-17,1.15,-2.41,4.31,
2018-04-18,1.7,-0.75,6.11,
2018-04-19,4.87,-1.57,10.97,
2018-04-20,6.48,-0.72,10.29,
2018-04-21,7.73,1.95,16.58,
2018-04-23,9.3,2.68,17.66,
2018-04-26,8.91,2.11,18.41,
2018-04-27,8.2,2.39,9.18,
2018-04-28,6.6,-0.21,14.85,
2018-05-03,12.72,1.62,23.01,
2018-05-04,15.42,5.6,27.25,
2018-05-05,16.0,8.14,24.55,
2018-05-06,16.78,3.11,25.43,
2018-05-07,14.81,9.41,27.22,
2018-05-08,13.7,11.75,16.68,
2018-05-11,9.11,3.38,15.92,
2018-05-12,12.04,7.68,18.62,
2018-05-13,18.01,6.99,21.85,
2018-05-14,17.78,9.25,25.29,
2018-05-16,21.84,15.52,28.25,
2018-05-17,15.31,11.4,18.73,
2018-05-18,9.48,7.19,12.32,
2018-05-20,11.57,4.28,21.48,
2018-05-23,22.45,15.21,28.94,
2018-05-24,25.11,17.02,32.47,
2018-05-26,26.14,14.54,33.38,
2018-05-27,23.1,18.52,25.98,
2018-05-28,21.28,17.93,27.06,
2018-05-29,24.65,14.48,31.79,
2018-06-02,16.12,12.12,15.7,
2018-06-03,15.33,9.41,22.21,
2018-06-04,17.86,10.17,27.07,
2018-06-05,21.54,11.17,31.15,
2018-06-06,17.17,15.35,24.18,
2018-06-07,15.82,9.93,24.04,
2018-06-08,19.08,13.89,27.06,
2018-06-09,25.19,14.28,30.56,
2018-06-10,21.61,18.04,28.75,
2018-06-11,16.89,11.83,20.19,
2018-06-14,20.47,11.7,26.96,
2018-06-15,24.37,19.38,28.31,
2018-06-16,19.23,17.13,25.88,
2018-06-17,18.25,15.84,24.38,
2018-06-18,18.82,12.07,24.65,
2018-06-19,20.35,17.53,27.44,
2018-06-20,21.3,13.92,28.91,
2018-06-22,22.78,16.92,27.45,
2018-06-23,21.94,14.32,28.35,
2018-06-24,20.3,15.63,24.47,
2018-06-25,19.69,15.29,24.82,
2018-06-28,24.03,16.25,31.83,
2018-07-02,19.8,10.49,26.23,
2018-07-03,23.12,16.55,27.56,
2018-07-04,23.32,15.7,23.73,
2018-07-05,19.06,12.26,24.19,
2018-07-06,19.04,13.34,25.65,
2018-07-07,23.78,19.39,31.28,
2018-07-09,21.85,16.85,28.88,
2018-07-10,22.91,19.58,25.91,
2018-07-11,24.19,21.16,29.21,
2018-07-12,22.25,15.86,27.14,
2018-07-13,23.25,15.73,33.05,
2018-07-14,23.55,17.14,31.33,
2018-07-15,19.49,13.66,23.56,
2018-07-16,19.91,14.55,25.11,
2018-07-17,17.82,10.12,24.93,
2018-07-18,21.66,13.97,26.34,
2018-07-19,21.66,16.78,23.6,
2018-07-20,19.21,16.58,19.49,
2018-07-21,20.09,14.42,22.31,
2018-07-22,19.65,15.38,27.0,
2018-07-24,20.1,12.47,26.2,
2018-07-25,18.36,16.12,21.93,
2018-07-26,15.84,12.82,21.28,
2018-07-27,18.01,7.02,23.43,
2018-07-28,18.15,9.21,24.26,
2018-07-29,18.43,8.33,28.23,
2018-08-02,15.2,5.35,24.53,
2018-08-03,21.65,13.7,29.91,
2018-08-04,23.92,15.52,31.57,
2018-08-05,20.42,12.65,26.57,
2018-08-06,17.47,14.19,27.82,
2018-08-07,21.09,9.94,27.78,
2018-08-08,24.83,14.58,33.96,
2018-08-09,20.57,12.89,28.79,
2018-08-10,22.49,8.86,33.37,
2018-08-11,22.35,12.85,34.43,
2018-08-12,25.73,19.01,36.1,
2018-08-13,22.1,17.45,28.96,
2018-08-14,16.84,13.32,22.85,
2018-08-15,18.07,7.13,24.63,
2018-08-16,19.87,7.74,30.72,
2018-08-17,21.1,12.02,24.51,
2018-08-18,22.02,11.24,30.42,
2018-08-20,17.18,10.73,21.88,
2018-08-22,19.22,5.88,26.53,
2018-08-24,19.26,15.79,25.69,
2018-08-25,17.5,14.28,23.2,
2018-08-26,18.02,13.39,24.34,
2018-08-27,11.63,7.91,15.94,
2018-09-01,18.72,8.37,26.51,
2018-09-02,16.25,10.91,20.82,
2018-09-03,17.16,7.2,26.84,
2018-09-04,19.56,14.49,23.82,
2018-09-05,15.43,8.01,18.86,
2018-09-11,21.14,13.18,29.04,
2018-09-12,14.29,8.73,19.35,
2018-09-13,18.05,16.53,20.21,
2018-09-14,14.8,10.75,23.43,
2018-09-15,20.58,13.71,22.98,
2018-09-18,9.73,5.98,18.4,
2018-09-20,9.62,8.32,10.52,
2018-09-21,9.06,3.68,15.69,
2018-09-22,11.33,5.09,18.44,
2018-09-23,8.15,5.12,9.06,
2018-09-24,11.49,6.95,10.63,
2018-09-26,8.67,0.58,15.58,
2018-09-27,8.83,3.4,11.23,
2018-10-01,5.62,1.15,11.04,
2018-10-02,9.59,3.69,12.25,
2018-10-03,6.47,-1.36,8.5,
2018-10-04,0.46,-5.29,6.81,
2018-10-05,1.62,0.43,1.68,
2018-10-06,0.47,-0.12,2.74,
2018-10-07,0.45,-1.3,5.08,
2018-10-08,4.49,2.65,6.06,
2018-10-09,2.78,3.56,5.15,
2018-10-10,0.36,-2.07,2.46,
2018-10-11,-1.16,-9.51,-0.8,
2018-10-13,3.86,0.92,6.16,
2018-10-14,-3.18,-2.75,2.71,
2018-10-17,2.65,-6.02,10.46,
2018-10-18,11.53,2.61,22.67,
2018-10-19,7.45,1.71,13.18,
2018-10-20,1.88,-5.27,3.28,
2018-10-21,4.26,-3.51,13.51,
2018-10-22,5.78,-3.11,10.04,
2018-10-24,6.8,-3.74,13.02,
2018-10-25,7.53,8.96,9.88,
2018-10-27,3.96,-1.11,8.94,
2018-10-28,4.24,0.7,11.67,
2018-10-29,5.55,0.18,10.82,
2018-11-03,0.54,-0.61,5.2,
2018-11-04,1.9,-0.93,7.81,
2018-11-07,-7.37,-7.7,-3.76,
2018-11-08,-10.26,-13.19,-8.14,
2018-11-14,-0.83,-10.51,4.02,
2018-11-15,-1.19,-3.18,2.84,
2018-11-16,-6.27,-12.83,-3.77,
2018-11-17,-12.76,-20.32,-8.23,
2018-11-18,-10.25,-16.07,-1.93,
2018-11-21,-7.48,-11.66,-3.16,
2018-11-22,-1.34,-6.63,-1.55,
2018-11-23,-0.48,-0.79,3.47,
2018-11-24,-4.52,-5.82,-1.5,
2018-11-25,-11.34,-13.79,-8.69,
2018-11-27,-14.47,-20.22,-10.67,
2018-12-01,-2.6,-6.51,-1.89,
2018-12-02,-7.24,-7.15,-5.52,
2018-12-03,-6.48,-8.96,-4.52,
2018-12-05,-7.86,-10.08,-6.7,
2018-12-06,-14.12,-19.69,-8.69,
2018-12-07,-10.43,-15.4,-7.25,
2018-12-08,-9.3,-15.86,-1.95,
2018-12-09,-11.02,-14.01,-6.49,
2018-12-10,-7.01,-12.75,-0.25,
2018-12-11,-5.91,-11.79,-1.03,
2018-12-12,-5.13,-11.89,-1.38,
2018-12-13,0.64,-2.7,2.37,
2018-12-15,-0.25,-3.58,1.97,
2018-12-16,-3.16,-10.89,0.96,
2018-12-17,-6.74,-13.02,1.38,
2018-12-19,0.28,-2.71,5.65,
2018-12-21,-6.92,-6.1,-5.09,
2018-12-22,-0.31,-7.41,0.82,
2018-12-23,-8.05,-17.15,-5.65,
2018-12-24,-11.08,-10.55,-7.78,
2018-12-25,-12.19,-11.23,-9.71,
2018-12-26,-12.35,-14.38,-10.63,
2018-12-27,-10.5,-10.63,-8.59,
2018-12-29,-15.08,-24.37,-9.81,
2019-01-01,-20.54,-29.42,-14.26,
2019-01-02,-8.66,-16.24,-2.2,
2019-01-03,-0.31,-3.55,2.96,
2019-01-05,-2.78,-7.62,1.94,
2019-01-06,-4.92,-8.0,-1.49,
2019-01-07,1.74,-4.28,2.56,
2019-01-08,-12.5,-15.9,-4.49,
2019-01-09,-16.11,-20.25,-11.85,
2019-01-11,-11.7,-14.74,-8.74,
2019-01-12,-9.63,-10.11,-5.73,
2019-01-13,-4.13,-6.0,-3.76,
2019-01-14,-5.43,-8.96,-5.71,
2019-01-15,-6.42,-18.2,-1.62,
2019-01-16,-16.56,-20.64,-13.69,
2019-01-17,-15.05,-17.37,-11.43,
2019-01-18,-19.82,-23.69,-14.73,
2019-01-19,-21.38,-25.37,-14.71,
2019-01-20,-17.6,-24.01,-15.35,
2019-01-21,-16.85,-17.33,-11.66,
2019-01-22,-15.16,-21.08,-8.26,
2019-01-23,-14.18,-22.77,-7.06,
2019-01-25,-22.05,-25.23,-21.38,
2019-01-26,-20.18,-26.92,-15.65,
2019-01-27,-21.82,-27.66,-16.27,
2019-01-28,-19.85,-23.16,-11.09,
2019-01-29,-27.75,-33.11,-22.25,
2019-02-02,-13.74,-14.27,-11.62,
2019-02-03,-18.71,-23.52,-10.95,
2019-02-04,-22.72,-24.65,-19.08,
2019-02-05,-22.18,-24.25,-21.07,
2019-02-06,-19.39,-21.51,-19.12,
2019-02-07,-21.83,-24.12,-18.58,
2019-02-08,-29.01,-31.29,-23.17,
2019-02-09,-24.45,-28.98,-19.26,
2019-02-10,-21.13,-24.93,-18.67,
2019-02-11,-14.4,-21.54,-8.79,
2019-02-12,-16.19,-23.61,-10.3,
2019-02-13,-19.79,-26.18,-14.39,
2019-02-14,-17.4,-21.64,-15.24,
2019-02-15,-23.75,-28.74,-15.99,
2019-02-16,-16.89,-24.79,-11.79,
2019-02-17,-14.92,-16.18,-11.8,
2019-02-18,-18.48,-25.27,-15.87,
2019-02-19,-18.3,-24.73,-13.31,
2019-02-20,-10.56,-16.35,-7.63,
2019-02-21,-11.5,-18.92,-6.49,
2019-02-22,-16.47,-22.75,-11.76,
2019-02-23,-11.45,-16.36,-8.02,
2019-02-24,-17.1,-26.11,-11.52,
2019-02-26,-21.3,-24.98,-17.53,
2019-03-02,-19.88,-24.31,-16.55,
2019-03-03,-20.91,-26.53,-18.73,
2019-03-05,-13.9,-18.12,-9.8,
2019-03-07,-17.98,-28.07,-13.88,
2019-03-08,-7.59,-13.97,-6.0,
2019-03-09,-5.42,-7.71,-1.84,
2019-03-11,-14.23,-25.47,-3.84,
2019-03-13,-7.6,-15.34,-2.05,
2019-03-16,-13.13,-18.89,-0.88,
2019-03-17,-6.18,-8.82,0.0,
2019-03-18,-4.7,-14.98,-1.03,
2019-03-19,-1.51,-8.48,3.77,
2019-03-20,-0.33,-3.07,-0.63,
2019-03-21,-0.79,-7.14,1.76,
2019-03-22,-4.44,-11.57,3.04,
2019-03-23,-1.55,-6.18,2.97,
2019-03-24,-3.05,-7.24,-1.68,
2019-03-25,-6.07,-10.7,-0.08,
2019-03-26,-0.38,-3.73,2.57,
2019-03-27,3.01,0.53,6.8,
2019-03-28,-0.6,-2.75,1.62,
2019-04-01,-0.28,-2.97,5.01,
2019-04-02,2.99,-0.18,2.1,
2019-04-03,0.79,-3.52,5.33,
2019-04-04,2.13,-0.43,2.96,
2019-04-05,3.25,2.46,4.95,
2019-04-06,4.14,1.87,6.04,
2019-04-07,9.12,3.04,17.66,
2019-04-09,-1.98,-3.39,3.44,
2019-04-10,-2.47,-4.3,-0.04,
2019-04-11,-1.45,-1.68,-0.22,
2019-04-12,-0.77,-2.99,0.62,
2019-04-13,-0.6,-7.9,7.89,
2019-04-14,2.23,-5.9,4.04,
2019-04-15,4.59,-0.05,15.19,
2019-04-16,8.73,-2.07,17.02,
2019-04-17,6.98,4.55,8.82,
2019-04-19,8.25,-1.01,16.41,
2019-04-20,12.35,6.72,19.08,
2019-04-21,11.59,5.36,12.98,
2019-04-22,10.25,3.02,15.27,
2019-04-23,13.45,-1.09,19.9,
2019-04-24,13.85,7.72,20.92,
2019-04-25,8.24,0.18,15.24,
2019-04-27,6.89,4.03,12.02,
2019-04-28,1.79,1.67,5.34,
2019-05-02,6.6,-0.66,13.39,
2019-05-03,8.35,4.77,17.24,
2019-05-04,4.24,1.9,8.14,
2019-05-05,6.25,0.35,9.59,
2019-05-07,4.86,-3.63,13.29,
2019-05-08,7.2,4.78,11.28,
2019-05-09,6.49,-0.76,10.15,
2019-05-11,12.41,7.06,15.5,
2019-05-12,10.62,2.14,18.77,
2019-05-13,14.4,6.95,22.0,
2019-05-14,16.32,10.7,22.25,
2019-05-16,10.76,7.6,13.64,
2019-05-17,6.71,0.99,14.5,
2019-05-18,6.65,5.74,9.7,
2019-05-19,7.78,5.36,12.7,
2019-05-20,9.52,-1.1,17.84,
2019-05-21,12.78,3.48,19.03,
2019-05-22,10.09,7.35,15.45,
2019-05-23,11.7,8.34,17.32,
2019-05-26,10.0,8.28,12.65,
2019-05-27,9.75,5.35,15.43,
2019-06-02,14.22,5.46,21.87,
2019-06-03,20.87,12.84,30.82,
2019-06-04,24.06,19.02,32.12,
2019-06-07,27.1,19.26,32.67,
2019-06-08,17.27,11.71,25.86,
2019-06-10,15.48,9.26,24.66,
2019-06-11,17.15,11.9,22.37,
2019-06-12,13.27,5.37,20.39,
2019-06-14,21.07,13.34,28.69,
2019-06-15,14.67,14.28,19.03,
2019-06-16,13.84,11.89,16.13,
2019-06-17,13.89,11.88,18.15,
2019-06-18,17.75,11.63,21.31,
2019-06-21,16.81,10.55,19.07,
2019-06-23,20.03,12.09,25.39,
2019-06-24,18.64,15.01,26.77,
2019-07-01,22.25,16.48,28.34,
2019-07-02,23.83,16.11,29.43,
2019-07-03,21.35,16.49,26.59,
2019-07-04,17.64,15.19,24.09,
2019-07-05,21.61,17.9,24.03,
2019-07-06,20.27,11.82,24.27,
2019-07-07,21.05,12.94,27.67,
2019-07-08,22.17,17.28,29.6,
2019-07-10,20.2,17.05,25.79,
2019-07-11,22.25,13.07,28.04,
2019-07-12,23.36,17.84,26.42,
2019-07-14,24.32,18.49,29.37,
2019-07-18,23.16,17.77,29.43,
2019-07-19,21.96,16.71,26.58,
2019-07-22,20.03,12.2,24.08,
2019-07-28,21.03,17.46,26.58,
2019-08-03,21.82,16.55,28.64,
2019-08-04,22.02,17.46,26.11,
2019-08-05,22.43,15.39,26.79,
2019-08-06,20.13,13.07,28.74,
2019-08-07,19.21,13.26,19.32,
2019-08-08,16.47,8.01,22.79,
2019-08-10,21.18,12.41,23.21,
2019-08-14,16.79,13.44,21.75,
2019-08-16,17.43,10.49,25.29,
2019-08-17,18.48,15.36,24.32,
2019-08-18,14.77,9.8,22.89,
2019-08-19,20.06,12.13,28.06,
2019-08-20,16.36,15.09,22.1,
2019-08-21,14.45,9.31,22.36,
2019-08-22,14.99,9.42,21.95,
2019-08-23,15.65,11.75,22.4,
2019-08-24,20.51,17.34,25.21,
2019-08-25,19.17,15.21,18.12,
2019-08-26,16.89,12.79,21.96,
2019-08-27,15.01,9.68,18.27,
2019-08-28,15.0,7.78,22.68,
2019-09-02,15.04,9.48,19.03,
2019-09-03,14.32,9.12,17.59,
2019-09-04,15.22,5.61,21.86,
2019-09-05,16.81,12.29,21.46,
2019-09-06,15.59,10.1,20.73,
2019-09-07,11.67,9.5,12.15,
2019-09-08,12.55,10.23,20.06,
2019-09-09,13.66,9.92,13.3,
2019-09-10,14.86,14.92,19.63,
2019-09-11,13.2,13.03,14.87,
2019-09-12,9.88,8.6,12.52,
2019-09-13,12.12,6.39,14.96,
2019-09-14,13.99,4.97,23.28,
2019-09-15,17.92,8.74,30.9,
2019-09-16,23.5,14.46,32.55,
2019-09-18,22.67,14.8,23.36,
2019-09-19,17.98,10.78,26.09,
2019-09-20,23.45,17.28,31.6,
2019-09-21,16.15,12.48,22.0,
2019-09-22,13.97,9.46,21.03,
2019-09-23,16.11,7.81,24.92,
2019-09-25,12.26,9.03,15.46,
2019-09-26,11.0,8.15,15.07,
2019-09-27,9.34,7.5,13.57,
2019-09-28,9.0,3.05,12.98,
2019-10-02,6.07,1.19,2.34,
2019-10-06,9.75,6.49,12.96,
2019-10-08,11.19,7.2,20.66,
2019-10-09,5.18,1.38,10.39,
2019-10-11,-1.39,-1.6,2.57,
2019-10-12,-0.52,-0.1,-1.33,
2019-10-13,1.98,1.57,2.02,
2019-10-14,2.18,0.98,6.56,
2019-10-17,4.94,0.24,11.85,
2019-10-18,9.33,5.12,16.68,
2019-11-02,0.68,-2.07,4.14,
2019-11-03,1.19,-0.46,5.19,
2019-11-04,-3.72,-4.63,2.43,
2019-11-05,-6.32,-9.66,-3.15,
2019-11-06,-10.82,-12.5,-5.74,
2019-11-07,-10.35,-17.61,-5.46,
2019-11-08,-4.05,-8.12,2.66,
2019-11-09,-1.57,-4.95,2.24,
2019-11-10,-9.97,-14.92,-7.05,
2019-11-11,-16.8,-21.59,-14.38,
2019-11-12,-12.11,-18.9,-2.33,
2019-11-14,-3.15,-14.69,5.6,
2019-11-15,-0.81,-2.75,-0.2,
2019-11-16,0.74,-2.27,6.75,
2019-11-17,-1.92,-0.43,0.93,
2019-12-01,-5.63,-12.0,-2.93,
2019-12-02,-7.0,-15.92,-4.23,
2019-12-03,-1.31,-5.15,0.67,
2019-12-04,-0.96,-4.77,0.43,
2019-12-05,-3.72,-5.62,-1.37,
2019-12-06,-7.0,-16.03,-2.13,
2019-12-07,-0.4,-5.41,-0.8,
2019-12-08,-12.78,-18.71,-1.01,
2019-12-09,-19.01,-24.81,-13.73,
2019-12-10,-19.78,-28.4,-17.07,
2019-12-12,-16.25,-19.35,-13.42,
2019-12-13,-12.43,-17.48,-9.46,
2019-12-14,-21.47,-22.14,-17.31,
2019-12-15,-12.19,-21.39,-7.26,
2019-12-16,-10.1,-20.77,-3.61,
2019-12-17,-13.9,-20.5,-3.14,
2019-12-18,-13.83,-18.9,-7.77,
2019-12-20,-10.99,-12.46,-9.23,
2019-12-21,-3.92,-9.59,2.5,
2019-12-22,-3.15,-4.43,2.63,
2019-12-23,-7.31,-12.2,-3.15,
2019-12-24,-9.51,-10.5,-6.99,
2019-12-25,-9.78,-7.56,-8.23,
2019-12-26,-6.68,-8.5,-1.16,
2019-12-27,-10.94,-16.4,-5.6,
2019-12-28,-9.12,-13.32,-2.57,
2019-12-29,-7.92,-10.76,-5.87,
2020-01-01,-4.29,-11.43,1.26,
2020-01-02,-0.61,-5.56,0.01,
2020-01-03,-6.83,-12.95,-4.87,
2020-01-04,-9.0,-15.3,-5.94,
2020-01-06,-5.92,-13.11,-3.01,
2020-01-07,-11.83,-21.02,-6.47,
2020-01-08,-21.02,-27.72,-13.08,
2020-01-10,-20.52,-28.29,-17.49,
2020-01-11,-24.98,-28.91,-17.64,
2020-01-12,-14.61,-17.6,-10.87,
2020-01-13,-7.74,-9.8,-7.29,
2020-01-14,-18.09,-21.06,-8.3,
2020-01-15,-22.53,-27.15,-20.36,
2020-01-16,-25.96,-30.09,-22.96,
2020-01-17,-11.56,-22.39,-6.71,
2020-01-18,-19.31,-22.27,-14.05,
2020-01-19,-21.21,-24.21,-17.06,
2020-01-20,-22.41,-28.02,-15.95,
2020-01-21,-9.36,-17.18,-5.86,
2020-01-22,-8.12,-13.59,-2.64,
2020-01-23,-5.38,-7.83,-2.21,
2020-01-24,-6.95,-6.61,-3.97,
2020-01-25,-5.21,-7.16,-5.28,
2020-01-26,-6.54,-10.88,-4.0,
2020-01-27,-9.26,-10.85,-8.56,
2020-01-28,-11.38,-12.75,-7.29,
2020-01-29,-5.31,-8.9,-4.2,
2020-01-30,-5.09,-5.08,-2.78,
2020-01-31,-5.63,-4.43,-3.62,
2020-02-01,-2.12,-12.2,6.87,
2020-02-02,0.99,-3.33,3.61,
2020-02-03,-9.22,-13.07,-1.75,
2020-02-04,-13.33,-18.98,-11.05,
2020-02-05,-10.39,-14.21,-3.87,
2020-02-06,-10.78,-14.43,-11.49,
2020-02-07,-21.09,-25.15,-15.26,
2020-02-08,-8.55,-21.21,-3.08,
2020-02-09,-9.13,-14.35,-4.53,
2020-02-10,-6.26,-7.56,-4.32,
2020-02-11,-5.77,-8.58,-0.76,
2020-02-12,-19.34,-28.89,-0.52,
2020-02-13,-23.77,-30.18,-19.04,
2020-02-15,-6.73,-16.02,-2.78,
2020-02-16,-13.1,-20.69,-9.27,
2020-02-17,-6.22,-8.43,-4.26,
2020-02-18,-15.88,-21.99,-11.21,
2020-02-19,-23.42,-27.96,-18.77,
2020-02-20,-14.66,-25.38,-4.02,
2020-02-21,-4.85,-10.77,0.32,
2020-02-22,-6.43,-13.03,3.88,
2020-02-23,-2.32,-5.93,1.22,
2020-02-24,-7.87,-12.94,-0.97,
2020-02-25,-8.97,-11.32,-8.14,
2020-02-26,-11.3,-14.4,-10.06,
2020-02-27,-10.0,-14.19,-8.07,
2020-02-28,-4.9,-11.1,-2.15,
2020-02-29,-3.42,-5.02,2.46,
2020-03-01,0.18,-5.68,-0.22,
2020-03-02,-3.09,-11.89,1.98,
2020-03-03,-1.92,-10.02,1.85,
2020-03-04,-1.8,-7.79,2.44,
2020-03-05,-0.13,-8.22,0.05,
2020-03-06,-3.12,-10.31,0.69,
2020-03-07,1.94,-4.5,4.39,
2020-03-09,-9.29,-10.9,-7.44,
2020-03-10,-2.86,-8.24,0.68,
2020-03-12,-0.81,-2.58,2.57,
2020-03-13,-7.34,-8.69,-4.06,
2020-03-14,-11.09,-12.09,-5.14,
2020-03-15,-5.71,-10.25,-2.88,
2020-03-16,-4.1,-7.79,-1.79,
2020-03-17,-5.01,-11.9,1.83,
2020-03-18,-3.53,-8.27,-1.04,
2020-03-20,-12.66,-15.81,-7.94,
2020-03-21,-8.25,-16.33,-0.48,
2020-03-22,-4.26,-10.05,-1.35,
2020-03-24,2.01,0.45,4.62,
2020-03-25,-3.87,-3.62,-0.31,
2020-03-26,-2.59,-9.39,5.82,
2020-03-27,2.93,-2.17,8.65,
2020-03-28,0.61,-3.15,7.36,
2020-03-29,2.44,-2.04,9.09,
2020-03-30,4.21,-3.38,10.43,
2020-03-31,8.13,2.48,9.49,
2020-04-01,4.37,-3.22,8.3,
2020-04-02,-6.56,-8.15,-3.5,
2020-04-03,-11.09,-13.4,-6.02,
2020-04-04,-8.47,-17.84,-1.38,
2020-04-05,0.04,-5.56,3.92,
2020-04-06,3.71,2.48,7.76,
2020-04-07,2.85,1.87,8.97,
2020-04-08,0.52,-1.97,5.35,
2020-04-09,-1.96,-4.39,1.51,
2020-04-10,4.29,-1.32,9.88,
2020-04-11,1.22,-0.31,1.91,
2020-04-12,-1.9,-3.48,-0.45,
2020-04-13,-6.13,-6.73,-4.46,
2020-04-14,-8.08,-12.45,-4.79,
2020-04-15,-3.57,-9.38,1.49,
2020-04-16,-0.41,-5.5,4.43,
2020-04-17,2.53,-3.76,11.06,
2020-04-18,6.62,1.49,12.97,
2020-04-19,3.14,-1.09,8.89,
2020-04-20,3.9,0.27,7.85,
2020-04-22,5.92,0.18,14.53,
2020-04-23,9.73,4.33,17.41,
2020-04-24,10.17,3.3,16.65,
2020-04-25,10.21,4.04,13.81,
2020-04-26,9.72,0.77,16.84,
2020-04-27,11.35,1.32,16.16,
2020-04-29,8.95,6.32,15.66,
2020-04-30,10.44,3.0,20.22,
2020-05-01,14.27,7.18,17.97,
2020-05-02,13.56,7.19,19.28,
2020-05-03,6.55,1.43,11.19,
2020-05-04,5.21,2.44,6.7,
2020-05-05,5.85,2.58,8.0,
2020-05-06,10.54,0.7,15.94,
2020-05-07,6.25,-0.67,8.89,
2020-05-08,4.43,-3.39,7.65,
2020-05-09,3.31,1.98,6.44,
2020-05-10,3.82,2.27,5.61,
2020-05-11,2.74,-3.23,7.19,
2020-05-12,2.47,-2.25,10.04,
2020-05-13,7.87,5.25,7.7,
2020-05-14,9.24,3.85,15.63,
2020-05-15,11.13,5.78,19.44,
2020-05-16,13.61,3.67,19.94,
2020-05-17,14.91,5.03,22.76,
2020-05-18,13.88,4.8,24.76,
2020-05-19,16.49,11.06,22.65,
2020-05-20,16.66,12.31,19.83,
2020-05-21,17.87,12.02,21.98,
2020-05-22,19.01,14.21,25.08,
2020-05-23,20.08,12.29,25.86,
2020-05-24,16.26,13.73,19.27,
2020-05-25,15.47,12.09,20.36,
2020-05-26,17.22,11.6,23.96,
2020-05-27,17.67,12.21,24.68,
2020-05-28,13.91,11.26,14.58,
2020-05-29,13.61,9.7,17.56,
2020-05-30,13.43,6.32,18.29,
2020-05-31,16.77,6.74,26.46,
2020-06-01,24.91,17.14,29.14,
2020-06-02,20.63,13.11,28.79,
2020-06-03,21.09,10.08,25.94,
2020-06-04,20.35,13.87,26.61,
2020-06-06,16.14,12.28,25.7,
2020-06-07,25.39,16.17,33.2,
2020-06-08,23.68,20.23,29.15,
2020-06-09,17.18,14.25,21.19,
2020-06-10,18.33,9.03,22.1,
2020-06-11,17.28,10.15,25.54,
2020-06-12,17.94,11.7,21.86,
2020-06-13,21.36,12.07,25.46,
2020-06-14,21.48,14.09,28.21,
2020-06-15,25.75,20.37,28.81,
2020-06-16,25.34,14.98,34.17,
2020-06-17,26.89,23.78,32.4,
2020-06-18,18.97,14.42,21.32,
2020-06-19,16.46,9.69,24.38,
2020-06-20,16.63,13.55,23.95,
2020-06-21,15.79,11.44,21.76,
2020-06-22,15.98,7.26,20.02,
2020-06-23,15.77,10.94,22.53,
2020-06-24,19.63,10.85,27.55,
2020-06-25,21.31,16.42,31.04,
2020-06-26,21.94,17.25,27.14,
2020-06-27,23.17,14.06,30.56,
2020-06-28,24.96,18.53,32.4,
2020-06-29,22.79,20.84,29.57,
2020-06-30,22.61,19.81,28.81,
2020-07-01,23.3,18.74,28.5,
2020-07-02,24.13,18.71,32.37,
2020-07-03,25.96,19.69,31.89,
2020-07-04,25.48,21.64,30.57,
2020-07-05,23.51,20.41,31.05,
2020-07-06,22.31,20.0,27.36,
2020-07-07,22.96,14.46,30.22,
2020-07-08,21.08,17.4,25.3,
2020-07-09,21.13,16.79,25.21,
2020-07-10,18.28,12.72,25.95,
2020-07-11,19.92,15.47,26.13,
2020-07-12,22.54,15.93,27.78,
2020-07-13,23.57,18.7,25.66,
2020-07-14,21.39,13.64,25.66,
2020-07-15,22.2,16.67,27.01,
2020-07-16,21.34,12.77,28.94,
2020-07-17,20.25,12.35,31.67,
2020-07-18,21.79,14.02,24.76,
2020-07-19,19.42,16.94,23.86,
2020-07-20,19.24,13.89,24.12,
2020-07-21,19.36,14.41,22.99,
2020-07-22,16.82,10.29,24.14,
2020-07-23,21.71,15.95,26.74,
2020-07-24,26.86,21.68,33.73,
2020-07-25,25.49,19.31,33.78,
2020-07-26,21.82,16.01,25.89,
2020-07-27,21.75,14.66,25.53,
2020-07-28,21.47,13.56,26.48,
2020-07-29,20.42,12.82,24.67,
2020-07-30,20.71,13.53,28.08,
2020-07-31,22.91,18.22,29.15,
2020-08-01,19.95,16.45,24.52,
2020-08-02,16.88,14.81,24.9,
2020-08-03,17.93,11.17,23.55,
2020-08-04,16.7,9.34,25.09,
2020-08-05,20.03,15.53,24.24,
2020-08-06,18.99,11.92,25.9,
2020-08-07,21.34,15.38,27.29,
2020-08-08,21.52,18.52,28.01,
2020-08-09,21.35,15.26,28.3,
2020-08-10,19.75,11.29,25.32,
2020-08-11,20.69,13.33,26.74,
2020-08-12,21.53,16.16,27.64,
2020-08-13,22.92,19.49,32.51,
2020-08-14,17.76,11.6,21.26,
2020-08-15,20.08,8.31,25.88,
2020-08-16,19.44,13.77,26.06,
2020-08-17,18.11,9.38,27.24,
2020-08-18,20.49,12.78,29.56,
2020-08-19,23.43,21.99,30.15,
2020-08-20,22.24,16.53,31.08,
2020-08-21,23.12,15.32,26.44,
2020-08-22,22.47,16.7,29.21,
2020-08-23,21.11,13.89,28.0,
2020-08-24,21.17,16.23,27.22,
2020-08-25,20.15,13.28,26.93,
2020-08-26,21.24,16.94,27.67,
2020-08-27,17.93,14.31,23.08,
2020-08-28,18.02,11.24,24.02,
2020-08-29,15.69,7.03,23.94,
2020-08-30,16.82,12.95,25.31,
2020-08-31,14.72,4.98,22.21,
2020-09-01,18.58,10.2,26.42,
2020-09-02,17.19,8.36,25.93,
2020-09-03,12.91,10.88,19.48,
2020-09-04,14.08,7.79,23.32,
2020-09-05,17.52,6.36,25.99,
2020-09-06,16.67,11.77,22.07,
2020-09-07,8.12,5.01,10.89,
2020-09-08,6.77,0.42,12.85,
2020-09-09,7.59,-2.7,15.43,
2020-09-10,12.66,2.89,20.71,
2020-09-11,10.62,2.35,18.34,
2020-09-12,15.4,11.39,23.54,
2020-09-13,12.87,7.92,18.74,
2020-09-14,12.12,2.48,21.29,
2020-09-15,15.87,8.58,22.65,
2020-09-16,10.71,8.02,16.5,
2020-09-17,12.68,5.27,15.18,
2020-09-18,12.03,2.29,20.72,
2020-09-19,15.41,5.82,25.94,
2020-09-20,20.27,12.66,25.99,
2020-09-21,20.08,12.5,28.02,
2020-09-22,18.69,6.38,30.19,
2020-09-23,15.59,9.45,22.7,
2020-09-24,13.88,8.25,24.18,
2020-09-25,19.79,12.75,24.9,
2020-09-26,15.89,12.51,25.01,
2020-09-27,12.83,10.74,16.52,
2020-09-28,11.7,7.56,12.44,
2020-09-29,14.65,7.72,20.75,
2020-09-30,10.17,3.62,12.72,
2020-10-01,6.37,2.62,9.4,
2020-10-02,4.41,-1.94,8.67,
2021-01-02,-3.96,-7.02,2.5,0.0
2021-01-03,1.2,-4.41,3.29,0.0
2021-01-04,-0.84,-7.98,2.92,0.0
2021-01-05,-3.78,-12.5,-0.45,0.16
2021-01-06,-0.73,-3.1,0.49,2.51
2021-01-07,-3.64,-9.05,-1.18,0.0
2021-01-08,-3.16,-2.53,-1.23,0.0
2021-01-09,-0.71,-5.21,-0.57,0.0
2021-01-10,-4.23,-8.94,0.37,0.0
2021-01-11,-2.6,-6.17,0.68,0.0
2021-01-12,-0.35,-6.92,3.58,0.0
2021-01-13,1.39,-6.79,4.29,2.2
2021-01-14,0.77,-1.16,2.17,0.0
2021-01-15,-3.59,-8.2,-1.37,1.14
2021-01-16,-4.63,-8.94,-0.99,0.0
2021-01-17,-1.6,-7.26,-2.4,1.15
2021-01-18,-10.22,-13.92,-11.18,0.75
2021-01-19,-11.5,-16.4,-10.9,1.59
2021-01-20,0.34,-8.22,3.89,0.0
2021-01-21,-7.3,-14.74,-2.49,0.0
2021-01-22,-9.83,-16.07,-3.52,0.0
2021-01-23,-5.48,-10.47,-0.98,0.88
2021-01-24,-14.35,-16.64,-11.86,0.0
2021-01-25,-14.22,-16.06,-12.59,0.0
2021-01-26,-18.57,-20.39,-16.81,0.0
2021-01-27,-18.5,-24.61,-14.77,0.0
2021-01-28,-11.48,-16.86,-8.13,0.0
2021-01-29,-7.35,-11.14,-5.44,0.0
2021-01-30,-3.65,-6.53,-3.12,1.23
2021-01-31,-6.44,-8.84,-4.7,0.0
2021-02-01,-6.17,-9.42,-6.47,0.0
2021-02-02,-5.46,-9.26,-4.9,0.0
2021-02-03,-5.64,-4.68,-1.06,2.87
2021-02-04,-15.24,-17.23,-6.89,0.78
2021-02-05,-19.54,-20.9,-16.52,0.0
2021-02-06,-24.84,-28.38,-21.51,0.0
2021-02-07,-26.73,-30.64,-22.96,0.0
2021-02-08,-27.18,-30.19,-18.52,0.0
2021-02-09,-22.85,-24.49,-19.29,0.0
2021-02-10,-24.31,-27.87,-21.99,0.0
2021-02-11,-26.21,-28.08,-24.25,0.0
2021-02-12,-27.83,-29.83,-21.98,0.0
2021-02-13,-30.03,-33.38,-28.25,0.0
2021-02-14,-27.4,-34.45,-23.46,0.0
2021-02-15,-26.13,-33.03,-16.51,0.0
2021-02-16,-19.92,-31.01,-15.25,0.0
2021-02-17,-20.1,-25.92,-14.92,0.0
2021-02-18,-14.52,-21.24,-11.69,0.0
2021-02-19,-15.47,-21.74,-7.08,0.0
2021-02-20,-9.59,-15.93,-0.01,0.0
2021-02-21,-4.38,-11.06,5.81,0.0
2021-02-22,2.2,-1.8,4.94,0.44
2021-02-23,-0.78,-2.39,0.07,6.14
2021-02-24,-7.03,-16.99,-1.27,0.18
2021-02-25,-3.23,-14.5,2.5,0.0
2021-02-26,0.76,-3.05,4.98,0.0
2021-02-27,-13.18,-15.19,-4.55,0.61
2021-02-28,-11.8,-17.66,-7.69,2.98
2021-03-01,-13.04,-22.14,-4.31,0.0
2021-03-02,1.35,-3.85,7.55,0.0
2021-03-03,0.81,-4.15,5.11,0.0
2021-03-04,2.61,-1.8,11.42,0.0
2021-03-05,1.91,-3.54,9.58,0.0
2021-03-06,1.34,-3.32,9.63,0.0
2021-03-07,5.23,0.15,12.22,0.0
2021-03-08,5.61,-0.68,16.28,0.0
2021-03-09,8.14,0.88,13.03,0.0
2021-03-10,-2.29,-3.12,-1.02,0.0
2021-03-11,-3.39,-7.9,3.84,0.0
2021-03-12,-3.87,-13.94,6.89,0.0
2021-03-13,7.1,-1.75,15.12,0.0
2021-03-15,0.22,-2.77,-0.68,0.0
2021-03-16,-1.18,-2.3,-1.53,0.37
2021-03-17,0.56,-3.69,2.5,0.0
2021-03-18,1.16,-7.67,9.77,0.0
2021-03-19,3.21,-2.59,12.74,0.0
2021-03-20,6.64,1.08,19.24,0.0
2021-03-21,6.61,-1.51,12.9,7.05
2021-03-22,2.26,-7.26,10.99,0.0
2021-03-23,5.72,-3.05,12.29,0.0
2021-03-24,-0.58,-7.91,7.77,0.0
2021-03-25,4.04,-5.74,12.38,0.0
2021-03-26,3.99,0.2,5.17,2.99
2021-03-27,0.69,-2.94,5.28,0.0
2021-03-28,1.21,-9.25,8.38,0.0
2021-03-29,9.07,-0.42,21.13,0.0
2021-03-30,-4.81,-7.29,-1.69,0.0
2021-03-31,-2.58,-9.08,1.81,0.0
2021-04-01,2.6,-7.0,13.32,0.0
2021-04-02,10.11,0.41,21.7,0.0
2021-04-03,9.28,-3.84,22.56,0.0
2021-04-04,10.38,0.81,18.71,0.0
2021-04-05,10.58,3.0,18.72,0.0
2021-04-06,7.17,-1.55,12.33,0.0
2021-04-07,7.17,1.13,13.75,0.0
2021-04-08,6.57,3.66,8.56,3.69
2021-04-09,6.98,4.0,11.0,3.84
2021-04-10,6.26,-5.94,15.8,0.0
2021-04-11,7.25,-3.48,13.62,0.0
2021-04-12,-0.49,-3.85,5.44,2.43
2021-04-13,-3.16,-3.71,-0.84,10.15
2021-04-14,-1.71,-4.54,-0.97,1.44
2021-04-15,1.34,-3.2,5.27,0.0
2021-04-16,3.42,0.35,5.74,0.3
2021-04-17,5.42,-3.78,13.47,0.0
2021-04-18,0.98,-2.47,4.16,2.06
2021-04-19,-0.97,-3.09,2.81,0.0
2021-04-20,-3.37,-5.87,1.45,0.0
2021-04-21,2.86,-6.37,12.87,0.0
2021-04-22,8.52,-1.0,18.06,0.0
2021-04-23,0.17,-2.43,5.5,0.0
2021-04-24,1.48,-9.29,7.49,0.0
2021-04-25,3.19,1.52,4.23,1.58
2021-04-26,4.21,1.84,8.74,0.0
2021-04-27,9.88,2.65,18.38,0.0
2021-04-28,13.98,2.04,22.81,0.0
2021-04-29,8.04,-4.07,20.31,0.0
2021-04-30,8.9,2.0,19.23,0.0
2021-05-01,21.09,5.38,28.55,0.0
2021-05-02,13.33,7.79,20.19,2.73
2021-05-03,7.58,2.76,9.27,2.01
2021-05-04,3.71,-3.92,9.52,0.0
2021-05-05,8.98,1.55,11.43,0.92
2021-05-06,6.98,0.07,18.17,0.0
2021-05-07,6.2,-4.44,13.67,0.0
2021-05-08,7.77,-0.76,12.95,0.0
2021-05-09,8.82,-2.15,15.16,0.0
2021-05-10,6.82,0.46,12.69,0.0
2021-05-11,8.73,-2.01,18.95,0.0
2021-05-12,9.9,1.75,21.45,0.0
2021-05-13,14.03,8.28,23.04,0.0
2021-05-14,13.79,5.5,22.12,0.0
2021-05-15,17.3,4.52,26.27,0.0
2021-05-16,18.97,14.0,27.29,0.0
2021-05-17,19.04,9.93,29.1,0.0
2021-05-18,19.0,10.29,25.37,0.0
2021-05-19,20.99,14.46,31.62,1.43
2021-05-20,15.88,11.14,18.8,6.72
2021-05-21,16.31,10.76,25.85,4.59
2021-05-22,9.18,7.78,13.5,1.53
2021-05-23,11.78,7.69,17.57,2.18
2021-05-24,18.96,11.86,26.81,0.15
2021-05-25,16.1,9.91,19.93,0.0
2021-05-26,8.9,5.17,10.29,0.0
2021-05-27,7.56,4.06,11.27,0.05
2021-05-28,9.52,0.46,17.65,0.0
2021-05-29,12.65,7.95,15.04,1.15
2021-05-30,16.71,5.82,24.21,2.39
2021-05-31,13.05,4.98,23.45,0.0
2021-06-01,19.3,8.72,27.03,0.12
2021-06-02,19.82,9.99,29.42,0.0
2021-06-03,25.92,17.26,33.54,0.0
2021-06-04,26.6,16.45,39.07,0.0
2021-06-05,26.59,16.36,36.82,0.0
2021-06-06,25.3,17.8,30.24,0.0
2021-06-07,20.72,8.86,33.36,0.0
2021-06-08,22.02,19.04,23.62,0.0
2021-06-09,27.69,21.8,32.46,0.0
2021-06-10,24.49,16.94,30.9,0.0
2021-06-11,19.92,16.9,26.7,4.35
2021-06-12,19.82,11.36,28.11,0.0
2021-06-13,22.48,15.15,28.93,0.0
2021-06-14,21.04,12.46,29.97,0.0
2021-06-15,22.08,9.61,28.23,0.0
2021-06-16,24.41,14.81,34.2,0.0
2021-06-17,22.34,11.4,30.71,0.0
2021-06-18,20.73,11.47,24.36,0.0
2021-06-19,17.86,9.06,27.2,0.0
2021-06-20,18.34,11.51,19.94,20.48
2021-06-21,11.88,6.23,17.52,0.0
2021-06-22,18.06,7.03,28.49,0.0
2021-06-23,24.67,16.16,35.21,0.0
2021-06-24,21.87,12.58,29.66,0.0
2021-06-25,17.38,17.76,25.13,3.83
2021-06-26,19.16,16.68,26.59,7.4
2021-06-27,20.52,16.36,26.57,0.0
2021-06-28,22.35,17.97,24.62,1.07
2021-06-29,19.56,11.56,27.69,0.0
2021-06-30,22.8,13.22,31.93,0.0
2021-07-01,24.83,16.69,32.81,0.0
2021-07-02,26.23,15.89,32.41,0.0
2021-07-03,25.84,19.86,34.53,1.19
2021-07-04,25.3,19.83,31.28,0.0
2021-07-05,25.12,17.62,30.7,0.0
2021-07-06,16.46,12.78,24.67,9.08
2021-07-07,17.41,13.49,22.88,0.0
2021-07-08,20.76,11.23,26.0,1.03
2021-07-09,22.45,14.57,27.84,0.23
2021-07-10,21.63,14.37,28.51,0.0
2021-07-11,22.11,14.7,30.8,0.0
2021-07-12,23.87,16.28,31.39,0.0
2021-07-13,22.9,15.07,28.68,0.0
2021-07-14,23.06,16.84,26.32,0.0
2021-07-15,22.18,14.53,31.33,0.0
2021-07-16,22.17,14.89,29.4,0.0
2021-07-17,21.45,14.78,29.82,0.0
2021-07-18,23.32,16.08,30.91,0.0
2021-07-19,24.24,19.57,27.84,0.0
2021-07-20,23.17,17.95,31.35,0.0
2021-07-21,24.55,20.81,31.41,0.36
2021-07-22,27.66,20.77,34.0,0.0
2021-07-23,31.6,23.75,36.32,0.29
2021-07-24,22.77,13.43,30.43,0.0
2021-07-25,22.76,11.4,34.07,0.0
2021-07-26,26.02,13.75,35.82,2.79
2021-07-27,22.33,17.52,31.99,0.0
2021-07-28,27.47,21.0,31.21,0.0
2021-07-29,21.5,11.75,27.24,0.0
2021-07-30,22.0,17.37,29.35,0.0
2021-07-31,23.79,14.84,27.99,0.0
2021-08-01,19.9,10.32,26.93,0.0
2021-08-02,21.79,11.75,31.33,0.0
2021-08-03,24.78,16.82,32.32,0.0
2021-08-04,21.83,19.75,24.13,2.48
2021-08-05,20.42,16.98,24.9,0.0
2021-08-06,20.29,7.18,27.52,0.0
2021-08-07,21.89,14.23,30.22,4.22
2021-08-08,22.61,17.26,31.16,1.7
2021-08-09,24.25,17.4,32.16,8.73
2021-08-10,23.69,15.1,31.54,0.0
2021-08-11,21.26,11.75,29.72,0.13
2021-08-12,17.91,12.62,26.09,0.0
2021-08-13,17.12,7.07,27.04,0.0
2021-08-14,22.24,12.97,34.45,0.0
2021-08-15,27.33,20.77,34.09,0.0
2021-08-16,27.74,22.49,30.6,0.0
2021-08-17,27.3,22.52,33.68,0.0
2021-08-18,27.71,18.68,35.74,0.0
2021-08-19,23.37,17.68,31.88,0.0
2021-08-20,20.66,15.55,28.65,12.75
2021-08-21,15.81,11.23,22.34,0.0
2021-08-22,18.48,10.89,22.1,1.14
2021-08-23,18.33,13.77,26.12,0.0
2021-08-24,21.55,15.6,27.33,41.77
2021-08-25,15.81,10.57,20.85,0.48
2021-08-26,16.66,11.39,19.67,9.02
2021-08-27,16.1,14.19,21.99,5.11
2021-08-28,18.09,14.77,23.96,4.79
2021-08-29,18.85,12.52,25.52,0.0
2021-08-30,17.77,12.66,25.96,0.0
2021-08-31,19.84,12.61,27.63,0.0
2021-09-01,19.24,13.53,26.14,0.58
2021-09-02,17.19,16.04,20.73,25.36
2021-09-03,17.75,14.74,23.59,1.3
2021-09-04,17.29,11.92,25.9,1.19
2021-09-05,18.56,7.76,23.93,0.0
2021-09-06,21.08,10.53,30.82,0.0
2021-09-07,17.71,10.26,23.42,0.0
2021-09-08,17.01,8.07,21.89,0.0
2021-09-09,18.67,6.44,27.1,0.0
2021-09-10,18.6,12.75,31.18,0.0
2021-09-11,16.79,11.28,22.13,0.0
2021-09-12,14.14,10.42,21.17,0.0
2021-09-13,12.99,11.12,16.25,4.85
2021-09-14,14.68,9.88,24.12,0.0
2021-09-15,16.16,5.97,27.03,0.0
2021-09-16,15.58,8.55,18.89,0.66
2021-09-17,11.78,6.91,18.74,0.0
2021-09-18,17.22,6.52,25.64,0.0
2021-09-19,23.38,16.84,28.87,0.0
2021-09-20,15.0,11.62,16.54,2.87
2021-09-21,13.26,6.12,20.96,0.0
2021-09-22,15.86,5.6,24.49,0.0
2021-09-23,15.52,7.91,24.7,0.0
2021-09-24,13.41,8.19,16.4,0.8
2021-09-25,13.04,2.33,25.98,0.0
2021-09-26,20.09,10.35,25.34,0.0
2021-09-27,17.22,6.2,26.39,0.0
2021-09-28,22.09,14.11,34.15,0.0
2021-09-29,21.42,16.4,29.79,0.0
2021-09-30,17.6,10.99,21.95,0.0
2021-10-01,15.37,13.91,17.65,0.0
2021-10-02,15.7,8.99,22.83,0.0
2021-10-03,14.79,6.48,25.35,0.0
2021-10-04,17.56,6.14,28.27,0.0
2021-10-05,19.23,9.84,28.46,0.0
2021-10-06,17.98,14.88,28.19,0.0
2021-10-07,18.16,12.84,26.15,0.0
2021-10-08,17.25,13.53,22.26,8.2
2021-10-09,13.37,9.61,13.97,19.89
2021-10-10,12.85,8.52,15.03,26.15
2021-10-11,9.79,5.37,15.34,0.0
2021-10-12,7.39,5.28,11.38,0.0
2021-10-13,9.29,5.78,12.57,34.73
2021-10-14,6.33,6.26,9.33,0.0
2021-10-15,5.76,3.86,10.0,0.66
2021-10-16,6.61,0.34,15.14,0.0
2021-10-17,7.35,1.07,22.43,0.0
2021-10-18,12.34,7.5,24.19,0.0
2021-10-19,7.32,5.99,12.57,0.0
2021-10-20,4.46,1.41,5.53,0.0
2021-10-21,1.75,-4.18,6.75,0.0
2021-10-22,2.33,0.45,6.43,1.86
2021-10-23,0.7,-4.06,10.25,0.0
2021-10-24,3.34,2.08,5.27,2.73
2021-10-25,5.62,3.77,10.95,0.0
2021-10-26,9.0,4.22,10.82,0.36
2021-10-27,7.31,4.77,10.24,8.61
2021-10-28,7.07,0.66,10.37,0.0
2021-10-29,4.06,-2.59,13.68,0.0
2021-10-30,5.33,1.84,11.13,0.0
2021-10-31,3.86,-0.81,4.99,0.0
2021-11-01,2.61,-4.06,5.85,0.0
2021-11-02,-0.28,-4.79,1.79,0.0
2021-11-03,-0.04,-5.27,8.82,0.0
2021-11-04,1.99,-4.03,13.65,0.0
2021-11-05,7.26,3.07,12.76,1.4
2021-11-06,6.53,0.36,16.7,0.0
2021-11-07,8.06,2.03,17.06,1.83
2021-11-08,4.09,-2.7,12.18,0.0
2021-11-09,4.43,-0.72,10.77,0.0
2021-11-10,4.11,3.04,5.77,5.8
2021-11-11,1.12,-3.0,0.9,6.3
2021-11-12,-2.31,-4.98,-1.71,3.05
2021-11-13,-3.23,-4.17,-0.69,8.81
2021-11-14,-2.63,-4.81,-4.45,0.58
2021-11-15,0.09,-3.6,-1.07,0.12
2021-11-16,0.1,-1.37,4.58,0.0
2021-11-17,-2.43,-2.49,2.66,0.0
2021-11-18,-4.19,-7.75,-1.51,0.0
2021-11-19,-1.39,-7.11,5.73,0.0
2021-11-20,-2.94,-5.08,4.11,0.0
2021-11-21,-5.62,-7.02,2.0,1.05
2021-11-22,-3.52,-7.71,2.01,0.0
2021-11-23,0.43,-3.15,8.69,0.0
2021-11-24,-9.1,-13.2,-0.99,0.0
2021-11-25,-11.98,-15.27,-5.34,0.2
2021-11-26,-0.62,-5.87,4.98,0.0
2021-11-27,-1.14,-7.19,7.68,0.0
2021-11-28,-2.81,-8.27,0.79,0.82
2021-11-29,1.38,-0.43,7.44,0.0
2021-11-30,-1.47,-4.02,2.66,4.29
2021-12-01,4.06,-2.79,10.66,0.0
2021-12-02,0.7,-2.2,5.31,1.63
2021-12-03,-0.36,-5.31,0.38,0.0
2021-12-04,-3.19,-6.74,-0.77,2.0
2021-12-05,-5.11,-15.99,-0.98,7.99
2021-12-06,-18.49,-21.03,-16.45,0.3
2021-12-07,-13.46,-20.76,-7.97,0.0
2021-12-08,-12.12,-19.05,-5.36,0.04
2021-12-09,-4.85,-10.01,-0.45,0.0
2021-12-10,-8.95,-12.02,-2.6,0.0
2021-12-11,-6.9,-14.89,-1.45,0.0
2021-12-12,0.02,-5.36,3.62,0.0
2021-12-13,-3.43,-7.73,-0.67,0.0
2021-12-14,-0.8,-2.78,0.4,0.0
2021-12-15,-2.71,-8.24,-0.03,0.33
2021-12-16,-13.32,-19.45,-9.52,2.7
2021-12-17,-13.9,-19.6,-13.08,0.0
2021-12-18,-14.48,-19.07,-12.7,0.0
2021-12-19,-9.23,-18.03,-3.02,0.0
2021-12-20,-15.29,-16.33,-11.79,0.55
2021-12-21,-15.57,-17.04,-11.87,1.37
2021-12-22,-11.23,-19.93,-6.28,1.32
2021-12-23,-9.87,-13.63,-2.22,0.0
2021-12-24,-7.26,-15.43,0.79,0.0
2021-12-25,-15.58,-19.85,-12.31,3.32
2021-12-26,-14.0,-25.19,-7.02,8.35
2021-12-27,-13.21,-24.69,-6.65,5.78
2021-12-28,-24.19,-31.03,-20.63,6.13
2021-12-29,-23.9,-31.52,-22.82,0.0
2021-12-30,-20.0,-24.03,-18.24,0.26
2021-12-31,-28.79,-31.55,-23.1,0.0
2022-01-01,-29.36,-31.25,-26.39,0.0
2022-01-02,-24.28,-31.33,-17.84,0.0
2022-01-03,-13.55,-17.82,-8.07,0.0
2022-01-04,-15.81,-16.89,-13.14,3.9
2022-01-05,-18.6,-23.64,-15.39,2.43
2022-01-06,-28.39,-28.34,-25.03,0.0
2022-01-07,-23.69,-30.83,-12.35,2.08
2022-01-08,-15.55,-23.29,-8.4,0.0
2022-01-09,-23.34,-27.43,-20.93,0.0
2022-01-10,-19.82,-23.92,-16.0,0.0
2022-01-11,-6.43,-17.25,1.82,0.0
2022-01-12,-6.37,-5.43,-0.82,0.0
2022-01-13,-7.95,-11.67,-2.75,0.81
2022-01-14,-12.31,-19.31,-10.02,10.39
2022-01-15,-14.3,-24.12,-4.54,0.0
2022-01-16,-2.66,-3.97,0.3,0.0
2022-01-17,-3.97,-6.07,0.7,0.66
2022-01-18,-9.73,-18.83,-1.07,0.0
2022-01-19,-24.22,-25.1,-17.58,0.0
2022-01-20,-23.21,-30.8,-17.09,0.0
2022-01-21,-10.7,-16.96,2.27,3.63
2022-01-22,-18.3,-24.43,-12.38,1.58
2022-01-23,-18.21,-32.67,-3.58,2.67
2022-01-24,-20.11,-25.12,-9.05,0.0
2022-01-25,-26.16,-28.5,-24.93,0.0
2022-01-26,-10.96,-25.97,0.93,0.0
2022-01-27,-14.42,-23.67,-2.68,1.27
2022-01-28,-14.42,-23.03,-8.91,0.0
2022-01-29,-9.75,-14.47,-5.3,0.0
2022-01-30,-11.85,-18.17,-8.75,0.47
2022-01-31,-6.26,-13.56,0.14,1.46
2022-02-01,-13.96,-21.55,-3.44,1.12
2022-02-02,-24.2,-26.14,-18.5,0.0
2022-02-03,-25.92,-33.33,-17.72,0.0
2022-02-04,-20.83,-24.85,-17.85,0.0
2022-02-05,-11.4,-19.61,-5.74,0.23
2022-02-06,-16.15,-17.58,-12.67,0.98
2022-02-07,-7.11,-14.11,0.8,1.63
2022-02-08,0.76,-5.43,0.81,2.02
2022-02-09,-4.71,-10.44,1.89,0.65
2022-02-10,-1.89,-13.25,3.1,3.48
2022-02-11,-15.75,-24.07,3.04,3.68
2022-02-12,-20.99,-22.51,-11.87,0.0
2022-02-13,-16.54,-26.39,-3.81,0.51
2022-02-14,-17.56,-21.56,-13.44,0.0
2022-02-15,-12.63,-16.61,-6.12,0.0
2022-02-16,-12.91,-21.09,-10.88,0.0
2022-02-17,-18.95,-26.07,-14.97,1.25
2022-02-18,-10.42,-17.61,-3.81,1.63
2022-02-19,-10.76,-21.68,2.03,0.0
2022-02-20,-13.39,-20.73,0.34,0.0
2022-02-21,-23.94,-24.4,-21.38,3.09
2022-02-22,-21.67,-22.46,-20.96,0.1
2022-02-23,-23.02,-27.1,-16.08,0.0
2022-02-24,-20.93,-28.4,-17.22,0.0
2022-02-25,-17.72,-25.16,-10.62,0.0
2022-02-26,-8.05,-18.43,-0.14,0.0
2022-02-27,-8.5,-12.34,-4.61,0.0
2022-02-28,-7.96,-12.49,-0.59,0.0
2022-03-01,-7.89,-9.36,-3.79,0.0
2022-03-02,-9.95,-16.15,-4.63,2.21
2022-03-03,-12.78,-16.12,-8.44,0.0
2022-03-04,-8.06,-10.46,-4.91,0.0
2022-03-05,-7.44,-7.6,-3.77,0.39
2022-03-06,-7.34,-9.12,-5.06,0.65
2022-03-07,-7.0,-14.15,-0.2,0.0
2022-03-08,-5.87,-11.24,0.27,1.34
2022-03-09,-12.7,-15.06,-12.11,0.0
2022-03-10,-15.26,-20.31,-4.17,0.0
2022-03-11,-18.07,-22.15,-15.43,0.0
2022-03-12,-8.95,-20.89,1.37,1.36
2022-03-14,-2.77,-6.76,1.54,0.0
2022-03-15,2.2,-2.56,5.46,0.0
2022-03-16,1.75,-0.02,10.22,1.35
2022-03-17,2.51,-0.33,6.66,0.0
2022-03-18,0.76,-5.4,7.0,0.0
2022-03-19,5.28,-0.48,10.3,0.0
2022-03-20,4.61,-0.81,10.95,0.0
2022-03-21,4.88,0.91,5.89,3.14
2022-03-22,1.93,-1.72,7.29,1.31
2022-03-23,0.6,-2.16,3.73,0.0
2022-03-24,2.26,-3.68,6.89,1.45
2022-03-25,0.54,-3.93,3.17,0.0
2022-03-26,-9.0,-10.99,-3.1,0.0
2022-03-27,-9.06,-12.84,-3.26,0.0
2022-03-28,-3.03,-5.99,4.88,0.0
2022-03-29,-1.84,-1.74,4.88,4.71
2022-03-30,0.45,-3.32,-0.46,1.52
2022-03-31,-2.36,-5.37,3.72,0.0
2022-04-01,4.76,-1.63,12.82,0.0
2022-04-02,0.45,-1.81,1.35,0.0
2022-04-03,0.55,-3.79,1.37,0.0
2022-04-04,4.3,-3.69,11.14,0.0
2022-04-05,3.18,0.35,1.61,1.86
2022-04-06,2.56,-1.53,4.11,1.01
2022-04-07,1.3,0.0,2.82,2.95
2022-04-08,2.45,-3.88,9.13,0.0
2022-04-09,5.6,-3.28,13.6,0.0
2022-04-10,5.77,-0.4,8.14,0.62
2022-04-11,2.83,0.25,10.11,0.0
2022-04-12,-2.95,-1.83,-1.01,15.57
2022-04-13,0.65,-2.03,0.68,9.57
2022-04-14,-4.32,-9.85,-0.11,4.88
2022-04-15,-6.84,-11.62,-4.81,0.0
2022-04-16,-3.38,-11.35,-1.97,0.0
2022-04-17,-2.35,-7.12,-0.79,5.9
2022-04-18,-2.72,-6.46,0.15,0.22
2022-04-19,-3.91,-9.49,2.09,0.0
2022-04-20,6.1,0.38,8.93,0.0
2022-04-21,2.91,1.26,5.33,1.09
2022-04-22,0.98,-0.67,5.72,12.99
2022-04-23,3.66,1.18,10.75,49.18
2022-04-24,0.21,-1.77,3.57,14.89
2022-04-25,-0.8,-3.41,-1.06,0.0
2022-04-26,-2.48,-5.33,-0.45,0.0
2022-04-27,2.25,-1.49,7.32,0.0
2022-04-28,6.03,1.9,10.78,0.5
2022-04-29,3.88,2.58,7.61,15.46
2022-04-30,3.69,1.94,4.66,22.36
2022-05-01,2.59,1.46,5.5,0.0
2022-05-02,0.67,0.74,6.17,0.0
2022-05-03,5.17,2.57,13.0,0.0
2022-05-04,8.41,1.84,14.42,0.0
2022-05-05,11.11,2.72,15.22,0.0
2022-05-06,13.04,4.03,16.02,0.0
2022-05-07,16.72,11.39,20.26,0.0
2022-05-08,15.66,12.47,19.51,4.1
2022-05-09,13.97,12.31,13.52,20.9
2022-05-10,12.35,6.4,19.18,0.0
2022-05-11,13.87,7.18,21.29,8.49
2022-05-12,14.34,9.61,16.63,21.39
2022-05-13,12.26,10.83,16.84,0.0
2022-05-14,12.24,8.14,16.34,0.0
2022-05-15,12.66,8.2,20.01,0.0
2022-05-16,13.04,3.1,19.55,0.0
2022-05-17,11.58,7.72,17.46,1.7
2022-05-18,13.39,9.85,20.02,0.93
2022-05-19,10.12,6.18,13.29,10.46
2022-05-20,4.96,3.73,7.5,1.47
2022-05-21,4.13,-0.27,6.67,0.0
2022-05-22,9.06,4.24,14.75,0.0
2022-05-23,11.65,3.94,17.97,2.78
2022-05-24,13.05,7.46,18.97,0.0
2022-05-25,14.0,8.5,19.54,0.0
2022-05-26,15.59,6.05,23.56,0.0
2022-05-27,22.64,8.23,27.62,1.3
2022-05-28,17.88,15.19,25.26,2.81
2022-05-29,20.89,16.01,25.77,2.88
2022-05-30,15.89,12.42,16.17,11.83
2022-05-31,11.91,9.31,15.61,12.21
2022-06-01,14.63,6.02,21.64,0.0
2022-06-02,13.64,8.53,21.39,0.0
2022-06-03,13.29,4.01,24.28,0.0
2022-06-04,17.16,7.51,21.44,0.0
2022-06-05,16.49,8.28,23.82,0.0
2022-06-06,16.17,9.2,21.06,0.0
2022-06-07,15.32,9.8,22.62,0.0
2022-06-08,18.38,12.04,22.52,0.0
2022-06-09,19.08,8.43,24.75,1.35
2022-06-10,17.66,13.96,24.42,3.14
2022-06-11,17.88,13.85,25.13,6.44
2022-06-12,21.74,15.15,29.52,0.27
2022-06-13,24.6,16.07,25.73,18.35
2022-06-14,22.68,13.75,24.29,36.48
2022-06-15,18.17,12.59,21.94,1.52
2022-06-16,18.07,12.76,21.99,2.18
2022-06-17,21.78,10.09,26.89,0.0
2022-06-18,27.05,19.66,32.27,1.52
2022-06-19,30.61,22.58,36.98,0.0
2022-06-20,22.83,19.55,26.4,15.76
2022-06-21,19.8,16.23,22.48,4.24
2022-06-22,20.54,13.43,28.02,0.0
2022-06-23,23.9,17.36,32.33,0.0
2022-06-24,22.02,17.44,31.4,23.35
