2013-11-08,2.5,-0.57,7.2,
2013-11-10,-3.47,-9.61,4.32,
2013-11-11,-11.05,-14.5,-2.1,
2013-11-12,-1.62,-11.02,10.3,
2013-11-13,6.74,-2.48,12.02,
2013-11-14,2.41,-6.17,9.49,
2013-11-15,1.39,-5.66,13.32,
2013-11-16,-1.38,-7.91,6.11,
2013-11-17,1.05,-5.58,-0.5,
2013-11-18,-2.54,-11.03,8.97,
2013-11-19,-0.9,-3.24,5.38,
2013-11-20,-7.75,-13.65,-0.48,
2013-11-21,-14.99,-20.07,-8.99,
2013-11-22,-14.85,-21.96,-5.08,
2013-11-23,-12.17,-22.62,-4.72,
2013-11-24,-1.74,-9.36,7.59,
2013-11-26,-8.61,-12.99,-3.59,
2013-11-27,-4.99,-10.5,5.2,
2013-11-28,-6.07,-9.53,-1.97,
2013-11-29,-3.03,-9.17,8.74,
2013-11-30,-2.31,-7.67,2.9,
2013-12-01,2.31,-6.49,11.85,
2013-12-02,-2.4,-8.0,-1.35,
2013-12-04,-15.13,-20.41,-12.05,
2013-12-05,-22.97,-23.35,-21.43,
2013-12-07,-28.55,-32.79,-23.72,
2013-12-08,-23.22,-29.34,-19.18,
2013-12-09,-17.28,-24.55,-8.24,
2013-12-11,-18.15,-30.62,-5.01,
2013-12-12,-5.06,-14.8,1.05,
2013-12-14,-15.3,-20.12,-8.1,
2013-12-15,-12.37,-14.37,-9.81,
2013-12-16,-0.53,-15.62,2.74,
2013-12-17,-3.81,-6.78,-0.82,
2013-12-19,-16.52,-26.74,-12.66,
2013-12-20,-20.24,-29.4,-13.71,
2013-12-21,-21.5,-28.27,-17.39,
2013-12-22,-21.65,-31.6,-18.65,
2013-12-23,-30.37,-38.45,-16.0,
2013-12-24,-6.45,-13.88,1.98,
2013-12-25,-2.03,-4.46,0.01,
2013-12-26,-1.75,-6.26,-0.33,
2013-12-27,2.49,-3.19,6.59,
2013-12-28,-8.32,-18.42,4.03,
2013-12-29,-16.4,-19.13,-11.11,
2013-12-30,-13.79,-18.52,-8.27,
2014-01-01,-18.5,-19.77,-16.36,
2014-01-02,-17.05,-30.04,-9.77,
2014-01-03,-0.32,-9.61,4.43,
2014-01-04,-18.08,-22.72,-9.41,
2014-01-07,-14.39,-18.79,-15.73,
2014-01-09,-3.59,-9.11,3.09,
2014-01-10,-2.3,-4.56,-0.08,
2014-01-11,-5.46,-9.02,0.6,
2014-01-13,-3.67,-8.75,3.01,
2014-01-15,1.99,-8.3,4.87,
2014-01-16,-5.03,-11.32,3.07,
2014-01-17,-5.15,-12.01,1.62,
2014-01-18,0.7,-0.28,2.69,
2014-01-19,2.11,0.89,3.86,
2014-01-20,-10.13,-18.26,3.28,
2014-01-21,-7.32,-18.58,-1.29,
2014-01-22,-15.4,-23.88,-5.23,
2014-01-23,-15.89,-26.73,0.93,
2014-01-24,1.89,-0.34,5.82,
2014-01-26,-10.52,-21.5,3.48,
2014-01-27,-19.45,-23.01,-16.19,
2014-01-28,-18.44,-24.11,-9.54,
2014-01-31,-15.23,-19.47,-5.96,
2014-02-01,-16.23,-18.71,-10.37,
2014-02-02,-13.89,-19.78,-2.99,
2014-02-05,-19.73,-21.46,-16.53,
2014-02-06,-19.12,-21.13,-15.28,
2014-02-07,-16.67,-25.66,-9.08,
2014-02-08,-15.56,-21.1,-10.69,
2014-02-09,-20.65,-24.6,-15.83,
2014-02-10,-21.29,-28.89,-11.62,
2014-02-11,-6.98,-16.55,4.28,
2014-02-12,-10.39,-20.55,2.47,
2014-02-16,-10.04,-13.4,-3.35,
2014-02-17,2.09,-4.56,5.14,
2014-02-18,0.63,-3.27,6.79,
2014-02-19,-1.97,-4.22,6.94,
2014-02-20,-9.07,-12.6,0.86,
2014-02-21,-10.89,-15.39,-5.61,
2014-02-22,-11.43,-14.96,-7.64,
2014-02-23,-13.8,-18.03,-7.98,
2014-02-24,-17.89,-22.28,-13.87,
2014-02-25,-21.14,-24.37,-13.95,
2014-02-26,-10.42,-21.32,-3.83,
2014-02-27,-16.13,-24.4,-7.94,
2014-02-28,-14.97,-23.54,-6.95,
2014-03-01,-24.08,-28.26,-20.76,
2014-03-02,-20.4,-27.93,-13.46,
2014-03-03,-13.34,-17.59,-12.47,
2014-03-04,-13.2,-12.04,-11.23,
2014-03-05,-8.63,-13.65,-2.11,
2014-03-06,-0.24,-6.05,5.41,
2014-03-08,0.86,-9.15,9.75,
2014-03-10,6.36,3.55,9.39,
2014-03-11,2.21,-2.28,9.04,
2014-03-12,2.33,-5.91,11.94,
2014-03-13,5.9,0.35,16.72,
2014-03-14,3.43,-0.01,8.16,
2014-03-15,-4.25,-10.65,1.23,
2014-03-16,-0.54,-9.38,7.35,
2014-03-17,2.21,-0.55,9.31,
2014-03-18,-0.85,-3.53,4.81,
2014-03-19,1.7,-8.31,6.07,
2014-03-20,4.16,-6.99,11.13,
2014-03-22,-10.23,-14.0,-4.73,
2014-03-23,-8.48,-13.84,-1.9,
2014-03-24,-5.08,-10.74,-0.37,
2014-03-26,-2.22,-8.31,3.7,
2014-03-27,-3.84,-7.73,2.78,
2014-03-28,-3.64,-8.89,0.13,
2014-03-29,4.57,-3.85,18.84,
2014-03-30,3.16,-0.68,9.01,
2014-03-31,-8.56,-11.23,-5.08,
2014-04-01,-15.48,-21.75,-5.73,
2014-04-02,-6.25,-17.51,-2.51,
2014-04-04,0.62,-3.24,2.68,
2014-04-05,2.29,-2.99,10.17,
2014-04-06,2.32,-2.55,12.01,
2014-04-07,3.92,-1.41,12.21,
2014-04-08,6.66,-5.0,17.61,
2014-04-09,12.47,-0.45,21.51,
2014-04-11,8.26,0.47,15.91,
2014-04-12,5.67,-0.76,11.87,
2014-04-13,-3.33,-6.79,2.42,
2014-04-14,-3.71,-7.53,-1.51,
2014-04-16,-1.66,-2.48,-0.02,
2014-04-18,7.11,1.12,16.95,
2014-04-19,10.26,0.84,15.24,
2014-04-20,9.65,-3.43,21.46,
2014-04-21,9.18,-0.69,16.97,
2014-04-22,10.31,-1.43,21.22,
2014-04-23,12.13,-1.71,16.07,
2014-04-24,6.05,0.4,17.62,
2014-04-25,12.73,-2.09,20.02,
2014-04-26,9.53,4.46,17.95,
2014-04-27,3.35,2.35,7.42,
2014-04-29,4.66,0.19,9.69,
2014-04-30,7.01,0.25,13.26,
2014-05-01,6.42,-3.41,17.12,
2014-05-02,10.86,7.32,14.31,
2014-05-03,5.09,0.3,11.84,
2014-05-04,4.58,0.48,7.08,
2014-05-05,9.8,3.09,17.58,
2014-05-07,6.87,3.93,10.65,
2014-05-09,6.49,-5.17,18.13,
2014-05-10,7.23,3.17,12.61,
2014-05-13,6.7,-2.67,14.7,
2014-05-14,4.82,-3.23,12.77,
2014-05-16,11.34,4.74,17.81,
2014-05-17,9.79,-0.64,17.81,
2014-05-18,16.49,7.81,21.54,
2014-05-19,15.07,8.54,24.8,
2014-05-20,10.86,4.29,17.69,
2014-05-21,12.67,0.64,19.32,
2014-05-22,16.02,8.61,25.85,
2014-05-23,21.65,11.37,31.92,
2014-05-24,18.53,12.98,26.29,
2014-05-25,20.49,12.56,25.73,
2014-05-26,17.78,12.34,24.58,
2014-05-27,18.43,15.32,25.31,
2014-05-28,19.74,10.53,30.92,
2014-05-29,22.74,17.83,29.92,
2014-05-30,17.43,12.71,23.87,
2014-05-31,18.88,11.71,23.88,
2014-06-01,16.65,13.26,20.08,
2014-06-02,15.18,9.8,16.63,
2014-06-03,14.23,4.86,20.71,
2014-06-04,16.24,11.29,23.06,
2014-06-05,19.14,11.45,24.79,
2014-06-06,9.67,7.12,13.86,
2014-06-07,10.96,2.4,20.56,
2014-06-08,13.25,5.8,18.87,
2014-06-09,15.5,4.35,24.66,
2014-06-10,14.69,8.89,20.17,
2014-06-11,11.84,10.14,16.2,
2014-06-13,14.43,6.33,23.4,
2014-06-14,14.97,10.09,16.27,
2014-06-15,12.55,6.44,19.84,
2014-06-16,14.18,5.91,24.74,
2014-06-17,19.01,13.68,24.14,
2014-06-18,17.35,15.49,19.75,
2014-06-19,17.31,10.27,22.63,
2014-06-20,19.12,13.91,23.44,
2014-06-21,20.45,12.07,27.63,
2014-06-22,14.72,8.1,23.11,
2014-06-23,16.76,9.09,23.47,
2014-06-24,15.43,11.89,19.16,
2014-06-25,15.9,10.03,20.32,
2014-06-26,19.54,16.5,26.7,
2014-06-28,16.76,12.71,20.32,
2014-06-29,20.57,16.01,25.31,
2014-07-01,14.83,9.37,20.79,
2014-07-02,14.11,5.3,23.72,
2014-07-03,19.34,8.83,23.64,
2014-07-04,22.93,13.12,31.08,
2014-07-05,24.46,14.05,33.18,
2014-07-06,20.33,15.49,30.92,
2014-07-08,18.6,13.61,26.21,
2014-07-09,18.48,11.24,26.26,
2014-07-10,19.08,14.38,27.09,
2014-07-11,20.14,13.55,25.47,
2014-07-13,15.44,8.99,24.21,
2014-07-14,14.64,6.68,19.33,
2014-07-15,15.41,3.95,22.69,
2014-07-16,15.22,7.47,24.98,
2014-07-17,20.35,12.27,28.21,
2014-07-18,21.74,13.96,27.31,
2014-07-19,16.26,9.12,28.77,
2014-07-20,22.22,12.96,33.13,
2014-07-21,22.63,14.67,31.16,
2014-07-22,19.97,14.65,26.15,
2014-07-23,20.79,14.32,28.51,
2014-07-24,21.86,18.57,27.02,
2014-07-25,22.62,15.07,25.04,
2014-07-26,19.0,10.84,25.22,
2014-07-27,17.04,11.72,20.34,
2014-07-28,15.19,6.91,24.32,
2014-07-29,16.88,9.0,27.95,
2014-07-30,19.74,9.64,26.49,
2014-08-01,20.83,10.61,29.4,
2014-08-02,19.07,11.58,29.79,
2014-08-04,15.97,15.84,21.05,
2014-08-05,17.26,14.71,20.09,
2014-08-06,19.02,15.42,22.03,
2014-08-07,16.95,17.25,25.4,
2014-08-08,20.59,13.6,26.62,
2014-08-09,21.17,14.21,28.51,
2014-08-10,19.16,11.65,22.02,
2014-08-11,17.59,8.28,24.55,
2014-08-12,21.17,11.48,30.73,
2014-08-14,25.31,19.26,30.39,
2014-08-15,17.82,18.58,21.22,
2014-08-16,22.32,18.77,26.84,
2014-08-17,21.87,16.26,28.95,
2014-08-18,18.99,14.95,28.58,
2014-08-19,22.71,13.06,28.47,
2014-08-20,20.15,14.73,21.7,
2014-08-21,18.98,12.44,26.82,
2014-08-22,19.85,17.41,23.6,
2014-10-22,14.32,5.12,17.31,
2014-10-24,9.31,3.7,17.81,
2014-10-25,9.16,1.17,17.17,
2014-10-26,12.98,6.08,23.77,
2014-10-27,4.64,2.16,7.12,
2014-10-28,0.78,0.52,5.4,
2014-10-29,-0.53,-5.8,9.28,
2014-10-30,1.46,-1.24,4.18,
2014-10-31,-3.38,-7.47,5.08,
2014-11-01,3.17,-0.13,8.3,
2014-11-02,4.19,-2.78,16.2,
2014-11-03,2.51,-0.23,7.64,
2014-11-04,4.03,-5.0,8.25,
2014-11-05,3.84,-5.39,8.72,
2014-11-06,1.08,-9.61,9.76,
2014-11-07,7.59,0.32,14.96,
2014-11-08,2.04,-6.23,11.95,
2014-11-09,-1.24,-7.73,3.19,
2014-11-10,-8.59,-11.27,-5.22,
2014-11-11,-11.61,-18.22,-11.32,
2014-11-12,-14.36,-16.6,-7.72,
2014-11-13,-15.43,-25.62,-9.09,
2014-11-14,-21.54,-25.17,-11.86,
2014-11-15,-18.57,-24.38,-14.53,
2014-11-16,-9.41,-17.05,-6.06,
2014-11-17,-11.55,-17.17,-8.8,
2014-11-18,-7.63,-14.99,0.1,
2014-11-19,-6.93,-10.93,-5.57,
2014-11-20,-9.52,-15.5,-7.16,
2014-11-21,1.45,-8.3,8.99,
2014-11-22,-0.76,-4.33,6.19,
2014-11-23,-1.6,-8.04,3.06,
2014-11-24,-6.74,-10.64,-0.05,
2014-11-25,-3.11,-7.0,2.38,
2014-11-26,-11.79,-20.59,-6.23,
2014-11-27,-13.91,-19.98,-8.24,
2014-11-28,-5.2,-12.09,-0.53,
2014-11-29,-9.56,-17.45,-4.4,
2014-11-30,-15.68,-18.63,-12.25,
2014-12-01,-15.79,-23.31,-8.47,
2014-12-02,-7.63,-14.05,-0.8,
2014-12-03,-10.58,-15.64,-0.99,
2014-12-04,-8.6,-14.8,0.51,
2014-12-06,-4.79,-7.73,1.51,
2014-12-07,-1.07,-6.96,8.51,
2014-12-08,-5.32,-6.85,-2.05,
2014-12-11,0.86,-6.59,9.95,
2014-12-12,0.36,-5.12,10.28,
2014-12-14,-0.34,-3.84,2.06,
2014-12-15,-2.99,-5.81,-3.55,
2014-12-16,-7.4,-5.56,-6.36,
2014-12-17,-8.21,-11.33,-8.68,
2014-12-18,-6.46,-9.36,0.5,
2014-12-20,-4.2,-9.36,7.8,
2014-12-21,-2.83,-7.25,6.31,
2014-12-24,-4.34,-13.47,0.97,
2014-12-25,-4.67,-6.12,-2.7,
2014-12-26,-8.45,-15.38,-5.04,
2014-12-27,-8.31,-15.64,-3.17,
2014-12-29,-20.48,-24.9,-14.94,
2014-12-30,-20.51,-24.24,-17.41,
2015-01-02,-1.08,-8.09,2.43,
2015-01-03,-13.94,-17.99,-0.6,
2015-01-05,-21.8,-24.81,-16.47,
2015-01-06,-18.08,-25.63,-16.01,
2015-01-07,-20.62,-27.9,-14.28,
2015-01-08,-13.26,-18.21,-7.8,
2015-01-09,-20.32,-21.53,-13.07,
2015-01-13,-12.74,-19.79,-6.11,
2015-01-14,-2.07,-9.33,3.78,
2015-01-15,-3.07,-9.53,5.11,
2015-01-16,-2.41,-10.12,5.7,
2015-01-17,1.78,-1.1,4.68,
2015-01-18,-1.62,-9.6,2.58,
2015-01-19,2.04,-1.07,5.35,
2015-01-20,-0.59,-1.62,0.5,
2015-01-21,-4.2,-12.6,-0.37,
2015-01-22,-2.63,-13.28,6.23,
2015-01-23,1.79,-2.33,6.41,
2015-01-24,2.65,-1.56,4.39,
2015-01-25,3.43,0.32,7.78,
2015-01-26,4.7,-1.56,11.03,
2015-01-27,4.4,-1.63,16.89,
2015-01-28,-0.09,-2.46,6.23,
2015-01-30,0.48,-6.86,9.75,
2015-02-01,-19.01,-22.49,-14.21,
2015-02-02,-12.76,-20.06,-8.08,
2015-02-03,-11.85,-18.61,-11.25,
2015-02-04,-18.34,-22.9,-12.21,
2015-02-05,-5.42,-12.48,1.94,
2015-02-07,1.88,-9.22,12.08,
2015-02-08,-1.23,-2.78,1.23,
2015-02-09,-4.84,-4.84,-0.41,
2015-02-10,-2.08,-9.65,0.84,
2015-02-11,-12.3,-18.09,-11.02,
2015-02-12,-11.64,-20.0,-2.02,
2015-02-13,0.71,-8.39,7.75,
2015-02-14,-15.41,-17.59,-6.4,
2015-02-15,-6.79,-13.65,-1.86,
2015-02-16,-5.17,-13.34,-3.57,
2015-02-17,-14.69,-22.25,-11.65,
2015-02-18,-15.82,-25.82,-10.34,
2015-02-19,-7.56,-13.77,0.42,
2015-02-20,0.01,-7.1,3.84,
2015-02-21,-10.07,-20.32,-4.91,
2015-02-22,-22.73,-27.96,-16.32,
2015-02-23,-8.69,-19.62,1.05,
2015-02-25,-12.97,-19.54,-4.59,
2015-02-26,-18.99,-25.72,-12.84,
2015-02-27,-16.11,-29.09,-7.4,
2015-02-28,-9.96,-17.95,-8.33,
2015-03-01,-8.83,-19.21,-4.62,
2015-03-03,-11.94,-18.7,-9.86,
2015-03-04,-17.39,-20.35,-12.69,
2015-03-05,-6.64,-17.58,2.95,
2015-03-06,-0.68,-11.51,9.79,
2015-03-07,2.15,-4.53,10.71,
2015-03-09,4.75,-4.22,15.96,
2015-03-10,4.1,0.01,12.7,
2015-03-12,9.31,0.26,21.87,
2015-03-13,5.28,-2.57,14.02,
2015-03-14,8.92,-3.3,20.04,
2015-03-15,13.26,5.0,20.49,
2015-03-16,2.64,-6.82,11.41,
2015-03-17,-0.56,-7.67,5.46,
2015-03-18,0.39,-0.53,1.88,
2015-03-19,1.32,-2.87,8.03,
2015-03-20,6.25,1.24,12.64,
2015-03-21,3.03,-1.91,8.12,
2015-03-22,-0.49,-4.06,4.07,
2015-03-23,0.61,-8.63,10.66,
2015-03-24,1.66,-1.8,4.61,
2015-03-25,-1.43,-5.75,3.5,
2015-03-26,-1.49,-7.13,3.19,
2015-03-27,4.4,-4.2,14.82,
2015-03-28,7.59,-3.93,23.56,
2015-03-29,6.7,0.96,14.74,
2015-03-30,8.88,1.94,15.39,
2015-04-01,11.13,2.96,15.12,
2015-04-02,2.76,-3.14,4.11,
2015-04-03,0.39,-9.8,10.15,
2015-04-04,3.89,-5.51,14.25,
2015-04-05,4.81,-2.15,8.77,
2015-04-06,-1.65,-3.35,3.48,
2015-04-07,3.02,-0.45,6.77,
2015-04-08,3.33,-2.08,5.77,
2015-04-09,6.42,-4.11,13.62,
2015-04-10,6.53,-8.86,16.89,
2015-04-11,11.81,0.11,24.61,
2015-04-12,7.15,4.1,12.08,
2015-04-13,8.44,0.58,14.56,
2015-04-14,13.85,1.39,28.86,
2015-04-15,13.66,10.13,20.96,
2015-04-16,10.34,0.68,16.69,
2015-04-17,9.64,-4.4,22.3,
2015-04-18,8.58,-2.55,18.01,
2015-04-19,4.66,-0.45,8.7,
2015-04-20,2.76,-4.36,10.17,
2015-04-21,1.29,-5.87,7.32,
2015-04-22,1.35,-9.27,12.22,
2015-04-23,5.88,-5.63,14.38,
2015-04-24,8.62,-4.18,19.45,
2015-04-25,6.79,2.51,10.67,
2015-04-26,7.73,8.55,8.83,
2015-04-27,6.35,0.45,9.41,
2015-04-28,6.72,-3.42,18.67,
2015-04-29,11.89,-0.8,21.96,
2015-04-30,13.22,5.47,25.07,
2015-05-04,8.35,-2.34,18.1,
2015-05-05,16.88,9.39,23.12,
2015-05-06,15.75,12.74,17.47,
2015-05-07,9.16,6.11,13.71,
2015-05-09,5.21,3.21,6.85,
2015-05-10,1.99,3.91,5.87,
2015-05-11,7.34,0.91,15.75,
2015-05-12,6.49,-0.55,16.14,
2015-05-13,12.55,4.07,19.73,
2015-05-14,8.23,5.66,10.43,
2015-05-15,11.77,4.89,14.47,
2015-05-16,11.78,9.72,19.65,
2015-05-17,6.68,-1.23,13.1,
2015-05-18,2.95,0.02,10.34,
2015-05-19,3.82,-5.69,14.7,
2015-05-20,7.71,-4.2,19.29,
2015-05-21,14.92,1.96,22.45,
2015-05-22,15.24,2.2,24.37,
2015-05-23,13.76,4.25,17.58,
2015-05-24,13.48,5.96,19.97,
2015-05-25,14.92,11.12,21.39,
2015-05-26,16.23,5.66,25.57,
2015-05-28,16.95,11.07,22.09,
2015-05-29,9.64,3.9,15.53,
2015-05-30,7.67,-1.34,14.77,
2015-05-31,10.58,6.6,16.64,
2015-06-01,17.9,8.35,28.39,
2015-06-02,18.53,13.4,22.73,
2015-06-03,13.49,10.68,16.59,
2015-06-04,11.29,8.61,18.31,
2015-06-05,19.43,10.44,23.54,
2015-06-06,18.26,12.94,23.23,
2015-06-07,19.76,12.03,24.87,
2015-06-08,21.69,10.54,29.5,
2015-06-09,19.89,13.81,27.29,
2015-06-10,16.1,9.53,14.65,
2015-06-12,18.83,10.28,24.32,
2015-06-13,21.03,14.73,26.1,
2015-06-14,16.1,8.19,23.03,
2015-06-15,13.3,5.11,18.05,
2015-06-16,10.7,10.23,15.78,
2015-06-18,16.71,10.83,17.48,
2015-06-19,18.19,11.27,30.62,
2015-06-22,19.02,12.63,20.7,
2015-06-23,17.05,9.86,26.56,
2015-06-25,18.22,11.09,28.54,
2015-06-26,19.59,9.63,27.01,
2015-06-27,22.17,13.54,28.3,
2015-06-29,23.59,11.22,30.77,
2015-06-30,20.15,18.31,23.81,
2015-07-01,20.11,16.11,25.41,
2015-07-02,20.03,15.02,25.32,
2015-07-03,20.19,12.5,24.57,
2015-07-04,22.77,18.25,30.95,
2015-07-05,18.8,16.95,21.44,
2015-07-06,16.64,12.91,20.95,
2015-07-07,16.97,7.02,23.99,
2015-07-08,17.14,12.84,22.62,
2015-07-09,17.67,11.64,28.43,
2015-07-10,23.54,14.43,28.3,
2015-07-11,26.44,16.52,29.52,
2015-07-12,21.65,15.4,29.12,
2015-07-13,23.03,14.9,28.32,
2015-07-14,21.11,14.34,29.36,
2015-07-15,25.23,17.57,32.59,
2015-07-16,22.81,16.43,25.92,
2015-07-17,20.25,12.96,19.74,
2015-07-19,22.21,11.42,32.34,
2015-07-21,17.94,10.25,28.62,
2015-07-23,25.18,16.43,35.15,
2015-07-24,21.13,13.2,30.26,
2015-07-25,24.65,14.88,33.41,
2015-07-26,24.09,15.52,35.35,
2015-07-27,24.71,15.06,33.52,
2015-07-28,18.34,14.19,20.4,
2015-07-29,18.31,11.55,26.51,
2015-07-31,21.01,9.78,30.48,
2015-08-01,21.28,11.56,32.4,
2015-08-02,19.07,12.07,26.73,
2015-08-03,17.02,9.03,27.9,
2015-08-04,20.33,9.2,29.15,
2015-08-05,22.07,17.29,27.18,
2015-08-06,21.01,15.22,25.82,
2015-08-07,21.92,10.46,29.82,
2015-08-08,18.04,8.6,29.93,
2015-08-09,19.71,14.84,26.75,
2015-08-10,20.09,9.44,28.1,
2015-08-11,23.27,9.58,33.33,
2015-08-13,29.62,17.88,37.2,
2015-08-14,26.03,12.52,35.77,
2015-08-16,16.61,12.32,21.85,
2015-08-17,16.05,7.53,21.35,
2015-08-18,18.22,12.45,22.91,
2015-08-19,15.92,3.51,23.27,
2015-08-22,11.99,9.15,20.3,
2015-08-24,13.07,2.07,23.7,
2015-08-25,16.0,3.94,26.02,
2015-08-27,22.65,16.22,29.65,
2015-08-29,21.69,10.71,35.12,
2015-08-30,24.31,14.65,34.85,
2015-08-31,20.96,10.91,27.76,
2015-09-01,20.12,8.65,30.74,
2015-09-03,24.82,12.67,37.98,
2015-09-04,22.14,16.85,30.83,
2015-09-05,19.4,17.53,23.68,
2015-09-06,17.69,8.63,23.85,
2015-09-07,13.18,4.01,22.33,
2015-09-08,11.44,1.19,23.28,
2015-09-10,14.83,4.06,17.58,
2015-09-11,11.51,-0.96,23.4,
2015-09-12,15.19,7.54,28.26,
2015-09-13,22.76,9.55,34.55,
2015-09-14,18.16,10.32,24.66,
2015-09-15,20.88,8.84,31.62,
2015-09-17,12.26,2.91,18.93,
2015-09-18,10.22,1.16,16.84,
2015-09-19,15.2,5.62,22.41,
2015-09-20,15.26,5.89,27.63,
2015-09-21,17.86,11.26,30.08,
2015-09-22,14.68,4.99,18.59,
2015-09-24,17.41,13.43,24.4,
2015-09-25,15.52,10.13,26.73,
2015-09-26,20.18,16.3,29.88,
2015-09-27,18.87,8.88,23.07,
2015-09-28,14.01,3.35,20.17,
2015-09-29,8.46,-2.53,19.75,
2015-09-30,15.6,8.16,27.22,
2015-10-01,16.12,11.51,21.3,
2015-10-04,10.59,8.15,11.76,
2015-10-05,10.01,6.33,11.84,
2015-10-06,7.07,-3.29,15.84,
2015-10-07,11.73,2.73,19.54,
2015-10-08,9.54,2.88,20.91,
2015-10-09,10.18,1.26,22.3,
2015-10-11,16.82,13.62,25.41,
2015-10-12,11.46,3.82,17.72,
2015-10-13,11.65,0.77,20.02,
2015-10-14,7.64,-3.58,19.27,
2015-10-15,4.81,-4.18,10.74,
2015-10-16,2.76,-6.38,12.72,
2015-10-17,3.72,-7.48,15.23,
2015-10-18,11.94,1.42,25.93,
2015-10-19,10.66,3.42,18.37,
2015-10-21,9.12,1.76,16.62,
2015-10-22,7.97,-4.35,20.39,
2015-10-23,4.83,0.98,9.51,
2015-10-24,3.34,-4.5,17.19,
2015-10-25,2.06,-2.11,8.59,
2015-10-26,2.37,-1.99,9.84,
2015-10-28,0.17,1.5,1.67,
2015-10-29,0.81,-2.1,5.71,
2015-10-31,8.64,1.95,14.07,
2015-11-01,8.71,2.22,19.27,
2015-11-02,8.08,-0.69,14.19,
2015-11-04,3.66,4.25,4.93,
2015-11-05,3.14,2.86,5.36,
2015-11-06,-0.98,-5.09,4.96,
2015-11-07,3.57,-3.88,14.93,
2015-11-08,5.45,-2.66,17.19,
2015-11-09,1.8,-6.92,13.29,
2015-11-13,2.79,-8.78,13.24,
2015-11-14,9.4,-0.21,17.43,
2015-11-15,5.68,-4.66,19.68,
2015-11-16,4.78,-0.61,12.96,
2015-11-17,0.21,-8.66,6.77,
2015-11-18,0.45,-6.86,10.37,
2015-11-20,-8.37,-15.63,-0.92,
2015-11-21,-6.24,-12.07,-0.75,
2015-11-23,-1.68,-11.96,4.77,
2015-11-24,-2.77,-5.29,2.94,
2015-11-25,-4.05,-8.47,1.48,
2015-11-26,-12.43,-16.03,-6.7,
2015-11-27,-11.06,-20.48,1.53,
2015-11-28,-7.41,-14.86,6.15,
2015-11-29,-5.4,-13.23,1.17,
2015-11-30,-2.06,-4.34,1.24,
2015-12-01,-2.53,-9.47,2.92,
2015-12-02,-3.4,-9.82,9.3,
2015-12-04,2.85,-3.98,7.69,
2015-12-05,3.51,-5.16,11.35,
2015-12-06,-1.38,-5.16,10.25,
2015-12-08,3.03,-2.43,9.79,
2015-12-11,-3.0,-5.28,-0.85,
2015-12-12,-3.9,-11.85,0.12,
2015-12-13,-1.31,-3.01,-0.16,
2015-12-15,-5.61,-5.79,-4.01,
2015-12-17,-7.64,-11.22,-4.76,
2015-12-18,-12.09,-16.88,-6.61,
2015-12-19,-9.0,-15.96,-6.74,
2015-12-20,-4.88,-7.89,0.51,
2015-12-21,-7.58,-11.92,0.22,
2015-12-22,-5.65,-11.13,-1.91,
2015-12-23,-6.65,-15.14,-2.81,
2015-12-24,-9.07,-14.35,-2.54,
2015-12-25,-11.74,-15.32,-3.49,
2015-12-26,-15.3,-23.53,-10.14,
2015-12-27,-17.93,-23.84,-7.22,
2015-12-28,-12.33,-17.09,-8.23,
2015-12-29,-10.86,-17.26,-5.17,
2015-12-30,-9.54,-11.01,-6.58,
2016-01-01,-4.76,-6.61,0.76,
2016-01-02,-6.05,-7.95,-1.82,
2016-01-03,-11.52,-18.24,-2.92,
2016-01-06,-8.19,-14.24,-6.18,
2016-01-07,-7.66,-7.46,-4.92,
2016-01-08,-11.13,-16.55,-6.98,
2016-01-09,-17.95,-28.66,-15.01,
2016-01-10,-20.71,-29.76,-13.86,
2016-01-12,-12.96,-18.27,-4.71,
2016-01-13,-4.26,-16.59,3.37,
2016-01-14,-4.57,-7.47,3.02,
2016-01-16,-22.05,-26.45,-17.34,
2016-01-17,-21.55,-25.61,-14.45,
2016-01-18,-16.98,-26.32,-11.42,
2016-01-19,-9.65,-13.0,-2.18,
2016-01-20,-11.9,-17.47,-7.3,
2016-01-22,-4.53,-6.76,-1.19,
2016-01-23,0.2,-6.24,6.34,
2016-01-24,-3.86,-4.35,-3.17,
2016-01-25,-3.17,-6.95,-1.22,
2016-01-27,4.21,-3.72,7.97,
2016-01-30,0.27,-3.77,6.95,
2016-01-31,-3.1,-7.71,3.9,
2016-02-01,-2.86,-9.7,3.29,
2016-02-04,-4.73,-14.94,3.27,
2016-02-05,-1.58,-5.89,3.52,
2016-02-06,3.48,-1.99,11.69,
2016-02-07,0.92,-2.88,2.19,
2016-02-08,-2.75,-7.46,1.49,
2016-02-09,-2.73,-8.86,4.09,
2016-02-10,-4.88,-7.52,1.77,
2016-02-11,-5.46,-6.36,-5.05,
2016-02-12,-12.54,-17.25,-6.36,
2016-02-13,-9.71,-15.48,-4.53,
2016-02-14,0.72,-3.4,4.8,
2016-02-17,-1.68,-0.81,1.71,
2016-02-19,3.78,0.48,13.78,
2016-02-20,-0.02,-4.63,9.68,
2016-02-21,-0.07,-5.02,4.01,
2016-02-22,0.83,-6.53,8.78,
2016-02-23,0.57,-8.82,6.18,
2016-02-24,-1.89,-8.76,1.62,
2016-02-26,2.27,-9.53,17.37,
2016-02-27,9.11,0.18,19.53,
2016-02-28,4.23,0.22,11.24,
2016-02-29,-9.98,-12.66,4.91,
2016-03-01,-6.77,-12.33,2.52,
2016-03-02,-3.42,-6.79,2.54,
2016-03-03,-1.62,-6.44,-0.92,
2016-03-05,4.71,-7.15,17.56,
2016-03-06,8.71,-4.47,22.75,
2016-03-08,1.22,-5.89,6.36,
2016-03-09,0.43,-10.85,12.0,
2016-03-10,6.52,-8.25,16.35,
2016-03-11,9.55,-4.05,18.53,
2016-03-12,7.27,-3.97,23.06,
2016-03-15,6.26,-3.82,10.03,
2016-03-16,0.94,-4.34,11.47,
2016-03-17,-3.58,-5.29,-0.79,
2016-03-18,-5.02,-8.25,-3.0,
2016-03-19,-2.53,-10.96,-0.9,
2016-03-20,-3.54,-10.15,10.05,
2016-03-21,2.4,-8.23,11.03,
2016-03-26,-3.41,-14.42,7.09,
2016-03-27,3.84,-4.38,13.43,
2016-03-28,5.32,-8.65,18.2,
2016-03-29,7.3,4.81,14.43,
2016-03-30,7.62,-2.49,13.39,
2016-04-01,1.61,-11.06,9.47,
2016-04-02,9.42,-3.17,23.67,
2016-04-03,10.76,-0.8,19.63,
2016-04-04,5.18,-8.01,18.05,
2016-04-05,9.22,1.92,14.85,
2016-04-06,2.84,-2.05,13.36,
2016-04-08,0.35,-5.11,8.37,
2016-04-09,7.61,-3.17,24.02,
2016-04-10,2.77,-3.76,6.07,
2016-04-11,-3.64,-15.82,6.78,
2016-04-12,4.57,-3.31,19.28,
2016-04-14,14.3,6.24,19.88,
2016-04-15,11.6,4.44,17.3,
2016-04-16,0.61,1.58,3.19,
2016-04-17,2.18,-0.39,1.04,
2016-04-18,2.41,2.46,3.14,
2016-04-19,9.08,4.9,16.43,
2016-04-20,10.36,1.09,20.76,
2016-04-21,5.12,2.29,15.25,
2016-04-22,9.17,0.2,18.8,
2016-04-23,13.91,5.94,20.37,
2016-04-24,7.01,5.08,12.22,
2016-04-25,1.26,0.47,6.06,
2016-04-26,2.13,1.27,4.8,
2016-07-08,19.24,8.83,26.48,
2016-07-09,24.56,14.59,34.15,
2016-07-10,22.38,15.01,31.43,
2016-07-12,19.05,15.24,23.91,
2016-07-13,19.41,12.61,27.3,
2016-07-15,16.05,7.82,26.31,
2016-07-16,19.56,15.56,24.82,
2016-07-17,20.04,10.25,26.09,
2016-07-18,21.97,11.51,31.3,
2016-07-19,24.44,15.42,36.57,
2016-07-20,27.34,20.93,37.88,
2016-07-21,29.2,17.09,34.22,
2016-07-22,22.33,18.13,30.7,
2016-07-23,22.96,18.18,30.97,
2016-07-24,21.43,12.26,29.49,
2016-07-25,24.7,14.45,35.34,
2016-07-26,20.77,18.16,24.68,
2016-07-27,19.05,10.1,26.06,
2016-07-29,19.51,15.64,27.31,
2016-07-30,21.82,15.03,31.08,
2016-07-31,24.83,17.06,33.92,
2016-08-01,22.98,14.14,31.57,
2016-08-02,23.27,10.01,31.52,
2016-08-03,24.23,16.39,37.1,
2016-08-04,19.7,12.12,25.6,
2016-08-05,17.65,6.65,27.81,
2016-08-06,20.7,12.23,28.11,
2016-08-07,22.1,12.09,29.22,
2016-08-08,23.47,17.45,34.48,
2016-08-10,20.58,18.11,27.69,
2016-08-11,23.27,17.84,28.89,
2016-08-12,16.95,9.23,27.41,
2016-08-13,19.69,12.04,26.7,
2016-08-14,20.39,7.96,29.71,
2016-08-15,20.92,11.2,31.43,
2016-08-16,22.31,8.61,30.25,
2016-08-17,24.35,15.86,33.31,
2016-08-18,20.98,11.38,24.74,
2016-08-19,11.76,8.16,15.87,
2016-08-20,13.97,6.47,25.76,
2016-08-23,20.44,11.82,25.51,
2016-08-24,14.6,9.49,22.01,
2016-08-25,13.06,10.05,21.28,
2016-08-27,18.34,9.29,26.66,
2016-08-28,23.62,9.09,33.25,
2016-08-29,19.37,10.33,26.03,
2016-08-30,18.1,5.09,29.56,
2016-08-31,22.48,12.63,33.57,
2016-09-02,21.43,19.08,26.68,
2016-09-03,21.84,14.15,25.61,
2016-09-04,15.02,13.49,18.85,
2016-09-05,13.21,13.96,14.26,
2016-09-06,16.24,7.62,22.29,
2016-09-07,13.51,10.5,16.81,
2016-09-08,15.73,6.83,20.88,
2016-09-09,10.96,8.71,18.15,
2016-09-10,14.08,3.66,24.5,
2016-09-11,18.29,8.55,32.17,
2016-09-12,11.65,9.55,15.07,
2016-09-13,9.01,4.64,14.43,
2016-09-15,15.66,12.57,16.09,
2016-09-16,14.13,7.66,18.78,
2016-09-18,18.8,10.85,30.26,
2016-09-19,11.8,1.44,23.5,
2016-09-20,16.04,8.05,22.39,
2016-09-21,15.4,12.46,21.99,
2016-09-22,12.76,9.67,14.8,
2016-09-23,11.75,11.96,14.8,
2016-09-24,16.81,11.08,22.44,
2016-09-25,10.9,5.1,17.88,
2016-09-26,10.8,-1.99,20.33,
2016-09-30,15.06,13.22,21.74,
2016-10-01,16.22,5.82,28.63,
2016-10-02,14.14,6.1,26.04,
2016-10-03,14.53,10.66,17.7,
2016-10-04,11.01,6.98,17.61,
2016-10-05,3.91,3.59,6.27,
2016-10-06,2.15,0.12,7.11,
2016-10-07,2.07,-3.29,7.05,
2016-10-08,2.53,-0.83,8.24,
2016-10-09,9.13,-0.58,24.19,
2016-10-10,7.4,2.38,14.67,
2016-10-11,2.59,1.33,0.84,
2016-10-12,0.03,-1.28,8.24,
2016-10-13,3.8,-8.26,16.14,
2016-10-15,13.19,1.88,20.52,
2016-10-16,13.88,4.3,21.22,
2016-10-17,8.06,4.25,15.17,
2016-10-18,10.17,1.63,15.54,
2016-10-19,5.48,-1.54,5.63,
2016-10-20,7.34,2.02,16.29,
2016-10-21,7.81,-0.55,19.44,
2016-10-22,4.48,-2.46,21.44,
2016-10-23,5.92,-1.67,11.9,
2016-10-24,4.81,-2.66,13.23,
2016-10-25,7.65,5.21,10.96,
2016-10-26,8.3,-1.59,20.53,
2016-10-27,11.54,1.46,21.23,
2016-10-28,12.1,8.8,19.51,
2016-10-29,4.94,5.85,8.04,
2016-10-30,7.05,4.78,9.94,
2016-10-31,6.19,2.29,14.3,
2016-11-01,8.85,5.17,18.11,
2016-11-02,7.68,-2.02,19.2,
2016-11-03,7.07,-2.86,20.15,
2016-11-04,8.05,-0.95,22.21,
2016-11-06,9.43,-1.21,23.28,
2016-11-07,5.09,-1.99,9.53,
2016-11-08,4.57,-6.46,17.42,
2016-11-10,5.89,-2.56,16.4,
2016-11-11,1.73,-9.39,13.16,
2016-11-12,8.77,0.82,19.9,
2016-11-13,6.36,-1.46,17.32,
2016-11-15,7.12,5.39,13.96,
2016-11-16,6.81,-0.21,15.94,
2016-11-17,-0.7,-1.05,1.22,
2016-11-18,-0.81,-5.0,1.89,
2016-11-19,-5.32,-13.89,-0.3,
2016-11-20,-2.06,-4.62,5.43,
2016-11-21,-1.84,-5.71,4.84,
2016-11-24,0.81,-1.62,3.01,
2016-11-25,-0.6,-6.0,8.7,
2016-11-26,0.18,-8.49,12.26,
2016-11-27,0.01,-3.4,3.5,
2016-11-28,-1.36,-1.6,-0.06,
2016-11-29,-3.37,-3.25,-2.06,
2016-11-30,-4.83,-3.97,-2.33,
2016-12-01,-4.31,-4.35,-3.28,
2016-12-02,-2.47,-6.18,-2.48,
2016-12-03,-5.72,-9.85,0.38,
2016-12-04,-4.49,-9.73,1.92,
2016-12-06,-14.41,-14.74,-13.25,
2016-12-07,-15.73,-17.86,-14.53,
2016-12-08,-19.91,-27.81,-16.21,
2016-12-09,-25.07,-31.08,-20.65,
2016-12-10,-22.42,-28.19,-17.94,
2016-12-11,-19.7,-24.41,-16.54,
2016-12-12,-17.0,-20.64,-15.0,
2016-12-13,-15.75,-22.64,-9.22,
2016-12-14,-19.39,-25.12,-14.11,
2016-12-15,-22.61,-27.44,-15.58,
2016-12-16,-18.48,-20.21,-17.24,
2016-12-17,-25.98,-29.96,-20.58,
2016-12-18,-16.93,-27.0,-7.49,
2016-12-19,-3.93,-7.62,-0.68,
2016-12-20,-1.03,-2.94,-1.15,
2016-12-21,1.12,-7.09,3.02,
2016-12-23,-13.72,-18.01,0.15,
2016-12-24,-11.04,-14.51,-8.25,
2016-12-25,-6.83,-12.48,-2.63,
2016-12-26,-14.77,-16.17,-8.14,
2016-12-27,-12.74,-19.2,-1.99,
2016-12-28,-3.57,-2.85,0.85,
2016-12-29,-7.07,-8.17,-3.14,
2016-12-30,-4.83,-8.17,2.29,
2017-01-01,-7.52,-9.3,-4.89,
2017-01-02,-13.39,-17.37,-9.03,
2017-01-03,-22.6,-27.54,-15.19,
2017-01-04,-23.05,-32.59,-16.79,
2017-01-06,-23.64,-32.21,-15.74,
2017-01-07,-28.08,-29.36,-22.72,
2017-01-08,-19.92,-26.9,-16.5,
2017-01-09,-16.53,-17.71,-11.65,
2017-01-10,-16.52,-19.76,-11.68,
2017-01-11,-23.44,-22.78,-18.04,
2017-01-13,-20.19,-29.06,-12.05,
2017-01-14,-18.77,-24.87,-12.19,
2017-01-15,-11.99,-18.96,0.3,
2017-01-16,-11.09,-17.49,-4.96,
2017-01-17,-7.39,-17.55,2.22,
2017-01-19,-6.94,-13.35,-3.16,
2017-01-20,-10.0,-16.69,-4.26,
2017-01-21,-8.43,-12.04,-4.44,
2017-01-22,-4.07,-13.85,-1.99,
2017-01-23,-3.58,-3.44,-3.64,
2017-01-24,-7.02,-7.01,-4.15,
2017-01-25,-9.76,-11.88,-7.87,
2017-01-28,2.99,-2.44,1.93,
2017-01-29,0.79,-0.55,3.48,
2017-01-30,3.95,-0.44,6.09,
2017-01-31,-5.47,-10.9,0.26,
2017-02-01,-10.96,-17.85,-10.11,
2017-02-02,-15.74,-22.67,-11.64,
2017-02-03,-16.37,-21.35,-10.35,
2017-02-04,-11.77,-15.65,-11.6,
2017-02-05,-14.61,-16.95,-7.31,
2017-02-06,-13.29,-17.15,-14.13,
2017-02-07,-18.48,-27.07,-14.4,
2017-02-08,-20.96,-29.05,-15.93,
2017-02-09,-12.48,-24.11,-4.07,
2017-02-11,0.14,-3.61,4.46,
2017-02-12,-0.87,-7.29,4.3,
2017-02-13,-0.67,-3.72,3.65,
2017-02-14,-0.33,-3.64,5.44,
2017-02-15,0.93,-7.01,9.14,
2017-02-17,5.55,-1.13,11.67,
2017-02-18,0.61,-2.37,4.05,
2017-02-19,1.87,-1.59,9.15,
2017-02-20,4.56,0.0,10.73,
2017-02-21,3.16,-1.47,13.35,
2017-02-23,-5.38,-9.87,-2.38,
2017-02-24,-6.92,-12.94,-1.34,
2017-02-25,-4.16,-7.84,-0.68,
2017-02-26,-7.82,-12.28,-1.02,
2017-02-27,-5.61,-13.35,-6.37,
2017-02-28,-9.2,-10.42,-2.11,
2017-03-01,-4.59,-7.71,-3.12,
2017-03-02,-9.2,-9.14,-2.94,
2017-03-03,-1.85,-10.5,6.79,
2017-03-04,1.92,-6.15,14.7,
2017-03-05,4.03,-4.02,17.91,
2017-03-06,-0.43,-4.66,7.13,
2017-03-07,-5.47,-7.6,-0.75,
2017-03-08,-7.34,-11.44,-2.87,
2017-03-09,-10.96,-17.92,-7.12,
2017-03-10,-15.76,-24.26,-13.83,
2017-03-11,-13.8,-15.28,-11.06,
2017-03-13,-18.44,-26.88,-9.26,
2017-03-14,-7.83,-11.91,-4.88,
2017-03-15,-3.57,-6.01,2.68,
2017-03-16,3.48,-1.25,10.27,
2017-03-17,1.95,-5.26,6.98,
2017-03-18,1.52,-6.57,10.65,
2017-03-19,7.98,1.06,15.5,
2017-03-22,1.19,-4.64,10.85,
2017-03-23,3.69,-2.69,6.38,
2017-03-24,3.76,-5.44,10.62,
2017-03-25,5.45,0.68,15.04,
2017-03-26,9.47,3.05,15.34,
2017-03-27,7.39,-3.08,17.73,
2017-03-28,6.59,-3.64,14.59,
2017-03-29,8.88,-0.6,17.81,
2017-03-30,6.78,5.87,13.61,
2017-03-31,5.62,1.08,14.21,
2017-04-01,9.03,3.41,15.91,
2017-04-02,9.93,1.98,11.59,
2017-04-04,7.87,1.82,7.77,
2017-04-05,4.56,-5.57,10.76,
2017-04-07,13.25,3.82,24.81,
2017-04-08,12.38,8.3,18.8,
2017-04-09,5.8,-2.38,10.97,
2017-04-11,4.55,-2.95,15.37,
2017-04-12,7.13,-4.19,16.52,
2017-04-13,8.54,-1.06,16.07,
2017-04-14,14.67,6.87,19.45,
2017-04-15,7.22,-0.61,12.36,
2017-04-16,3.0,-3.07,12.04,
2017-04-17,2.51,-10.46,10.43,
2017-04-18,5.54,4.35,10.16,
2017-04-19,4.3,0.48,8.24,
2017-04-20,6.95,-0.04,12.21,
2017-04-21,7.39,-2.62,17.57,
2017-04-22,8.95,-0.64,17.98,
2017-04-23,2.5,-1.41,2.95,
2017-04-24,0.02,-1.01,4.62,
2017-04-25,0.17,-2.5,0.97,
2017-04-28,4.36,-10.35,13.37,
2017-04-29,9.22,-7.35,14.18,
2017-04-30,9.43,-2.07,17.47,
2017-05-01,8.49,3.44,17.42,
2017-05-02,8.71,1.96,15.82,
2017-05-03,10.26,3.9,17.14,
2017-05-04,9.88,-1.73,22.66,
2017-05-05,18.65,3.94,26.42,
2017-05-06,18.84,7.54,27.72,
2017-05-07,21.96,11.54,32.28,
2017-05-08,13.66,4.29,21.79,
2017-05-09,10.08,-1.16,21.18,
2017-05-10,12.17,3.43,18.55,
2017-05-11,14.96,4.25,23.73,
2017-05-12,19.17,9.98,27.89,
2017-05-13,21.42,11.51,30.58,
2017-05-14,16.82,7.14,22.5,
2017-05-15,14.38,3.3,23.44,
2017-05-18,5.83,-2.19,15.73,
2017-05-19,10.28,-1.08,14.31,
2017-05-20,10.79,5.98,18.41,
2017-05-21,10.38,-3.0,20.82,
2017-05-22,11.48,8.31,15.06,
2017-05-23,12.53,4.63,20.03,
2017-05-24,13.48,3.58,23.15,
2017-05-26,15.3,7.79,20.51,
2017-05-27,12.02,2.05,26.66,
2017-05-28,13.39,3.48,21.64,
2017-05-29,11.21,3.54,18.39,
2017-05-30,10.31,-0.06,18.51,
2017-05-31,12.74,-2.33,24.77,
2017-06-01,22.49,8.65,28.87,
2017-06-02,23.97,16.35,31.33,
2017-06-03,19.34,8.85,28.92,
2017-06-05,23.49,14.01,34.79,
2017-06-06,19.43,14.34,26.32,
2017-06-07,16.37,5.71,24.17,
2017-06-08,19.4,7.8,27.34,
2017-06-09,23.04,16.03,35.49,
2017-06-10,21.71,13.39,24.96,
2017-06-11,19.46,8.69,25.38,
2017-06-12,17.78,5.47,27.6,
2017-06-13,18.15,15.08,25.87,
2017-06-16,17.43,4.72,26.4,
2017-06-17,12.59,8.11,18.58,
2017-06-20,16.05,5.99,27.14,
2017-06-21,22.04,10.96,29.61,
2017-06-22,16.43,8.19,22.73,
2017-06-23,11.92,7.39,21.13,
2017-06-25,14.0,-1.03,20.62,
2017-06-26,15.75,1.33,24.53,
2017-07-01,21.61,11.61,28.33,
2017-07-02,19.91,8.24,29.0,
2017-07-03,26.42,17.97,34.45,
2017-07-04,26.9,16.11,37.17,
2017-07-05,25.56,14.11,38.84,
2017-07-06,23.85,14.67,28.34,
2017-07-07,21.22,10.38,29.8,
2017-07-08,24.33,9.22,36.55,
2017-07-09,27.18,19.08,33.34,
2017-07-10,22.34,12.22,29.65,
2017-07-11,24.49,17.33,32.37,
2017-07-12,19.95,13.35,24.25,
2017-07-13,17.12,5.95,27.76,
2017-07-14,26.36,14.93,39.39,
2017-07-15,23.67,14.26,28.79,
2017-07-16,27.52,15.54,36.83,
2017-07-17,25.34,19.0,33.09,
2017-07-18,20.92,12.9,29.48,
2017-08-03,17.0,12.94,21.47,
2017-08-04,16.03,8.37,24.03,
2017-08-05,14.98,9.32,21.61,
2017-08-06,16.68,12.5,18.69,
2017-08-08,19.18,10.23,27.65,
2017-08-09,17.03,10.22,22.67,
2017-08-11,18.67,10.2,27.77,
2017-08-12,17.21,14.85,22.39,
2017-08-13,14.96,12.92,23.4,
2017-08-14,15.33,7.42,23.35,
2017-08-16,19.67,13.92,26.29,
2017-08-17,20.08,11.33,29.3,
2017-08-18,19.46,11.06,27.58,
2017-08-19,20.71,14.69,33.6,
2017-08-20,15.54,9.23,19.77,
2017-08-21,19.2,9.75,24.05,
2017-08-22,15.23,3.02,25.42,
2017-08-23,18.35,9.05,27.33,
2017-08-24,17.68,12.12,26.29,
2017-08-25,15.79,12.52,18.37,
2017-08-26,15.15,8.39,24.01,
2017-08-27,17.97,8.75,28.69,
2017-08-28,20.03,12.54,31.9,
2017-08-29,19.18,8.68,31.37,
2017-08-30,18.56,11.94,26.89,
2017-08-31,20.16,15.38,29.1,
2017-09-02,17.05,8.41,28.93,
2017-09-03,20.76,12.79,31.15,
2017-09-05,14.13,5.66,22.54,
2017-09-07,16.78,3.19,30.11,
2017-09-08,15.21,2.69,24.37,
2017-09-09,19.1,12.2,31.0,
2017-09-10,20.38,10.82,32.06,
2017-09-11,19.15,7.26,29.03,
2017-09-14,16.21,12.94,20.0,
2017-09-15,10.24,7.31,9.55,
2017-09-16,7.77,7.15,8.1,
2017-09-17,5.64,-0.52,15.14,
2017-09-18,11.38,0.92,23.36,
2017-09-19,15.05,9.64,20.79,
2017-09-20,12.86,6.25,21.48,
2017-09-21,15.05,9.78,20.93,
2017-09-22,8.8,8.22,10.38,
2017-09-23,9.33,6.69,9.48,
2017-09-24,8.13,4.99,10.24,
2017-09-25,8.3,6.54,8.89,
2017-09-27,10.71,4.38,24.1,
2017-09-28,10.48,-0.68,21.18,
2017-09-29,10.61,-0.44,18.72,
2017-09-30,15.32,9.65,24.96,
2017-10-01,13.07,6.44,13.71,
2017-10-02,8.04,2.41,14.16,
2017-10-03,5.17,0.15,6.8,
2017-10-04,6.82,3.33,15.0,
2017-10-06,7.84,-1.42,21.12,
2017-10-07,14.51,8.88,20.38,
2017-10-08,9.86,-0.1,14.48,
2017-10-09,1.79,-5.91,10.51,
2017-10-10,8.05,0.39,16.32,
2017-10-11,9.92,1.21,18.21,
2017-10-12,4.49,-3.98,13.21,
2017-10-15,6.68,-3.2,14.3,
2017-10-16,9.83,0.19,19.45,
2017-10-17,15.14,0.42,24.45,
2017-10-18,11.84,2.33,18.08,
2017-10-19,14.59,0.94,27.99,
2017-10-24,7.51,1.41,16.53,
2017-10-25,10.82,3.53,22.8,
2017-10-26,2.49,-4.64,15.22,
2017-10-27,-4.94,-9.72,9.42,
2017-10-28,0.45,-11.17,13.08,
2017-10-29,6.91,0.83,11.22,
2017-10-30,-0.53,-4.28,-0.05,
2017-10-31,-2.41,-8.99,5.47,
2017-11-01,2.33,-2.52,1.37,
2017-11-02,-0.93,-0.32,-0.67,
2017-11-03,-4.35,-2.24,-2.0,
2017-11-05,-8.3,-8.52,-5.16,
2017-11-06,-6.32,-14.25,-5.47,
2017-11-07,-9.05,-20.46,-0.77,
2017-11-10,-2.94,-8.24,3.12,
2017-11-11,-2.76,-10.58,1.17,
2017-11-12,0.38,-5.37,10.06,
2017-11-13,1.17,-5.63,12.29,
2017-11-14,4.4,-4.25,11.01,
2017-11-15,-6.23,-11.83,-3.59,
2017-11-16,-4.58,-10.76,1.4,
2017-11-17,1.7,-3.6,2.34,
2017-12-01,0.92,-6.25,10.67,
2017-12-02,1.59,-7.59,14.02,
2017-12-03,0.2,-4.78,7.73,
2017-12-04,-3.44,-7.36,0.29,
2017-12-05,-6.44,-12.76,1.31,
2017-12-07,-8.9,-17.75,0.86,
2017-12-08,-3.06,-9.98,2.96,
2017-12-09,-1.72,-12.5,4.82,
2017-12-10,3.49,-1.96,7.81,
2017-12-11,-0.73,-6.31,2.24,
2017-12-12,2.17,-4.9,14.33,
2017-12-13,0.61,-6.24,7.13,
2017-12-14,1.26,-3.17,1.94,
2017-12-15,2.12,-4.79,8.87,
2017-12-16,-0.79,-4.02,4.35,
2017-12-17,-0.38,-10.86,3.94,
2017-12-18,2.51,0.61,10.01,
2017-12-19,-2.81,-6.7,2.25,
2017-12-20,-6.19,-11.99,-2.6,
2017-12-21,-13.24,-17.97,-10.33,
2017-12-22,-9.2,-13.58,-6.68,
2017-12-23,-11.91,-13.7,-6.86,
2017-12-24,-14.79,-20.76,-10.89,
2017-12-25,-22.77,-27.91,-20.43,
2017-12-27,-23.09,-32.19,-13.34,
2017-12-28,-21.92,-23.36,-12.65,
2017-12-29,-20.59,-26.44,-16.84,
2017-12-30,-26.82,-31.68,-27.37,
2018-01-01,-27.84,-37.91,-20.53,
2018-01-02,-13.12,-23.29,-6.23,
2018-01-03,-9.94,-13.9,-5.53,
2018-01-04,-12.76,-17.59,-7.68,
2018-01-05,-12.41,-12.55,-7.53,
2018-01-06,-7.01,-11.14,4.15,
2018-01-07,-2.04,-2.68,2.34,
2018-01-08,-4.4,-11.73,0.53,
2018-01-09,-0.81,-5.9,5.12,
2018-01-10,-8.31,-18.58,1.58,
2018-01-11,-24.05,-29.43,-18.03,
2018-01-12,-26.78,-32.62,-22.43,
2018-01-13,-25.22,-31.59,-13.6,
2018-01-14,-11.99,-22.73,-0.57,
2018-01-15,-25.12,-27.92,-21.04,
2018-01-16,-20.44,-32.12,-9.28,
2018-01-17,-4.33,-13.45,2.49,
2018-01-18,-0.64,-9.46,4.13,
2018-01-19,3.89,-2.34,6.13,
2018-01-20,1.32,-2.08,4.86,
2018-01-21,-6.03,-13.79,0.47,
2018-01-22,-11.62,-16.43,-1.56,
2018-01-23,-7.01,-14.32,4.49,
2018-01-24,-6.38,-14.64,4.87,
2018-01-25,-4.41,-10.32,0.22,
2018-01-26,-1.77,-6.94,4.02,
2018-01-27,-12.35,-19.37,-6.37,
2018-01-28,-13.6,-17.27,-9.58,
2018-01-29,-8.38,-17.39,-5.35,
2018-01-30,-1.54,-6.94,7.98,
2018-02-01,-16.33,-21.83,-12.19,
2018-02-02,-10.26,-17.37,-3.44,
2018-02-03,-15.1,-21.5,-10.75,
2018-02-04,-21.94,-29.5,-17.29,
2018-02-05,-19.63,-28.88,-17.58,
2018-02-07,-18.48,-27.15,-11.28,
2018-02-08,-18.12,-23.87,-14.17,
2018-02-10,-17.09,-23.36,-14.87,
2018-02-11,-17.25,-29.82,-7.42,
2018-02-12,-24.02,-30.39,-16.96,
2018-02-13,-13.77,-19.74,-5.19,
2018-02-14,-0.52,-6.79,6.78,
2018-02-15,-10.72,-19.97,0.28,
2018-02-16,-11.26,-20.7,-4.8,
2018-02-17,-8.32,-14.98,-6.17,
2018-02-18,-12.23,-15.25,-9.59,
2018-02-19,-17.41,-16.79,-12.96,
2018-03-04,0.87,0.0,1.05,
2018-03-05,-3.99,-8.99,-0.08,
2018-03-06,-9.0,-11.1,-6.88,
2018-03-07,-9.51,-16.11,-4.35,
2018-03-08,-10.23,-18.83,-1.46,
2018-03-09,-5.28,-10.27,-0.81,
2018-03-10,-5.3,-11.82,-3.96,
2018-03-12,-4.79,-12.4,3.37,
2018-03-13,-0.02,-11.28,6.84,
2018-03-14,-0.06,-9.07,7.48,
2018-03-15,-2.71,-7.17,3.14,
2018-03-16,-1.93,-8.69,2.54,
2018-03-17,0.77,-4.99,6.89,
2018-03-18,-3.5,-7.16,-0.97,
2018-03-19,-0.09,-5.51,-1.45,
2018-03-20,-0.21,-5.44,0.7,
2018-03-21,-0.57,-6.54,7.44,
2018-03-22,-2.4,-6.73,1.25,
2018-04-21,8.45,0.5,17.77,
2018-04-22,11.3,-0.5,19.41,
2018-04-23,8.25,0.32,14.62,
2018-04-25,9.16,-0.06,19.93,
2018-04-27,11.14,-0.42,14.69,
2018-04-28,9.29,-0.18,18.26,
2018-04-29,18.35,8.01,26.88,
2018-04-30,10.25,6.93,13.2,
2018-05-01,6.73,2.95,11.93,
2018-05-04,17.21,0.48,26.98,
2018-05-05,16.03,6.74,26.44,
2018-05-06,17.17,2.57,28.78,
2018-05-07,18.02,9.96,27.01,
2018-05-08,15.5,11.02,20.43,
2018-05-11,6.16,3.71,9.29,
2018-05-12,10.09,6.87,11.18,
2018-05-13,14.85,7.64,21.83,
2018-05-14,16.55,6.64,24.41,
2018-05-16,22.67,7.1,29.42,
2018-05-17,16.68,12.55,18.26,
2018-05-18,9.45,7.09,10.17,
2018-05-20,11.2,-1.43,19.97,
2018-05-26,23.28,10.55,31.81,
2018-05-27,21.33,19.03,27.71,
2018-05-28,19.39,17.19,28.0,
2018-05-29,18.67,12.73,27.72,
2018-05-30,19.69,12.81,26.0,
2018-05-31,19.75,10.67,29.43,
2018-06-01,18.91,14.25,26.84,
2018-06-02,16.78,10.94,19.71,
2018-06-04,19.54,10.92,29.77,
2018-06-05,21.7,15.0,30.18,
2018-06-07,19.57,12.94,25.37,
2018-06-08,22.62,16.04,27.33,
2018-06-09,24.66,12.94,31.57,
2018-06-10,24.8,17.39,30.98,
2018-06-11,16.43,13.54,21.83,
2018-06-14,20.84,13.24,30.16,
2018-06-15,20.84,11.39,24.51,
2018-06-16,12.58,13.97,17.15,
2018-06-17,17.23,13.88,18.67,
2018-06-18,12.6,6.63,21.75,
2018-06-19,18.64,14.66,21.99,
2018-06-20,18.79,11.23,24.21,
2018-06-22,16.31,12.22,25.02,
2018-06-23,16.97,14.09,23.16,
2018-06-24,16.56,14.95,22.76,
2018-06-25,18.4,15.7,26.6,
2018-06-28,26.11,15.77,31.08,
2018-07-01,18.73,12.02,23.68,
2018-07-04,18.51,13.4,23.46,
2018-07-05,19.01,10.22,25.15,
2018-07-06,23.64,18.15,32.36,
2018-07-07,26.19,19.94,31.32,
2018-07-08,23.44,18.64,31.02,
2018-07-09,21.12,14.17,29.94,
2018-07-10,25.06,20.78,28.12,
2018-07-12,21.46,13.04,29.91,
2018-07-13,22.44,12.81,32.02,
2018-07-14,24.45,19.18,35.84,
2018-07-15,19.61,9.71,25.31,
2018-07-16,17.41,6.65,29.47,
2018-07-17,20.06,12.24,28.83,
2018-09-14,14.06,5.66,20.82,
2018-09-21,7.76,2.77,15.13,
2018-09-22,12.28,4.31,23.67,
2018-09-23,4.98,4.3,8.44,
2018-09-24,6.39,6.22,9.68,
2018-09-25,9.05,4.53,13.73,
2018-09-26,9.0,-1.91,19.27,
2018-09-29,4.25,1.57,6.54,
2018-10-01,4.82,1.72,11.27,
2018-10-02,8.28,0.82,13.66,
2018-10-03,4.01,0.3,10.85,
2018-10-04,-1.01,-6.63,1.26,
2018-10-05,2.1,1.19,4.64,
2018-10-06,1.51,-1.84,7.54,
2018-10-07,-0.88,-3.09,2.85,
2018-10-08,1.23,0.58,5.0,
2018-10-09,1.67,1.28,3.48,
2018-10-10,0.3,-1.82,0.43,
2018-10-13,2.45,-2.12,9.09,
2018-10-14,-2.3,-8.23,0.9,
2018-10-19,8.03,0.73,16.16,
2018-10-20,2.36,-7.09,11.0,
2018-10-21,4.97,-4.06,15.71,
2018-10-27,5.27,-1.3,14.66,
2018-10-28,5.0,-4.75,14.01,
2018-10-29,6.62,1.43,13.18,
2018-10-31,1.89,-4.01,11.51,
2018-11-03,-0.06,-1.55,3.45,
2018-11-04,0.16,0.39,2.89,
2018-11-06,-8.1,-9.75,-4.63,
2018-11-07,-10.3,-13.3,-6.39,
2018-11-08,-8.15,-15.99,-5.43,
2018-11-09,-10.17,-15.04,-6.74,
2018-11-10,-5.39,-9.06,1.42,
2018-11-11,-8.01,-12.26,-5.26,
2018-11-12,-11.37,-17.87,-3.64,
2018-11-14,2.22,-4.4,10.68,
2018-11-15,4.5,0.9,6.7,
2018-11-17,-12.04,-15.29,-9.33,
2018-11-18,-5.32,-12.55,0.26,
2018-11-19,-9.94,-12.09,-3.13,
2018-11-21,-3.5,-9.55,-1.84,
2018-11-22,-2.59,-4.99,2.03,
2018-11-23,2.85,-3.33,6.8,
2018-11-24,-3.61,-0.44,0.2,
2018-11-25,-6.7,-5.57,-1.55,
2018-11-29,-0.12,-5.82,4.51,
2018-12-01,-0.23,-5.47,-0.49,
2018-12-02,-6.53,-7.25,-4.79,
2018-12-03,-3.0,-2.93,0.68,
2018-12-05,-6.05,-10.95,-6.04,
2018-12-08,-8.22,-14.37,3.25,
2018-12-09,-6.77,-12.92,3.96,
2018-12-10,-4.75,-10.93,4.42,
2018-12-11,-1.45,-9.88,2.8,
2018-12-12,1.29,-8.97,4.79,
2018-12-13,0.63,-2.3,5.3,
2018-12-15,3.3,-3.73,13.04,
2018-12-16,-0.16,-6.14,3.8,
2018-12-17,-2.6,-9.42,4.48,
2018-12-19,2.37,0.2,6.27,
2018-12-21,-1.62,-7.12,2.49,
2018-12-22,-1.7,-2.77,-0.39,
2018-12-23,-4.54,-7.3,-0.42,
2018-12-27,-10.37,-13.88,-10.91,
2018-12-30,-2.24,-13.99,4.31,
2019-01-02,-1.34,-6.83,5.77,
2019-01-03,3.09,0.38,4.56,
2019-01-04,4.37,1.81,9.24,
2019-01-05,0.87,-6.25,4.93,
2019-01-06,-2.31,-4.18,-1.74,
2019-01-07,-0.59,-4.47,6.63,
2019-01-08,-5.39,-11.71,-2.85,
2019-01-09,-12.08,-16.14,-7.3,
2019-01-10,-8.73,-14.29,2.17,
2019-01-11,-8.28,-12.62,-5.26,
2019-01-12,-11.72,-11.75,-8.44,
2019-01-14,-4.45,-9.46,0.03,
2019-01-15,-7.48,-10.03,-1.52,
2019-01-16,-11.06,-11.04,-9.76,
2019-01-17,-9.17,-15.97,-7.8,
2019-01-18,-17.84,-27.99,-12.1,
2019-01-19,-15.49,-21.14,-12.51,
2019-01-20,-15.56,-16.73,-12.86,
2019-01-21,-11.31,-14.87,-12.05,
2019-01-22,-7.45,-13.45,-4.67,
2019-01-23,-5.17,-13.27,-3.68,
2019-01-24,-20.06,-24.38,-16.84,
2019-01-25,-14.33,-17.96,-8.1,
2019-01-26,-8.58,-13.75,-3.04,
2019-01-27,-5.74,-11.04,4.76,
2019-01-28,-11.97,-16.27,-6.33,
2019-01-29,-24.81,-28.49,-19.52,
2019-01-30,-25.33,-30.28,-18.67,
2019-01-31,-12.36,-16.28,-0.13,
2019-02-02,-5.25,-11.59,-3.17,
2019-02-03,-17.44,-22.77,-10.31,
2019-02-04,-21.78,-25.07,-20.29,
2019-02-05,-21.49,-24.03,-21.03,
2019-02-06,-22.1,-22.43,-17.33,
2019-02-07,-26.43,-28.08,-23.85,
2019-02-09,-19.84,-22.62,-18.19,
2019-02-10,-21.01,-24.4,-18.25,
2019-02-11,-20.14,-27.65,-14.26,
2019-02-12,-23.49,-25.51,-16.98,
2019-02-13,-19.15,-23.95,-11.4,
2019-02-14,-20.46,-29.94,-16.16,
2019-02-15,-24.47,-32.54,-15.17,
2019-02-16,-14.58,-15.25,-11.11,
2019-02-17,-14.39,-20.14,-13.61,
2019-02-18,-20.28,-26.28,-14.8,
2019-02-19,-21.03,-30.71,-15.63,
2019-02-20,-18.97,-24.82,-11.65,
2019-02-21,-17.33,-24.1,-10.29,
2019-02-22,-18.46,-27.48,-10.62,
2019-02-23,-15.83,-25.77,-6.74,
2019-02-24,-21.94,-25.15,-16.01,
2019-02-25,-21.35,-24.85,-19.26,
2019-02-28,-10.04,-16.7,-7.14,
2019-03-02,-23.16,-26.46,-17.15,
2019-03-21,-0.22,-3.97,10.8,
2019-03-22,1.11,-3.71,4.46,
2019-03-23,2.58,-1.46,8.96,
2019-03-24,-0.26,-1.95,3.56,
2019-03-26,2.65,0.82,7.44,
2019-03-27,3.03,-3.23,10.61,
2019-03-28,2.98,-2.53,6.49,
2019-03-31,2.61,-2.44,8.05,
2019-04-01,1.05,-3.3,6.8,
2019-04-02,1.85,-1.11,7.92,
2019-04-04,6.62,3.63,15.73,
2019-04-05,8.72,2.06,13.49,
2019-04-06,5.46,1.12,4.74,
2019-04-09,2.19,-2.26,6.96,
2019-04-11,-3.04,-4.14,0.43,
2019-04-12,0.12,-1.17,6.04,
2019-04-14,3.0,-5.64,9.36,
2019-04-15,8.54,-0.76,17.52,
2019-04-17,6.89,1.09,12.29,
2019-04-18,5.2,-1.93,12.73,
2019-04-19,12.08,-0.62,26.01,
2019-04-20,17.81,8.46,22.06,
2019-04-22,9.62,-2.36,16.85,
2019-04-23,12.96,-1.27,23.96,
2019-04-24,13.34,5.01,20.28,
2019-04-25,8.26,-1.25,13.36,
2019-04-27,3.97,1.23,6.41,
2019-04-28,1.58,-0.84,4.75,
2019-04-29,0.79,-0.58,0.52,
2019-05-01,3.04,-1.77,6.22,
2019-05-03,8.61,-1.24,18.2,
2019-05-04,5.03,2.11,10.92,
2019-05-05,3.43,0.45,7.48,
2019-05-06,4.31,-3.32,11.23,
2019-05-08,6.7,1.98,11.79,
2019-05-09,4.21,-5.61,11.31,
2019-05-10,9.6,-0.24,18.28,
2019-05-12,10.26,-1.73,17.75,
2019-05-13,16.04,7.38,26.03,
2019-05-14,14.72,7.14,24.3,
2019-05-16,12.53,7.43,17.42,
2019-05-17,6.94,4.28,9.3,
2019-05-18,3.1,-0.46,4.94,
2019-05-19,5.61,3.1,10.48,
2019-05-20,7.86,3.42,13.39,
2019-05-21,8.73,7.01,13.78,
2019-05-22,9.63,5.28,11.17,
2019-05-23,10.43,4.15,18.36,
2019-05-24,8.56,5.86,11.96,
2019-05-25,12.45,5.38,20.9,
2019-05-26,11.59,4.26,15.62,
2019-05-27,12.67,6.59,14.56,
2019-05-30,18.84,11.05,27.6,
2019-05-31,15.25,5.51,18.33,
2019-06-01,13.69,0.95,22.3,
2019-06-02,16.25,7.2,26.01,
2019-06-03,22.85,11.38,29.42,
2019-06-04,22.37,14.31,28.72,
2019-06-07,23.73,17.53,27.39,
2019-06-08,11.38,8.99,18.33,
2019-06-09,13.89,5.11,16.86,
2019-06-10,15.47,6.26,21.93,
2019-06-11,12.92,8.47,22.47,
2019-06-12,15.56,5.33,21.73,
2019-06-14,20.18,9.64,28.75,
2019-06-15,18.36,11.93,23.72,
2019-06-16,13.8,6.43,19.71,
2019-06-17,14.27,6.33,19.06,
2019-06-18,16.24,4.54,22.71,
2019-06-19,12.82,14.2,13.86,
2019-06-20,17.16,13.4,22.09,
2019-06-21,15.52,9.07,17.28,
2019-06-22,15.5,5.4,21.61,
2019-06-23,16.07,8.24,23.63,
2019-06-24,15.99,7.25,23.71,
2019-06-26,19.92,9.49,26.59,
2019-06-28,21.59,15.34,29.13,
2019-06-29,23.43,20.94,28.9,
2019-06-30,21.71,15.57,26.09,
2019-07-01,20.78,14.51,27.79,
2019-07-02,21.47,15.81,26.68,
2019-07-03,17.65,15.27,23.69,
2019-07-04,14.48,11.68,20.76,
2019-07-05,17.51,13.56,21.08,
2019-07-06,18.89,11.0,24.72,
2019-07-07,21.68,15.36,29.6,
2019-07-08,21.33,18.36,28.79,
2019-07-10,18.24,14.07,26.7,
2019-07-11,22.82,13.4,30.12,
2019-07-12,23.77,16.87,27.65,
2019-07-13,23.28,18.29,29.88,
2019-07-14,26.46,19.09,32.43,
2019-07-15,22.52,17.18,29.19,
2019-07-16,20.73,15.05,22.53,
2019-07-17,21.16,16.34,27.71,
2019-07-18,22.37,14.63,26.62,
2019-07-19,22.54,14.03,25.81,
2019-07-20,19.43,13.98,25.23,
2019-07-21,18.33,10.44,24.03,
2019-07-22,18.43,12.35,28.14,
2019-07-23,18.78,11.57,27.27,
2019-08-01,23.46,19.37,29.75,
2019-08-03,21.91,14.87,28.49,
2019-08-04,21.49,15.4,32.1,
2019-08-05,21.81,16.32,28.99,
2019-08-06,22.34,12.42,31.19,
2019-08-07,18.21,13.56,21.77,
2019-08-08,16.61,6.71,26.54,
2019-08-09,21.03,14.52,25.5,
2019-08-10,20.75,14.11,27.84,
2019-08-11,18.78,16.98,22.68,
2019-08-12,19.62,14.7,26.73,
2019-08-13,14.7,11.62,17.42,
2019-08-14,15.78,6.64,24.94,
2019-08-15,16.71,11.39,23.12,
2019-08-16,17.52,12.84,28.95,
2019-08-17,14.42,6.22,20.22,
2019-08-18,15.43,6.2,23.43,
2019-08-19,20.83,11.81,29.67,
2019-08-20,17.85,13.52,21.92,
2019-08-21,18.48,9.04,23.82,
2019-08-22,18.39,10.79,26.61,
2019-08-23,19.82,16.85,24.0,
2019-08-24,22.3,18.36,26.98,
2019-08-25,21.31,15.14,30.41,
2019-08-26,16.0,12.01,22.65,
2019-08-27,13.1,7.84,18.08,
2019-08-28,15.98,4.83,29.35,
2019-08-30,13.4,5.19,21.98,
2019-08-31,13.88,11.74,17.29,
2019-09-01,18.96,15.2,23.39,
2019-09-02,16.47,13.02,20.41,
2019-09-03,14.53,8.24,22.16,
2019-09-04,17.36,4.37,28.08,
2019-09-05,18.83,10.93,28.74,
2019-09-06,16.26,8.32,21.77,
2019-09-08,11.22,6.71,13.64,
2019-09-09,14.19,11.53,15.43,
2019-09-10,13.91,8.64,20.84,
2019-09-11,14.13,14.66,14.74,
2019-09-12,10.91,8.75,14.71,
2019-09-13,11.89,8.15,18.57,
2019-09-14,17.97,9.82,26.33,
2019-09-15,18.61,11.31,29.84,
2019-09-17,20.0,12.44,33.33,
2019-09-19,17.6,4.09,27.09,
2019-09-20,21.6,17.3,22.79,
2019-09-22,12.68,5.46,21.49,
2019-09-23,14.03,4.6,26.67,
2019-09-25,10.63,6.46,18.76,
2019-09-26,11.96,5.24,16.7,
2019-09-28,5.88,0.02,10.31,
2019-09-29,8.07,8.55,9.64,
2019-09-30,6.27,4.89,10.04,
2019-10-03,2.36,-0.92,6.4,
2019-10-05,10.45,7.19,13.71,
2019-10-06,9.42,7.24,15.98,
2019-10-08,13.28,4.49,25.84,
2019-10-09,1.82,-2.78,11.07,
2019-10-10,-1.89,-5.37,-0.26,
2019-10-11,-2.73,-3.8,0.77,
2019-10-12,-0.85,-1.77,0.68,
2019-10-13,1.15,-5.76,7.14,
2019-10-14,1.24,-4.71,9.56,
2019-10-17,6.31,-2.27,18.91,
2019-10-18,5.98,1.36,12.29,
2019-10-19,6.43,-2.85,12.6,
2019-10-20,1.21,-2.71,6.97,
2019-10-21,1.86,-1.3,9.44,
2019-10-22,2.81,-4.94,10.82,
2019-10-23,1.65,-4.19,3.8,
2019-10-24,1.96,-6.71,5.5,
2019-10-26,4.33,-2.09,10.29,
2019-10-27,-3.79,-5.06,-3.23,
2019-10-29,-8.9,-10.08,-3.72,
2019-10-30,-5.46,-12.63,0.64,
2019-10-31,-1.86,-9.3,6.76,
2019-11-01,0.98,0.31,2.67,
2019-11-02,-0.37,-8.36,5.17,
2019-11-03,0.92,-3.24,3.26,
2019-11-04,-4.83,-9.59,1.73,
2019-11-08,0.5,-6.35,11.19,
2019-11-09,2.78,-5.39,9.28,
2019-11-10,-9.62,-17.55,-6.8,
2019-11-11,-17.66,-21.7,-12.2,
2019-11-12,-6.84,-18.91,2.83,
2019-11-14,1.06,-9.92,9.77,
2019-11-15,0.6,-6.12,10.83,
2019-11-16,4.42,-1.32,8.35,
2019-11-17,4.5,-4.17,9.18,
2019-11-19,-0.26,-8.33,4.22,
2019-11-20,-0.74,-6.25,0.81,
2019-11-21,-6.05,-8.4,1.79,
2019-11-23,3.67,-1.54,9.4,
2019-11-24,7.2,1.16,13.46,
2019-11-25,0.29,-8.15,2.47,
2019-11-26,-1.77,-5.46,-0.36,
2019-11-27,-5.37,-9.97,-6.27,
2019-11-28,-4.67,-6.17,-3.21,
2019-11-29,-1.64,-1.15,-1.36,
2019-11-30,-3.18,-4.74,-2.89,
2019-12-01,-5.35,-11.31,-4.98,
2019-12-02,-3.28,-9.96,3.07,
2019-12-03,1.17,-1.14,5.43,
2019-12-04,-0.27,-4.31,4.21,
2019-12-05,-3.05,-10.92,4.49,
2019-12-06,-4.86,-12.74,2.01,
2019-12-07,-0.45,-9.11,6.16,
2019-12-08,-6.9,-14.69,2.42,
2019-12-09,-13.09,-23.9,-6.5,
2019-12-10,-19.41,-28.54,-10.88,
2019-12-11,-16.84,-26.25,-14.5,
2019-12-13,-7.99,-18.13,-1.18,
2019-12-14,-17.57,-15.71,-13.23,
2019-12-15,-7.94,-12.3,-2.72,
2019-12-17,-11.54,-13.94,-5.2,
2019-12-18,-2.1,-14.03,6.15,
2019-12-19,-9.82,-17.21,-3.29,
2019-12-20,-7.78,-15.53,4.1,
2019-12-21,3.0,-2.34,4.24,
2019-12-23,-1.89,-6.32,-1.79,
2019-12-24,-5.98,-7.4,-4.57,
2019-12-25,-9.58,-7.82,-4.52,
2019-12-26,-7.16,-15.7,-3.87,
2019-12-27,-10.17,-18.46,1.5,
2019-12-28,-9.25,-14.57,-3.99,
2019-12-29,-7.77,-7.01,-6.93,
2019-12-30,-6.78,-8.8,-3.38,
2020-01-01,1.39,-1.38,3.17,
2020-01-02,-0.8,-3.91,3.98,
2020-01-03,-5.11,-14.25,0.46,
2020-01-04,-0.7,-11.03,5.37,
2020-01-05,-0.08,-5.78,5.17,
2020-01-07,-5.7,-14.76,-2.58,
2020-01-08,-10.44,-14.99,-6.91,
2020-01-09,-9.36,-13.41,-3.49,
2020-01-10,-16.58,-18.96,-14.15,
2020-01-12,-7.94,-12.64,-5.58,
2020-01-14,-22.21,-24.74,-17.59,
2020-01-15,-23.04,-30.45,-22.11,
2020-01-16,-23.14,-30.32,-21.64,
2020-01-17,-12.4,-19.89,-5.35,
2020-01-18,-19.61,-22.11,-16.99,
2020-01-19,-20.58,-26.27,-16.27,
2020-01-20,-14.58,-19.95,-5.95,
2020-01-21,-3.8,-13.96,6.13,
2020-01-22,-2.14,-10.96,4.56,
2020-01-23,-5.34,-6.44,-4.76,
2020-01-24,-6.24,-7.13,-3.77,
2020-01-25,-1.28,-8.47,6.72,
2020-01-26,0.87,-0.71,2.61,
2020-01-27,-2.8,-4.02,0.07,
2020-01-28,-1.54,-7.17,4.57,
2020-01-29,-6.11,-11.66,-2.43,
2020-01-30,-5.68,-10.65,-0.4,
2020-01-31,-4.8,-15.67,2.93,
2020-02-01,4.77,-2.22,11.9,
2020-02-02,1.97,-1.61,7.37,
2020-02-03,-6.29,-10.16,-0.12,
2020-02-04,-4.97,-12.2,-1.1,
2020-02-05,-5.17,-11.28,5.5,
2020-02-06,-7.13,-13.46,-2.3,
2020-02-07,-10.44,-17.87,-5.64,
2020-02-08,-4.15,-9.29,2.69,
2020-02-09,-5.21,-9.0,1.48,
2020-02-10,-3.08,-7.68,-1.04,
2020-02-11,-2.43,-10.14,3.84,
2020-02-12,-16.61,-27.34,-2.92,
2020-02-13,-22.39,-30.89,-15.12,
2020-02-14,-5.57,-16.99,7.63,
2020-02-15,-2.06,-7.53,-0.15,
2020-02-16,-4.83,-7.61,-1.66,
2020-02-17,-4.94,-13.13,-1.06,
2020-02-18,-13.68,-23.59,-9.81,
2020-02-19,-18.0,-28.9,-9.83,
2020-02-20,-7.31,-18.35,2.48,
2020-02-21,-0.95,-4.21,9.28,
2020-02-22,1.76,-4.9,10.26,
2020-02-23,1.61,-2.93,5.32,
2020-02-24,-2.31,-2.74,1.22,
2020-02-25,-5.36,-9.9,-0.29,
2020-02-26,-8.62,-14.18,0.69,
2020-02-27,0.11,-5.71,5.88,
2020-02-28,1.66,-3.76,8.06,
2020-02-29,3.17,-2.82,14.95,
2020-03-01,-0.11,-5.04,2.38,
2020-03-02,-0.27,-9.34,8.15,
2020-03-03,0.22,-3.9,5.62,
2020-03-04,2.11,-2.56,13.03,
2020-03-05,-0.18,-4.8,4.51,
2020-03-06,4.05,-2.57,13.14,
2020-03-07,4.92,-3.44,18.43,
2020-03-09,-2.75,-7.7,4.25,
2020-03-10,2.08,-7.05,7.55,
2020-03-11,5.2,-3.23,11.95,
2020-03-12,-1.38,-7.6,3.88,
2020-03-13,-3.96,-7.86,-1.1,
2020-03-14,-4.05,-6.7,-2.48,
2020-03-15,-2.88,-5.08,0.98,
2020-03-16,-3.98,-7.0,-1.99,
2020-03-17,-2.9,-15.19,5.95,
2020-03-18,-1.69,-3.06,0.52,
2020-03-20,-10.16,-18.18,-2.44,
2020-03-21,-3.29,-6.13,7.34,
2020-03-22,-2.81,-10.17,6.78,
2020-03-24,8.15,0.35,16.52,
2020-03-25,-0.89,-5.18,1.78,
2020-03-26,2.4,-4.99,10.36,
2020-03-27,4.25,-1.97,13.09,
2020-03-28,2.85,-7.23,12.9,
2020-03-29,6.72,-5.45,16.51,
2020-03-30,9.87,-1.77,18.51,
2020-03-31,8.59,3.22,17.67,
2020-04-01,-1.17,-11.08,1.37,
2020-04-02,-10.4,-13.0,-8.99,
2020-04-03,-8.06,-15.23,-3.42,
2020-04-04,-3.61,-12.54,4.98,
2020-04-05,0.04,-5.4,5.9,
2020-04-06,6.24,-6.06,19.03,
2020-04-07,7.87,-3.36,16.1,
2020-04-08,2.47,-0.96,6.11,
2020-04-09,-2.67,-6.79,3.42,
2020-04-10,3.83,-2.97,12.43,
2020-04-11,0.61,-1.53,1.11,
2020-04-12,-4.65,-9.69,1.61,
2020-04-13,-6.28,-14.25,-3.96,
2020-04-14,-8.29,-14.44,-1.24,
2020-04-15,-3.82,-7.08,4.02,
2020-04-16,-2.53,-10.06,5.61,
2020-04-17,3.16,-10.04,15.63,
2020-04-18,9.1,0.79,14.26,
2020-04-19,2.98,-9.2,14.19,
2020-04-20,8.8,1.2,17.12,
2020-04-21,11.87,-2.09,23.52,
2020-04-22,14.72,2.32,24.15,
2020-04-23,8.37,0.69,15.62,
2020-04-24,6.18,-2.69,16.94,
2020-04-25,7.86,1.44,15.25,
2020-04-26,10.4,-1.89,19.39,
2020-04-27,10.06,-2.25,21.26,
2020-04-28,9.95,5.77,17.74,
2020-04-29,10.93,-1.05,18.45,
2020-04-30,16.66,5.59,27.45,
2020-05-01,16.69,10.68,17.28,
2020-05-02,11.22,0.74,20.56,
2020-05-03,8.61,-0.71,18.38,
2020-05-04,8.35,3.85,13.65,
2020-05-05,5.06,-2.35,13.22,
2020-05-06,8.38,-4.58,18.22,
2020-05-07,7.52,0.84,13.79,
2020-05-08,7.43,-7.83,18.01,
2020-05-09,5.49,0.23,9.57,
2020-05-10,1.31,-4.57,6.86,
2020-05-11,0.57,-9.04,8.86,
2020-05-12,3.66,-6.17,8.48,
2020-05-13,6.79,4.19,12.53,
2020-05-14,10.37,3.75,18.85,
2020-05-15,8.09,0.23,18.73,
2020-05-16,11.24,1.05,18.5,
2020-05-17,11.54,-1.06,21.01,
2020-05-18,12.21,9.52,19.88,
2020-05-19,19.2,12.4,24.6,
2020-05-20,18.94,11.59,26.19,
2020-05-21,19.65,11.92,27.52,
2020-05-22,16.96,9.2,28.15,
2020-05-23,16.4,12.09,24.54,
2020-05-24,12.37,11.36,10.89,
2020-05-25,11.37,9.03,15.89,
2020-05-26,13.15,1.78,24.97,
2020-05-27,15.68,9.34,23.08,
2020-05-28,14.16,5.94,22.36,
2020-05-29,11.27,-0.85,19.77,
2020-05-30,12.02,2.83,21.15,
2020-05-31,18.05,10.17,26.86,
2020-06-01,21.03,13.42,27.73,
2020-06-02,18.36,7.81,26.29,
2020-06-03,16.99,4.32,26.8,
2020-06-04,16.54,9.36,26.92,
2020-06-06,17.23,14.87,23.89,
2020-06-07,21.14,14.81,28.28,
2020-06-08,16.78,15.7,21.68,
2020-06-09,14.52,9.88,20.67,
2020-06-10,12.62,6.58,21.29,
2020-06-11,16.25,6.54,28.94,
2020-06-12,18.93,7.44,28.69,
2020-06-13,20.44,12.09,30.52,
2020-06-14,22.47,17.04,32.11,
2020-06-15,16.83,13.59,25.35,
2020-06-16,22.48,10.58,33.99,
2020-06-17,20.13,9.58,25.55,
2020-06-18,15.23,6.35,20.59,
2020-06-19,12.27,1.74,24.08,
2020-06-20,16.4,8.74,22.75,
2020-06-21,14.16,7.5,21.83,
2020-06-26,21.16,11.11,29.97,
2020-06-27,24.69,13.58,35.62,
2020-06-28,25.51,17.03,30.05,
2020-06-29,25.62,14.78,33.14,
2020-06-30,20.48,14.8,19.43,
2020-07-01,19.55,12.01,27.27,
2020-07-02,23.07,16.87,31.11,
2020-07-03,23.37,14.4,29.84,
2020-07-04,24.12,17.44,31.12,
2020-07-05,21.73,19.2,29.05,
2020-07-06,20.16,15.33,26.4,
2020-07-07,20.91,12.61,27.1,
2020-07-09,19.54,11.18,25.54,
2020-07-10,18.92,8.95,26.29,
2020-07-11,18.68,12.64,24.99,
2020-07-12,20.92,9.44,30.7,
2020-07-13,22.34,12.33,26.48,
2020-07-14,17.09,5.7,24.22,
2020-07-15,19.8,11.62,27.75,
2020-07-16,21.07,9.55,29.06,
2020-07-17,24.31,15.74,36.69,
2020-07-18,20.16,12.5,27.74,
2020-07-19,19.44,9.72,25.65,
2020-07-20,16.15,7.82,21.45,
2020-07-21,18.63,9.12,25.17,
2020-07-22,19.48,14.47,30.07,
2020-07-23,24.61,18.72,31.99,
2020-07-24,23.39,16.59,33.69,
2020-07-25,22.24,14.93,30.99,
2020-07-26,19.66,7.6,27.85,
2020-12-17,-5.45,-14.93,4.93,
2020-12-18,-7.93,-14.62,-0.12,
2020-12-19,-3.92,-12.92,9.36,
2020-12-20,2.25,-8.33,10.53,
2020-12-21,1.09,-4.81,6.45,
2020-12-22,1.17,-6.85,11.08,
2020-12-23,-11.53,-17.73,-10.3,
2020-12-24,-12.79,-21.28,-3.62,
2020-12-25,-6.36,-12.98,5.13,
2020-12-26,-5.69,-15.26,4.19,
2020-12-27,-6.67,-11.2,-3.9,
2020-12-28,-9.36,-13.85,-4.13,
2020-12-29,-6.81,-13.69,-1.67,
2020-12-30,-8.16,-8.22,-4.91,
2020-12-31,-3.04,-13.39,6.53,
2021-01-01,-5.18,-14.64,6.6,
2021-01-02,-2.51,-6.87,7.17,0.0
2021-01-03,2.79,-6.17,9.47,0.0
2021-01-04,-0.24,-7.46,6.98,0.0
2021-01-05,-1.25,-7.53,5.16,0.0
2021-01-06,-2.49,-11.05,5.26,0.0
2021-01-07,-1.18,-3.69,1.93,0.0
2021-01-08,-1.87,-4.36,0.8,0.0
2021-01-09,-1.01,-3.74,-0.3,0.0
2021-01-10,-2.83,-2.95,4.54,0.0
2021-01-11,-0.01,-7.18,7.17,0.0
2021-01-12,2.64,-0.63,11.41,0.0
2021-01-13,3.97,-4.66,10.37,0.0
2021-01-14,0.09,-1.75,2.78,0.0
2021-01-15,-5.78,-11.82,-3.85,0.0
2021-01-16,-3.84,-12.96,6.22,0.0
2021-01-17,-2.88,-8.76,1.88,2.09
2021-01-18,-2.78,-3.11,0.36,2.96
2021-01-19,-6.5,-9.66,0.02,1.5
2021-01-20,1.11,-0.48,3.02,0.0
2021-01-21,-4.63,-8.09,-0.46,0.0
2021-01-22,-10.21,-16.57,-0.26,0.0
2021-01-23,-8.67,-17.66,1.22,0.0
2021-01-24,-11.4,-20.68,-6.4,0.0
2021-01-25,-11.58,-15.55,-7.12,0.0
2021-01-26,-15.76,-18.44,-13.73,0.0
2021-01-27,-12.72,-16.97,-9.5,0.0
2021-01-28,-12.73,-13.24,-8.13,0.0
2021-01-29,-8.77,-12.97,-6.32,0.0
2021-01-30,-5.06,-9.73,-3.87,0.0
2021-01-31,-5.94,-11.56,-1.43,0.0
2021-02-01,-4.74,-15.97,8.06,0.0
2021-02-02,-2.8,-5.22,7.35,0.0
2021-02-03,-6.1,-11.55,-3.27,1.54
2021-02-04,-12.53,-16.23,-9.59,0.0
2021-02-05,-16.67,-21.0,-11.67,0.0
2021-02-06,-22.76,-28.04,-18.04,0.0
2021-02-07,-25.22,-32.55,-20.74,1.66
2021-02-08,-26.07,-32.58,-17.26,0.0
2021-02-09,-22.68,-25.57,-14.83,0.0
2021-02-10,-24.63,-28.53,-15.48,0.0
2021-02-11,-25.46,-32.56,-24.61,0.0
2021-02-12,-27.46,-34.86,-18.51,0.0
2021-02-13,-30.93,-35.68,-23.0,0.0
2021-02-14,-29.5,-37.55,-17.38,0.0
2021-02-15,-24.54,-32.02,-14.16,0.0
2021-02-16,-18.93,-25.3,-14.17,0.0
2021-02-17,-15.09,-25.34,-9.66,0.0
2021-02-18,-14.58,-18.24,-8.12,0.0
2021-02-19,-11.9,-27.29,0.97,0.0
2021-02-20,-3.94,-12.64,9.61,0.0
2021-02-21,-2.82,-12.8,7.14,0.0
2021-02-22,5.08,-3.27,11.76,1.5
2021-02-23,0.5,-2.5,8.82,3.1
2021-02-24,-2.88,-9.44,2.7,0.85
2021-02-25,-1.69,-9.17,8.05,0.0
2021-02-26,0.86,-3.4,8.73,0.0
2021-02-27,-8.27,-14.08,-4.96,0.0
2021-02-28,-7.1,-18.9,3.7,0.0
2021-03-01,-2.51,-8.73,8.76,0.0
2021-03-02,3.87,-3.24,15.47,0.0
2021-03-03,2.41,-6.97,15.88,0.0
2021-03-04,2.38,-10.66,17.64,0.0
2021-03-05,0.89,-8.93,12.15,0.0
2021-03-06,7.72,-1.69,16.68,0.0
2021-03-07,5.98,-5.02,12.36,0.0
2021-03-08,3.26,-9.54,15.58,0.0
2021-03-09,0.88,0.69,10.72,0.0
2021-03-10,-1.41,-4.24,3.63,0.0
2021-03-11,-6.14,-12.3,2.28,0.0
2021-03-12,0.12,-14.45,12.16,0.0
2021-03-13,3.42,-7.77,16.94,0.0
2021-03-15,-1.54,-1.95,1.66,0.0
2021-03-16,0.87,-1.59,5.15,0.0
2021-03-17,-0.86,-8.42,4.36,1.03
2021-03-18,-2.33,-14.71,7.89,0.0
2021-03-19,4.68,-4.89,15.42,0.0
2021-03-20,5.25,-6.36,19.55,0.0
2021-03-21,6.84,-5.42,14.14,4.04
2021-03-22,1.86,-12.2,14.89,0.0
2021-03-23,6.49,-0.75,10.03,4.55
2021-03-24,-0.3,-2.22,6.99,0.0
2021-03-25,3.96,-3.32,12.06,0.0
2021-03-26,2.42,-1.48,7.94,0.0
2021-03-27,-2.31,-5.67,3.03,0.25
2021-03-28,4.06,-10.81,16.96,0.0
2021-03-29,6.37,-5.08,14.94,0.0
2021-03-30,-6.91,-15.21,-0.63,0.0
2021-03-31,-6.25,-16.48,7.25,0.0
2021-04-01,2.04,-7.38,17.94,0.0
2021-04-02,10.38,-1.69,20.4,0.0
2021-04-03,10.78,-4.16,23.12,0.0
2021-04-04,9.86,-3.63,25.28,0.0
2021-04-05,5.55,-1.51,15.89,0.0
2021-04-06,4.91,-5.08,11.42,0.0
2021-04-07,5.36,-8.57,16.93,0.0
2021-04-08,5.83,-8.56,20.37,0.0
2021-04-09,5.64,-5.75,12.33,2.31
2021-04-10,7.24,-9.62,20.3,0.0
2021-04-11,4.72,3.49,6.72,7.6
2021-04-12,-0.28,-3.98,1.81,6.66
2021-04-13,-5.72,-4.61,-2.71,0.85
2021-04-14,-2.83,-5.04,-0.05,0.0
2021-04-15,1.65,0.2,7.2,0.0
2021-04-16,0.29,-3.62,2.6,1.17
2021-04-17,1.28,-6.27,11.53,0.0
2021-04-18,2.61,1.21,7.82,0.88
2021-04-19,-1.6,-5.73,2.79,0.9
2021-04-20,-3.05,-5.91,-0.3,0.16
2021-04-21,0.74,-13.86,13.15,0.0
2021-04-22,4.92,-5.55,16.48,0.0
2021-04-23,-1.5,-6.01,3.5,0.0
2021-04-24,-1.18,-11.48,10.92,0.0
2021-04-25,4.6,-0.45,5.6,0.99
2021-04-26,3.85,1.88,9.98,3.23
2021-04-27,9.28,1.88,17.04,0.0
2021-04-28,13.65,3.41,21.23,0.0
2021-04-29,10.17,-5.65,21.37,0.0
2021-04-30,12.67,1.42,29.17,0.0
2021-05-01,15.67,2.86,26.94,0.0
2021-05-02,10.21,4.08,15.23,4.34
2021-05-03,7.84,1.0,13.84,2.12
2021-05-04,4.95,-6.05,16.71,0.0
2021-05-05,6.13,3.07,11.01,3.26
2021-05-06,8.89,-5.41,19.42,0.0
2021-05-07,5.94,-4.69,16.92,0.71
2021-05-08,3.44,1.59,9.16,17.22
2021-05-09,6.44,2.33,10.84,1.49
2021-05-10,7.27,-4.34,13.31,0.0
2021-05-11,6.64,-3.18,16.86,0.0
2021-05-12,11.41,1.6,18.85,0.93
2021-05-13,12.75,-1.27,19.45,0.67
2021-05-14,12.62,1.53,22.21,0.44
2021-05-15,15.15,0.62,23.67,0.0
2021-05-16,17.28,9.36,25.47,0.0
2021-05-17,17.63,8.33,25.4,0.0
2021-05-18,19.27,13.69,24.05,0.47
2021-05-19,17.0,12.07,23.9,0.0
2021-05-20,19.79,12.71,29.13,0.0
2021-05-21,13.19,6.62,21.15,6.18
2021-05-22,7.94,3.94,8.69,14.92
2021-05-23,10.79,5.74,17.58,16.31
2021-05-24,17.95,10.2,23.31,6.08
2021-05-25,12.59,10.27,15.76,2.48
2021-05-26,7.28,5.06,8.97,2.77
2021-05-27,3.95,0.49,9.65,8.89
2021-05-28,7.24,2.67,14.31,0.0
2021-05-29,14.96,7.98,21.48,2.09
2021-05-30,15.56,3.33,23.27,0.07
2021-05-31,13.26,1.05,25.43,0.0
2021-06-01,17.72,10.17,23.79,2.03
2021-06-02,20.2,6.8,28.91,0.0
2021-06-03,24.57,13.09,34.63,0.0
2021-06-04,25.47,16.18,36.0,0.0
2021-06-05,24.89,18.44,33.23,0.0
2021-06-06,19.23,10.36,23.53,0.0
2021-06-07,19.37,7.22,31.96,0.0
2021-06-08,23.11,16.87,28.77,1.92
2021-06-09,21.55,17.34,27.5,0.0
2021-06-10,26.93,16.32,34.56,0.0
2021-06-11,19.07,10.96,27.7,0.0
2021-06-12,18.65,6.56,24.85,0.0
2021-06-13,21.96,10.24,25.1,0.0
2021-06-14,20.74,7.86,31.7,0.0
2021-06-15,24.52,11.37,32.36,0.0
2021-06-16,22.77,14.04,29.86,0.0
2021-06-17,19.7,8.39,29.18,0.0
2021-06-18,18.21,6.67,27.03,0.0
2021-06-19,17.86,5.22,27.93,0.0
2021-06-20,17.4,11.74,20.27,4.19
2021-06-21,12.21,3.24,22.51,0.0
2021-06-22,18.78,5.78,29.46,0.0
2021-06-23,23.24,14.3,34.18,0.0
2021-06-24,21.82,8.52,28.44,0.0
2021-06-25,17.09,14.07,19.34,13.78
2021-06-26,15.75,9.96,22.47,1.23
2021-06-27,19.28,9.97,25.37,1.92
2021-06-28,19.1,9.91,25.62,0.0
2021-06-29,17.72,7.1,29.16,0.0
2021-06-30,24.5,10.41,32.5,0.0
2021-07-01,24.01,13.59,34.91,0.0
2021-07-02,27.58,18.03,32.36,0.0
2021-07-03,28.83,21.84,36.96,0.0
2021-07-04,26.35,17.68,32.99,0.0
2021-07-05,22.73,14.92,34.38,4.47
2021-07-06,16.14,13.1,19.51,6.8
2021-07-07,18.8,11.63,23.72,0.0
2021-07-08,19.96,15.07,26.62,5.61
2021-07-09,19.47,17.81,26.09,3.45
2021-07-10,21.1,14.76,28.16,0.33
2021-07-11,22.7,13.09,30.66,0.0
2021-07-12,24.4,16.64,28.24,1.82
2021-07-13,18.71,11.29,26.08,0.0
2021-07-14,20.32,16.44,28.84,2.47
2021-07-15,21.24,12.51,29.66,0.0
2021-07-16,25.73,16.26,32.27,0.89
2021-07-17,26.75,18.75,31.7,1.06
2021-07-18,26.64,16.29,36.85,0.0
2021-07-19,27.45,20.0,37.37,0.0
2021-07-20,27.08,14.02,32.0,0.0
2021-07-21,25.43,19.86,31.61,0.0
2021-07-22,24.48,14.56,34.7,0.0
2021-07-23,23.64,14.77,34.22,0.0
2021-07-24,21.02,7.37,29.59,0.0
2021-07-25,21.52,10.71,35.03,0.0
2021-07-26,23.01,12.99,37.32,0.0
2021-07-27,23.3,13.01,34.34,0.0
2021-07-28,22.08,17.63,28.88,0.0
2021-07-29,19.85,12.24,26.04,1.88
2021-07-30,20.73,13.68,30.29,0.0
2021-07-31,21.52,13.53,30.92,0.0
2021-08-01,20.51,7.5,31.85,0.0
2021-08-02,20.06,9.82,30.06,0.0
2021-08-03,24.21,12.32,31.69,0.0
2021-08-04,24.7,19.08,32.94,6.16
2021-08-05,19.73,12.41,30.59,0.0
2021-08-06,19.72,15.01,26.63,0.62
2021-08-07,18.78,12.98,26.57,7.91
2021-08-08,24.56,14.03,36.27,0.0
2021-08-09,20.69,13.82,28.19,0.0
2021-08-10,21.3,9.99,29.6,0.0
2021-08-11,19.02,4.75,31.21,0.0
2021-08-12,19.7,9.69,25.11,0.0
2021-08-13,16.01,5.03,32.52,0.0
2021-08-14,23.87,12.03,33.81,0.0
2021-08-15,23.43,12.2,38.38,0.0
2021-08-16,25.78,11.78,40.2,0.0
2021-08-17,29.39,17.89,37.35,0.0
2021-08-18,27.15,17.0,32.77,0.0
2021-08-19,19.61,11.33,22.96,0.0
2021-08-20,15.48,9.24,19.45,25.2
2021-08-21,15.81,8.22,22.32,0.0
2021-08-22,18.81,14.61,23.71,1.28
2021-08-23,19.69,9.7,29.05,0.0
2021-08-24,17.43,10.57,23.44,0.06
2021-08-25,12.75,5.22,21.91,0.45
2021-08-26,15.75,13.09,17.44,3.38
2021-08-27,18.71,13.01,23.27,21.33
2021-08-28,15.67,9.46,24.68,0.0
2021-08-29,19.39,9.32,26.31,0.0
2021-08-30,19.33,11.95,28.38,8.32
2021-08-31,20.92,10.36,26.89,0.0
2021-09-01,20.31,17.35,22.97,0.0
2021-09-02,19.38,10.86,25.57,2.23
2021-09-03,15.19,8.35,17.17,0.48
2021-09-04,17.29,4.95,24.49,0.0
2021-09-05,17.69,4.58,30.26,0.0
2021-09-06,21.18,8.24,33.45,0.0
2021-09-07,18.72,8.14,26.17,0.0
2021-09-08,12.32,4.09,25.5,0.0
2021-09-09,15.74,3.8,30.62,0.0
2021-09-10,17.96,8.72,30.29,0.0
2021-09-11,15.24,6.13,20.38,0.0
2021-09-12,13.08,3.76,25.86,0.91
2021-09-13,15.67,8.29,25.92,1.41
2021-09-14,13.88,5.92,22.33,0.0
2021-09-15,17.06,6.52,30.84,0.0
2021-09-16,15.18,8.73,21.63,0.0
2021-09-17,13.89,4.3,20.65,0.0
2021-09-18,20.09,8.48,31.88,0.0
2021-09-19,23.35,11.55,24.92,0.0
2021-09-20,14.02,10.32,18.76,2.38
2021-09-21,10.98,-0.07,22.53,0.0
2021-09-22,14.14,4.38,26.34,0.0
2021-09-23,14.79,3.91,26.36,0.0
2021-09-24,10.9,-1.05,18.31,0.0
2021-09-25,13.99,-1.77,27.86,0.0
2021-09-26,18.69,6.58,29.53,0.0
2021-09-27,17.78,3.14,33.91,0.0
2021-09-28,20.84,5.74,36.73,0.0
2021-09-29,17.13,11.51,25.98,3.18
2021-09-30,12.75,6.54,24.01,0.0
2021-10-01,13.97,4.81,25.5,0.0
2021-10-02,11.76,-0.35,23.48,0.0
2021-10-03,13.81,-0.33,28.64,0.0
2021-10-04,13.92,0.59,28.02,0.0
2021-10-05,21.97,7.82,34.03,0.0
2021-10-06,19.38,9.45,29.03,0.0
2021-10-07,16.43,12.72,22.69,0.0
2021-10-08,13.09,6.23,19.86,1.34
2021-10-09,11.81,6.7,10.87,21.58
2021-10-10,12.96,7.11,21.04,0.9
2021-10-11,9.1,6.67,13.69,0.0
2021-10-12,8.06,3.18,10.84,1.52
2021-10-13,5.29,2.17,6.44,38.34
2021-10-14,5.55,0.04,9.01,0.0
2021-10-15,6.71,-0.42,13.84,0.0
2021-10-16,6.06,0.84,18.24,0.0
2021-10-17,10.04,2.48,23.86,0.0
2021-10-18,8.34,-0.28,22.21,0.0
2021-10-19,6.55,5.92,10.61,0.0
2021-10-20,2.23,-3.83,5.25,0.0
2021-10-21,-2.23,-10.31,9.56,0.0
2021-10-22,5.87,0.47,10.72,0.0
2021-10-23,5.15,-2.27,10.54,0.0
2021-10-24,4.57,3.82,4.71,10.59
2021-10-25,4.09,2.21,8.08,0.0
2021-10-26,8.5,7.78,8.32,2.3
2021-10-27,7.46,0.55,16.27,0.0
2021-10-28,5.77,-1.92,14.92,0.0
2021-10-29,9.91,-2.85,21.7,0.0
2021-10-30,7.28,2.4,8.85,0.0
2021-10-31,-2.25,-6.86,4.51,0.0
2021-11-01,-2.58,-11.5,4.29,0.0
2021-11-02,-3.49,-10.51,4.22,0.0
2021-11-03,1.11,-8.99,12.6,0.0
2021-11-04,3.46,-6.44,16.86,0.0
2021-11-05,7.27,0.21,17.12,0.0
2021-11-06,7.51,-1.11,18.85,0.0
2021-11-07,6.17,-1.83,13.67,0.0
2021-11-08,2.95,-3.04,11.92,0.0
2021-11-09,2.38,-9.14,10.34,0.0
2021-11-10,6.46,1.83,8.86,0.81
2021-11-11,0.44,-4.57,3.08,3.69
2021-11-12,-5.62,-8.12,-3.79,0.0
2021-11-13,-1.21,-5.54,10.86,1.92
2021-11-14,1.98,-3.83,8.82,1.73
2021-11-15,6.87,2.36,10.58,2.28
2021-11-16,7.88,0.65,10.33,0.0
2021-11-17,-3.99,-7.55,0.43,0.0
2021-11-18,-6.68,-13.35,1.47,0.0
2021-11-19,0.48,-6.14,9.8,0.0
2021-11-20,1.21,-6.78,7.1,0.0
2021-11-21,-6.86,-7.95,1.68,0.0
2021-11-22,0.04,-9.59,9.12,0.0
2021-11-23,1.77,-7.46,11.36,0.0
2021-11-24,-5.68,-14.66,-0.76,0.7
2021-11-25,-6.35,-16.36,1.55,0.0
2021-11-26,6.94,-0.63,14.07,0.0
2021-11-27,1.55,-8.31,7.0,0.0
2021-11-28,-0.71,-9.19,9.99,0.0
2021-11-29,6.68,-3.21,9.19,0.0
2021-11-30,1.72,-3.3,5.8,0.0
2021-12-01,8.45,-1.98,19.17,0.0
2021-12-02,1.36,-4.71,8.45,0.0
2021-12-03,-1.48,-7.52,4.4,0.0
2021-12-04,-4.67,-7.04,-0.83,4.46
2021-12-05,-6.24,-17.1,-0.73,0.0
2021-12-06,-13.44,-21.5,-9.74,0.0
2021-12-07,-8.8,-13.16,-7.79,0.21
2021-12-08,-7.62,-16.81,1.06,0.0
2021-12-09,-1.45,-7.03,2.92,0.0
2021-12-10,-5.16,-10.68,4.5,0.0
2021-12-11,-4.1,-9.41,4.55,0.0
2021-12-12,0.3,-6.08,10.48,0.0
2021-12-13,-3.38,-10.53,2.26,0.0
2021-12-14,-1.49,-10.36,4.32,0.0
2021-12-15,-8.99,-13.42,-3.36,1.15
2021-12-16,-13.76,-16.53,-8.12,0.0
2021-12-17,-14.1,-16.05,-10.67,1.68
2021-12-18,-18.43,-26.13,-7.95,0.0
2021-12-19,-4.03,-8.67,5.66,0.0
2021-12-20,-9.16,-13.25,-6.7,0.0
2021-12-21,-8.49,-12.1,-5.42,0.84
2021-12-22,-6.07,-11.63,3.46,0.0
2021-12-23,1.08,-6.31,9.91,0.94
2021-12-24,-5.14,-10.78,6.13,0.0
2021-12-25,-14.37,-14.52,-8.92,5.1
2021-12-26,-13.24,-13.63,-9.92,1.99
2021-12-27,-21.69,-23.99,-10.75,1.86
2021-12-28,-24.52,-29.38,-18.15,0.0
2021-12-29,-21.81,-28.18,-18.61,0.55
2021-12-30,-16.94,-21.58,-13.74,0.0
2021-12-31,-26.77,-29.76,-24.33,0.0
2022-01-01,-25.31,-33.23,-20.14,0.0
2022-01-02,-12.04,-25.64,-2.14,0.0
2022-01-03,-10.09,-16.47,-6.4,0.0
2022-01-04,-15.43,-19.79,-9.63,1.84
2022-01-05,-21.81,-28.0,-20.43,0.0
2022-01-06,-27.94,-30.89,-23.01,0.0
2022-01-07,-17.62,-24.75,-12.11,1.0
2022-01-08,-13.63,-20.33,-3.64,0.0
2022-01-09,-20.95,-27.04,-15.51,0.0
2022-01-10,-14.92,-22.1,-6.65,0.0
2022-01-11,1.51,-12.27,5.75,0.0
2022-01-12,2.9,-1.14,5.97,0.0
2022-01-13,-4.32,-7.28,-0.32,0.52
2022-01-14,-5.29,-9.59,-0.1,0.48
2022-01-15,-3.04,-6.05,2.28,0.0
2022-01-16,0.22,-5.08,4.59,0.0
2022-01-17,0.02,-6.55,6.17,0.0
2022-01-18,-5.64,-16.65,3.89,0.0
2022-01-19,-21.39,-23.31,-16.22,0.0
2022-01-20,-16.22,-26.69,-6.29,0.0
2022-01-21,-2.79,-11.16,1.77,3.55
2022-01-22,-6.99,-11.62,3.39,2.18
2022-01-23,-1.52,-12.02,7.29,1.88
2022-01-24,-10.36,-18.99,-0.23,3.75
2022-01-25,-17.48,-21.82,-12.33,0.0
2022-01-26,-1.64,-10.87,2.97,0.68
2022-01-27,-6.49,-7.74,-1.57,0.44
2022-01-28,-2.03,-6.93,2.04,0.0
2022-01-29,-1.54,-7.83,4.52,0.0
2022-01-30,-2.46,-9.19,8.2,0.0
2022-01-31,-0.34,-7.13,5.25,3.67
2022-02-01,-15.63,-19.27,-12.2,0.0
2022-02-02,-19.79,-23.74,-15.32,0.0
2022-02-03,-13.47,-23.31,-6.06,0.0
2022-02-04,-16.59,-23.21,-11.29,0.0
2022-02-05,-0.88,-6.53,6.79,0.0
2022-02-06,-2.43,-6.83,2.33,0.0
2022-02-07,3.21,-1.79,11.87,0.0
2022-02-08,3.73,2.09,4.9,0.0
2022-02-09,-0.58,-6.42,2.26,0.0
2022-02-10,4.43,-6.37,11.77,1.03
2022-02-11,-10.38,-14.81,2.72,0.0
2022-02-12,-8.59,-12.79,-4.75,0.0
2022-02-13,-6.3,-19.04,7.74,1.06
2022-02-14,-12.04,-17.54,-5.18,0.0
2022-02-15,-5.73,-12.34,-0.46,0.0
2022-02-16,-10.28,-14.15,-4.07,0.0
2022-02-17,-6.72,-15.07,2.25,0.0
2022-02-18,-7.34,-17.34,1.77,0.0
2022-02-19,-2.65,-16.82,15.17,0.0
2022-02-20,-7.15,-19.22,8.75,0.8
2022-02-21,-22.81,-25.24,-19.2,5.69
2022-02-22,-24.05,-30.24,-21.3,0.0
2022-02-23,-23.81,-33.02,-17.49,0.0
2022-02-24,-22.6,-32.55,-12.11,0.0
2022-02-25,-18.09,-25.65,-8.44,0.0
2022-02-26,-10.42,-13.14,-2.41,0.0
2022-02-27,-0.67,-9.53,6.3,0.0
2022-02-28,3.85,-1.73,7.17,0.93
2022-03-01,-0.43,-2.24,-0.09,0.0
2022-03-02,-4.33,-8.14,-2.2,0.0
2022-03-03,-9.21,-11.59,-6.22,2.13
2022-03-04,-5.34,-11.02,-4.7,0.0
2022-03-05,-7.15,-11.75,-3.54,1.09
2022-03-06,-10.24,-16.71,-5.14,0.0
2022-03-07,-5.16,-16.3,4.02,0.0
2022-03-08,-5.3,-13.28,0.69,0.0
2022-03-09,-11.58,-18.07,-10.15,0.0
2022-03-10,-10.93,-19.63,-0.93,0.0
2022-03-11,-15.07,-20.17,-11.01,0.0
2022-03-12,-2.58,-14.22,10.46,0.0
2022-03-14,2.54,-2.2,11.75,1.17
2022-03-15,7.44,-1.48,18.85,0.0
2022-03-16,6.17,-2.81,12.62,0.0
2022-03-17,2.92,-3.52,13.56,0.32
2022-03-18,5.96,-8.43,16.24,0.0
2022-03-19,4.86,-7.37,13.72,0.0
2022-03-20,7.76,-1.65,16.18,0.0
2022-03-21,1.9,-3.68,9.35,0.21
2022-03-22,1.77,-9.23,8.38,0.0
2022-03-23,2.68,-5.96,11.46,0.0
2022-03-24,5.48,-7.07,17.92,1.9
2022-03-25,3.2,-2.7,5.98,0.0
2022-03-26,-6.35,-11.56,2.15,0.0
2022-03-27,-1.73,-11.3,4.32,0.0
2022-03-28,4.72,-3.51,13.09,0.0
2022-03-29,0.44,-1.6,6.17,0.63
2022-03-30,-4.68,-8.13,2.89,0.67
2022-03-31,-1.8,-10.7,12.88,0.0
2022-04-01,1.58,-7.76,10.85,0.0
2022-04-02,0.19,-10.26,12.14,0.0
2022-04-03,3.02,-0.37,5.51,14.37
2022-04-04,4.95,-1.47,14.06,0.0
2022-04-05,4.71,-3.13,9.27,1.11
2022-04-06,4.17,-1.72,7.79,0.51
2022-04-07,3.18,-1.93,7.23,0.0
2022-04-08,1.33,-8.41,12.35,0.0
2022-04-09,8.39,1.34,15.77,0.0
2022-04-10,0.53,-6.11,10.7,1.63
2022-04-11,5.32,-5.31,8.79,0.0
2022-04-12,-1.93,-5.15,-0.85,31.24
2022-04-13,-6.15,-8.48,-5.46,18.24
2022-04-14,-6.94,-8.07,-4.08,2.76
2022-04-15,-9.48,-15.26,-4.7,0.0
2022-04-16,-9.16,-17.14,-2.55,0.0
2022-04-17,-1.4,-6.18,-0.58,1.86
2022-04-18,-5.19,-12.62,2.85,0.0
2022-04-19,0.56,-1.61,7.37,0.0
2022-04-20,2.75,-2.54,10.77,0.0
2022-04-21,1.7,-1.34,5.62,2.64
2022-04-22,5.63,3.42,8.86,4.62
2022-04-23,-1.08,-0.94,1.68,56.26
2022-04-24,2.46,-0.96,2.46,22.78
2022-04-25,-0.86,-6.34,3.23,1.09
2022-04-26,0.58,-3.85,9.07,0.0
2022-04-27,2.86,-2.22,10.11,0.0
2022-04-28,7.26,0.88,15.44,2.53
2022-04-29,6.89,2.81,8.27,11.75
2022-04-30,7.4,2.46,11.17,1.12
2022-05-01,7.82,-2.41,14.01,0.0
2022-05-02,6.26,-5.9,13.02,0.0
2022-05-03,3.95,-2.13,9.5,0.0
2022-05-04,7.82,0.3,17.02,0.0
2022-05-05,12.46,-0.73,19.91,0.0
2022-05-06,13.01,7.64,23.13,4.29
2022-05-07,16.01,10.6,24.04,0.22
2022-05-08,10.85,1.82,19.63,1.53
2022-05-09,10.21,7.48,12.4,20.81
2022-05-10,11.44,2.76,18.49,0.0
2022-05-11,12.59,6.45,16.54,0.49
2022-05-12,10.92,9.98,14.37,19.44
2022-05-13,8.88,9.32,14.45,13.88
2022-05-14,9.95,5.23,16.44,0.0
2022-05-15,11.31,3.53,20.09,0.0
2022-05-16,13.89,3.06,21.18,0.0
2022-05-17,17.56,7.55,23.63,1.86
2022-05-18,13.27,5.81,19.94,0.0
2022-05-19,10.07,2.7,13.32,8.13
2022-05-20,4.65,3.57,5.85,2.89
2022-05-21,2.39,-0.77,7.95,0.0
2022-05-22,6.27,-2.31,15.48,0.0
2022-05-23,11.34,3.89,18.26,7.15
2022-05-24,11.7,4.57,18.07,0.31
2022-05-25,16.05,2.35,20.81,0.0
2022-05-26,15.29,9.3,24.53,0.0
2022-05-27,11.97,5.14,26.22,0.17
2022-05-28,17.7,7.06,22.04,9.99
2022-05-29,16.55,12.32,20.31,2.77
2022-05-30,12.87,8.21,13.83,1.5
2022-05-31,12.44,4.5,16.16,1.12
2022-06-01,15.33,1.92,19.27,0.0
2022-06-02,13.68,4.02,21.89,0.0
2022-06-03,14.68,-0.19,23.18,0.0
2022-06-04,14.55,4.99,23.08,0.0
2022-06-05,11.72,5.21,17.69,6.12
2022-06-06,9.78,8.49,14.39,0.0
2022-06-07,13.1,8.82,16.29,3.71
2022-06-08,14.47,10.59,21.32,4.18
2022-06-09,15.51,9.16,20.18,1.97
2022-06-10,18.95,11.02,26.1,0.0
2022-06-11,22.36,16.62,27.35,0.0
2022-06-12,17.58,13.53,28.12,10.97
2022-06-13,17.21,15.16,24.45,14.24
2022-06-14,16.21,13.07,19.38,7.65
2022-06-15,14.45,6.88,18.95,2.45
2022-06-16,19.74,12.26,26.09,0.0
2022-06-17,19.53,5.15,30.82,0.0
2022-06-18,24.37,19.74,36.67,0.0
2022-06-19,25.56,19.21,33.16,0.0
2022-06-20,19.28,13.67,26.07,8.49
2022-06-21,16.71,10.85,22.55,1.05
2022-06-22,19.7,12.0,27.95,0.0
2022-06-23,25.72,11.87,33.63,0.0
