2016-12-04,-0.81,-1.41,1.26,
2016-12-06,-1.22,-3.85,2.74,
2016-12-07,-6.01,-6.27,-5.03,
2016-12-08,-1.99,-6.2,-1.32,
2016-12-09,-9.03,-11.91,-6.84,
2016-12-10,-13.53,-17.74,-9.71,
2016-12-11,-7.84,-11.82,-5.26,
2016-12-13,-16.07,-18.22,-10.7,
2016-12-14,-13.76,-15.92,-11.43,
2016-12-15,-13.79,-17.62,-11.37,
2016-12-16,-12.64,-18.13,-7.61,
2016-12-17,-12.82,-19.13,-9.15,
2016-12-18,-17.58,-22.05,-18.15,
2016-12-20,0.14,-6.56,3.02,
2016-12-21,-0.62,-2.58,1.91,
2016-12-22,-0.64,-3.93,3.56,
2016-12-23,1.08,-1.75,3.27,
2016-12-24,2.16,-3.61,-0.09,
2016-12-25,-2.27,-3.55,2.49,
2016-12-27,-10.11,-12.89,-6.12,
2016-12-28,-4.94,-14.55,-0.93,
2016-12-29,-4.35,-6.78,-0.49,
2016-12-30,-7.49,-8.82,-3.93,
2017-01-01,-3.32,-8.29,-2.29,
2017-01-03,-6.01,-11.76,-0.99,
2017-01-04,-15.97,-18.19,-14.2,
2017-01-06,-17.04,-19.28,-14.78,
2017-01-07,-16.54,-16.9,-12.8,
2017-01-08,-14.51,-19.05,-9.93,
2017-01-10,-5.66,-14.62,-1.84,
2017-01-11,-14.89,-18.36,-13.47,
2017-01-12,-15.68,-17.84,-11.04,
2017-01-13,-16.89,-22.9,-14.04,
2017-01-14,-11.14,-18.13,-5.98,
2017-01-15,-8.34,-20.19,1.48,
2017-01-17,-4.86,-11.0,2.14,
2017-01-20,0.09,-2.32,3.44,
2017-01-21,-0.08,1.72,1.33,
2017-01-22,1.16,0.38,-0.3,
2017-01-23,0.64,-1.49,1.14,
2017-01-25,0.58,-1.59,-0.42,
2017-01-28,-3.74,-5.48,-1.6,
2017-01-31,-3.16,-7.79,0.1,
2017-02-01,-9.22,-12.63,-2.06,
2017-02-02,-12.98,-15.02,-11.77,
2017-02-03,-11.79,-15.31,-3.98,
2017-02-04,-8.56,-12.12,-1.17,
2017-02-05,-7.82,-9.86,-2.86,
2017-02-07,-5.0,-9.15,-1.75,
2017-02-08,-11.33,-13.26,-10.45,
2017-02-09,-12.83,-17.54,-9.23,
2017-02-10,-4.2,-8.18,2.13,
2017-02-11,-0.86,-3.69,0.44,
2017-02-12,-0.45,-4.22,2.43,
2017-02-14,-1.9,-6.28,1.69,
2017-02-15,-5.88,-9.14,-5.9,
2017-02-16,-3.13,-10.13,1.94,
2017-02-17,-0.12,-6.71,9.99,
2017-02-18,7.01,-1.39,13.07,
2017-02-19,2.29,0.26,7.5,
2017-02-21,5.11,2.72,14.84,
2017-02-22,2.77,-1.25,4.52,
2017-02-23,-2.15,-2.78,1.24,
2017-02-24,-6.04,-7.49,-1.76,
2017-02-25,-5.78,-9.77,-2.62,
2017-02-26,-4.07,-12.46,-1.11,
2017-03-01,-7.15,-13.73,-4.27,
2017-03-02,-10.4,-14.7,-6.16,
2017-03-03,-12.67,-18.91,-6.33,
2017-03-04,-3.1,-18.86,5.74,
2017-03-05,4.23,-1.16,7.78,
2017-03-07,4.38,-5.45,9.23,
2017-03-08,-6.94,-10.45,-1.85,
2017-03-09,-7.15,-11.33,-3.78,
2017-03-10,-13.68,-16.02,-10.55,
2017-03-14,-9.06,-17.15,-1.33,
2017-03-16,-3.03,-8.44,4.07,
2017-03-17,0.07,-1.03,2.03,
2017-03-18,-1.39,-5.03,2.79,
2017-03-21,-2.28,-5.42,4.7,
2017-03-23,1.63,-4.38,1.48,
2017-03-24,2.53,-0.46,3.08,
2017-03-25,-0.92,2.14,0.6,
2017-03-26,0.37,1.5,2.01,
2017-03-28,2.56,-6.34,13.33,
2017-03-29,1.74,-0.8,3.69,
2017-03-30,0.53,-1.02,6.77,
2017-03-31,2.45,-2.3,7.3,
2017-04-01,2.76,-1.95,12.79,
2017-04-02,7.07,-2.74,14.99,
2017-04-04,6.51,-0.89,12.64,
2017-04-05,3.32,-3.01,5.69,
2017-04-06,2.57,-3.5,6.15,
2017-04-07,2.68,-6.72,10.18,
2017-04-08,8.06,-2.14,21.92,
2017-04-09,7.43,4.03,13.26,
2017-04-11,0.38,-4.65,3.92,
2017-04-12,6.19,-6.72,12.25,
2017-04-13,5.63,-2.35,13.48,
2017-04-14,5.14,-2.93,14.72,
2017-04-16,5.01,0.6,7.34,
2017-04-18,4.19,0.3,10.24,
2017-04-19,3.55,3.7,5.9,
2017-04-20,1.87,2.12,3.4,
2017-04-21,4.94,-0.47,10.47,
2017-04-22,12.0,-2.17,17.66,
2017-04-23,1.82,2.46,5.88,
2017-04-27,-1.72,-4.27,0.96,
2017-04-28,1.08,0.92,7.9,
2017-04-29,2.53,-4.8,6.98,
2017-04-30,5.24,2.57,6.33,
2017-05-02,5.92,0.91,11.5,
2017-05-03,8.4,0.84,15.75,
2017-05-04,9.76,4.32,13.05,
2017-05-05,5.49,-0.49,8.31,
2017-05-06,3.92,-0.55,9.17,
2017-05-10,13.0,-0.01,19.67,
2017-05-11,7.89,2.59,12.53,
2017-05-12,8.77,-1.62,16.44,
2017-05-13,6.68,4.08,8.55,
2017-05-14,7.26,3.32,11.67,
2017-05-17,7.34,7.69,8.68,
2017-05-18,4.34,1.11,5.71,
2017-05-19,4.35,-3.12,10.88,
2017-05-20,5.25,2.5,9.5,
2017-05-21,5.61,2.71,10.81,
2017-05-23,8.85,5.52,11.64,
2017-05-24,7.31,5.19,9.99,
2017-05-25,9.48,-2.33,13.78,
2017-05-26,11.05,7.56,16.88,
2017-05-27,17.14,3.9,23.22,
2017-05-28,12.41,10.84,19.34,
2017-05-30,8.65,6.65,11.5,
2017-05-31,10.27,5.89,17.66,
2017-06-01,13.84,3.05,25.02,
2017-06-02,14.61,9.98,19.38,
2017-06-03,11.1,7.9,16.46,
2017-06-04,15.02,4.98,25.93,
2017-06-05,9.69,4.99,16.9,
2017-06-06,10.98,3.18,19.36,
2017-06-07,13.81,4.42,24.01,
2017-06-08,17.27,10.16,23.03,
2017-06-09,13.14,7.49,17.5,
2017-06-10,21.87,8.8,30.83,
2017-06-11,16.95,9.14,21.17,
2017-06-16,20.11,10.78,26.18,
2017-06-17,17.1,14.07,24.13,
2017-06-21,14.97,8.18,24.12,
2017-07-10,18.43,11.94,24.94,
2017-07-11,16.56,9.87,23.43,
2017-07-12,14.12,10.39,13.63,
2017-07-13,10.23,8.82,11.58,
2017-07-14,16.77,7.14,22.46,
2017-07-15,20.29,11.55,27.24,
2017-07-16,17.58,8.41,18.99,
2017-07-18,19.15,16.63,24.15,
2017-07-19,18.54,9.44,25.79,
2017-07-20,18.52,11.06,27.74,
2017-07-21,18.51,14.37,25.46,
2017-07-22,17.25,11.67,20.59,
2017-07-23,15.53,11.16,18.03,
2017-07-24,17.02,10.95,20.66,
2017-07-25,20.54,7.84,25.99,
2017-07-26,21.79,14.49,27.56,
2017-07-29,18.44,10.92,27.34,
2017-07-30,25.54,16.6,29.25,
2017-08-04,15.03,12.62,21.95,
2017-08-05,17.35,12.25,24.42,
2017-08-06,14.64,9.58,20.59,
2017-08-10,15.51,16.15,16.25,
2017-08-12,17.16,8.19,24.65,
2017-08-13,17.34,10.37,25.8,
2017-08-16,16.79,8.96,21.17,
2017-08-18,20.29,18.57,19.13,
2017-08-19,18.48,16.01,27.42,
2017-08-20,19.95,14.92,26.7,
2017-08-21,16.74,9.14,21.73,
2017-08-22,15.36,11.68,20.91,
2017-08-23,15.44,9.82,18.48,
2017-08-24,12.22,5.56,16.75,
2017-08-25,11.4,3.52,20.18,
2017-08-27,17.47,14.07,19.45,
2017-08-28,13.99,11.33,18.49,
2017-08-29,16.98,11.31,21.95,
2017-08-31,13.1,6.1,17.47,
2017-09-01,12.1,6.5,20.12,
2017-09-02,16.24,14.84,23.56,
2017-09-03,20.08,13.25,26.38,
2017-09-04,14.86,11.57,21.2,
2017-09-06,10.67,9.35,16.01,
2017-09-07,12.45,5.34,16.05,
2017-09-09,11.2,3.6,18.54,
2017-09-10,17.01,7.38,23.57,
2017-09-11,18.13,13.29,26.56,
2017-09-14,16.52,12.5,23.61,
2017-09-15,14.66,13.79,17.76,
2017-09-16,19.05,14.97,25.25,
2017-09-17,13.54,6.42,17.45,
2017-09-18,12.29,4.39,16.33,
2017-09-19,17.15,9.99,18.05,
2017-09-21,13.87,4.3,20.35,
2017-09-22,17.1,12.88,24.97,
2017-09-24,21.05,15.27,30.69,
2018-01-25,-5.89,-8.39,-3.26,
2018-01-26,0.19,-5.82,8.92,
2018-01-27,-3.95,-5.61,0.78,
2018-01-28,-8.09,-10.07,-6.57,
2018-01-29,-13.94,-14.54,-11.95,
2018-01-30,-10.91,-19.18,-4.35,
2018-02-01,-16.53,-19.51,-14.76,
2018-02-02,-16.18,-21.29,-12.7,
2018-02-03,-12.38,-16.28,-12.98,
2018-02-04,-16.17,-19.08,-15.09,
2018-02-05,-16.92,-20.24,-11.52,
2018-02-06,-16.02,-26.08,-12.83,
2018-02-07,-14.57,-16.16,-8.42,
2018-02-08,-16.67,-21.38,-11.7,
2018-02-09,-15.58,-26.14,-12.03,
2018-02-11,-11.42,-23.38,-7.33,
2018-02-12,-16.0,-20.1,-13.3,
2018-02-13,-7.51,-20.95,-0.58,
2018-02-14,2.9,-5.46,6.8,
2018-02-15,1.24,-6.56,3.24,
2018-02-16,-11.95,-17.55,-6.21,
2018-02-17,-5.65,-7.75,-1.03,
2018-02-18,-7.6,-12.52,-4.37,
2018-02-19,-7.55,-8.52,-5.54,
2018-02-20,-8.62,-10.07,-4.81,
2018-02-22,-10.14,-20.84,-5.0,
2018-02-23,-3.62,-4.65,-0.17,
2018-02-24,-8.14,-15.72,-1.07,
2018-02-25,-2.76,-5.5,-1.46,
2018-02-26,-1.77,-7.53,8.72,
2018-02-27,0.4,-5.84,3.67,
2018-02-28,-3.73,-12.31,2.31,
2018-03-01,-6.27,-9.43,-0.31,
2018-03-02,-5.28,-14.81,2.96,
2018-03-03,-1.88,-9.19,4.91,
2018-03-04,2.27,0.3,4.09,
2018-03-05,-0.49,-3.88,3.36,
2018-03-06,-4.59,-9.81,-1.1,
2018-03-07,-9.73,-10.9,-5.02,
2018-03-08,-4.27,-11.73,-0.86,
2018-03-09,-4.57,-12.42,1.04,
2018-03-12,0.4,-4.66,1.89,
2018-03-13,-5.14,-8.82,-1.86,
2018-03-14,-3.22,-13.22,5.39,
2018-03-15,-3.51,-11.29,-2.85,
2018-03-16,-6.97,-16.25,1.24,
2018-03-17,-3.54,-12.38,7.29,
2018-03-18,-2.79,-11.23,4.26,
2018-03-19,-1.66,-5.54,-1.94,
2018-03-20,-6.76,-9.01,-2.92,
2018-03-21,-4.87,-10.03,-1.13,
2018-03-22,-6.13,-15.08,2.53,
2018-03-23,-4.71,-10.68,1.38,
2018-03-24,-4.61,-10.49,-1.35,
2018-03-25,-4.01,-12.72,4.24,
2018-03-27,2.97,1.5,4.67,
2018-03-28,3.57,-1.13,9.52,
2018-03-29,0.83,-5.6,0.36,
2018-03-30,-4.04,-8.91,-2.35,
2018-03-31,-5.34,-7.78,-4.43,
2018-04-01,-6.98,-12.29,-0.95,
2018-04-02,-4.21,-8.1,-0.69,
2018-04-03,-2.4,-3.86,0.52,
2018-04-04,-3.99,-7.77,0.77,
2018-04-05,-2.69,-8.67,0.14,
2018-04-06,-6.03,-6.76,-3.25,
2018-04-07,-5.12,-8.84,-0.13,
2018-04-08,-5.1,-11.96,-1.08,
2018-04-09,-2.03,-10.3,3.63,
2018-04-12,1.88,-2.18,3.0,
2018-04-13,0.2,-2.79,4.2,
2018-04-14,-2.71,-2.81,-1.47,
2018-04-15,-4.39,-2.58,-1.36,
2018-04-16,-1.16,-2.56,-0.15,
2018-04-17,-1.31,-2.3,3.65,
2018-04-18,-0.52,-2.58,3.83,
2018-04-19,4.64,-0.94,10.78,
2018-04-20,3.6,-8.97,12.27,
2018-04-21,3.5,-5.64,15.75,
2018-04-22,2.99,-7.07,12.77,
2018-04-23,7.42,-4.61,19.26,
2018-04-25,0.59,-0.72,8.19,
2018-04-27,-0.06,-3.06,6.38,
2018-04-28,-0.85,-4.26,4.12,
2018-04-29,7.21,-7.93,12.01,
2018-04-30,11.85,0.11,21.9,
2018-05-01,15.87,6.52,21.33,
2018-05-02,3.65,-0.29,9.33,
2018-05-03,6.29,-1.78,14.08,
2018-05-04,12.86,0.57,21.94,
2018-05-05,11.22,3.38,15.93,
2018-05-06,6.46,0.95,12.33,
2018-05-07,9.55,-2.41,16.71,
2018-05-08,7.05,4.11,9.38,
2018-05-11,3.64,-3.14,8.23,
2018-05-12,6.97,-2.97,12.84,
2018-05-13,12.13,-0.38,23.31,
2018-05-14,16.61,11.98,23.31,
2018-05-15,7.49,0.74,14.15,
2018-05-16,13.43,1.14,30.66,
2018-05-17,4.82,3.98,9.0,
2018-05-18,8.55,0.89,17.03,
2018-05-19,9.71,2.0,12.29,
2018-05-20,6.67,-2.08,18.06,
2018-05-21,8.41,-0.29,18.22,
2018-05-22,14.23,7.13,22.78,
2018-05-23,17.24,9.71,24.97,
2018-05-25,21.18,13.81,29.26,
2018-05-27,15.54,3.97,21.48,
2018-05-28,16.65,11.04,22.87,
2018-05-29,13.38,13.09,18.04,
2018-05-30,11.32,9.39,12.26,
2018-05-31,15.45,7.02,25.74,
2018-06-01,6.77,5.22,7.57,
2018-06-02,7.4,4.93,12.68,
2018-06-03,10.91,6.65,15.55,
2018-06-05,7.6,3.17,13.62,
2018-06-06,11.82,3.13,23.69,
2018-06-07,14.97,8.93,17.52,
2018-06-08,12.61,4.17,21.43,
2018-06-09,9.07,10.3,11.11,
2018-06-10,11.07,5.76,17.42,
2018-06-17,21.15,17.43,24.88,
2018-06-18,19.77,12.52,20.9,
2018-06-19,13.56,8.08,20.38,
2018-06-20,15.99,9.87,27.23,
2018-06-21,13.27,8.28,18.09,
2018-06-22,14.32,6.58,24.32,
2018-06-23,14.0,9.08,20.43,
2018-06-24,9.61,8.65,11.98,
2018-06-25,12.29,6.46,20.19,
2018-06-26,13.34,6.24,17.45,
2018-06-27,16.89,13.46,21.56,
2018-06-28,20.6,14.66,25.57,
2018-06-29,17.08,11.77,26.02,
2018-07-01,17.43,13.93,18.75,
2018-07-04,21.85,13.88,26.67,
2018-07-05,21.55,12.61,26.7,
2018-07-06,16.33,9.47,23.42,
2018-07-07,20.25,12.44,27.24,
2018-07-08,23.93,17.39,27.96,
2018-07-10,20.44,11.99,25.72,
2018-07-12,21.17,16.73,26.76,
2018-07-13,23.46,17.05,29.4,
2018-07-14,22.41,14.99,30.16,
2018-07-15,22.98,15.09,29.2,
2018-07-18,20.04,9.39,25.97,
2018-07-19,18.03,11.93,26.68,
2018-07-20,19.22,15.54,19.92,
2018-07-21,19.59,15.03,23.68,
2018-07-22,15.89,10.74,19.94,
2018-07-24,22.02,15.73,28.1,
2018-07-25,18.91,14.42,23.29,
2018-07-26,18.4,14.82,20.42,
2018-07-27,15.84,10.21,21.36,
2018-07-28,20.13,10.7,24.29,
2018-08-01,13.18,11.0,20.17,
2018-08-02,11.78,5.98,16.76,
2018-08-04,20.22,14.6,21.83,
2018-08-05,22.34,17.85,29.91,
2018-08-09,21.46,14.84,26.87,
2018-08-14,23.28,14.44,25.22,
2018-08-18,16.93,11.42,21.98,
2018-08-20,16.95,15.07,18.68,
2018-08-22,21.39,9.4,24.94,
2018-08-25,18.15,14.48,22.05,
2018-08-28,14.87,11.41,16.17,
2018-08-30,16.18,7.4,21.14,
2018-08-31,20.9,18.18,24.24,
2018-09-01,20.66,16.38,27.88,
2018-09-02,18.52,15.13,22.72,
2018-09-04,20.12,15.93,23.65,
2018-09-05,17.33,10.42,21.75,
2018-09-06,14.72,5.68,20.32,
2018-09-07,13.95,7.63,22.74,
2018-09-08,13.96,8.45,17.4,
2018-09-09,11.55,3.65,18.94,
2018-09-10,15.26,8.36,24.98,
2018-09-12,21.01,15.83,23.42,
2018-09-14,22.63,20.52,26.37,
2018-09-21,11.86,5.49,17.9,
2018-09-22,11.29,6.65,16.31,
2018-09-23,7.9,7.84,10.19,
2018-09-24,15.74,9.32,21.8,
2018-09-26,10.97,5.96,13.32,
2018-09-29,4.13,0.33,7.57,
2018-10-01,5.79,7.87,9.02,
2018-10-02,9.32,5.69,10.67,
2018-10-03,11.93,8.52,14.52,
2018-10-04,5.61,2.95,7.65,
2018-10-05,5.85,3.26,8.04,
2018-10-06,7.48,6.82,9.06,
2018-10-07,6.47,6.47,5.15,
2018-10-08,7.19,7.65,9.13,
2018-10-09,5.45,5.26,8.38,
2018-10-10,5.15,5.8,6.51,
2018-10-11,2.13,2.89,4.19,
2018-10-13,3.06,-3.51,10.76,
2018-10-14,2.68,0.93,5.98,
2018-10-17,0.95,-3.81,4.4,
2018-10-19,13.37,8.06,16.58,
2018-10-20,3.15,0.82,6.57,
2018-10-21,3.69,-3.82,12.54,
2018-10-27,5.7,4.59,9.86,
2018-10-28,6.46,4.65,7.48,
2018-10-29,5.64,5.71,6.27,
2018-10-31,3.25,3.0,5.84,
2018-11-03,2.33,-2.58,9.78,
2018-11-04,2.88,-1.96,5.92,
2018-11-06,3.11,-1.04,4.77,
2018-11-07,0.51,-1.49,0.17,
2018-11-08,-3.51,-4.37,-3.61,
2018-11-09,-5.92,-5.3,-1.03,
2018-11-12,-3.9,-7.84,-3.67,
2018-11-14,-1.64,-7.27,3.05,
2018-11-15,1.39,-2.92,3.41,
2018-11-17,-4.57,-10.28,-2.94,
2018-11-18,-4.88,-10.21,-2.61,
2018-11-21,-6.94,-8.53,-6.96,
2018-11-22,-2.8,-7.33,-1.08,
2018-11-23,3.92,0.75,6.83,
2018-11-25,-1.28,-5.14,1.88,
2018-11-27,-7.07,-8.22,-3.9,
2018-11-29,-4.34,-4.36,-1.59,
2018-12-01,-1.02,-1.28,1.83,
2018-12-02,-1.31,-3.07,0.99,
2018-12-03,-2.52,-6.98,-2.51,
2018-12-05,-4.17,-5.97,-1.86,
2018-12-06,-7.47,-9.83,-6.99,
2018-12-08,-6.74,-10.67,-2.78,
2018-12-09,-1.91,-5.98,0.94,
2018-12-10,-2.29,-7.97,0.9,
2018-12-11,-4.29,-12.12,-1.08,
2018-12-13,0.99,-2.22,2.68,
2018-12-15,0.0,-7.66,8.34,
2018-12-16,3.64,-1.05,7.58,
2018-12-17,-4.52,-8.57,-0.99,
2018-12-19,0.34,-4.16,1.69,
2018-12-21,-4.22,-5.64,-2.14,
2018-12-22,-3.47,-6.19,-2.85,
2018-12-23,-3.19,-6.24,-2.26,
2018-12-24,-1.61,-4.22,-4.62,
2018-12-25,-4.18,-8.35,-2.89,
2018-12-26,-3.5,-4.83,-1.28,
2018-12-27,1.38,-4.06,0.76,
2018-12-29,-8.33,-11.46,-9.02,
2018-12-30,-6.46,-8.45,-1.45,
2019-01-01,-12.46,-20.83,-10.56,
2019-01-02,-12.28,-17.65,-6.86,
2019-01-03,-1.62,-5.75,2.9,
2019-01-04,-0.16,-4.77,4.15,
2019-01-05,-1.58,-5.02,2.15,
2019-01-06,-2.0,-1.57,-1.2,
2019-01-07,1.11,-1.95,0.82,
2019-01-09,-10.03,-11.07,-10.18,
2019-01-10,-8.18,-10.17,-4.6,
2019-01-11,-5.01,-7.72,-1.91,
2019-01-12,-2.05,-3.42,-2.97,
2019-01-13,-2.01,-5.45,-0.54,
2019-01-14,-1.07,-4.55,-0.89,
2019-01-15,-4.8,-11.44,-0.18,
2019-01-16,-10.66,-20.24,-8.52,
2019-01-17,-10.43,-21.32,-7.19,
2019-01-18,-14.36,-16.04,-14.15,
2019-01-19,-13.27,-18.13,-14.08,
2019-01-20,-15.62,-19.24,-13.01,
2019-01-21,-14.94,-24.73,-7.38,
2019-01-22,-8.93,-8.34,-6.44,
2019-01-24,-12.94,-18.53,-7.83,
2019-01-25,-20.04,-22.31,-18.17,
2019-01-26,-20.83,-24.12,-14.29,
2019-01-27,-20.51,-25.23,-16.41,
2019-01-28,-12.09,-16.5,-13.34,
2019-01-29,-19.15,-25.22,-13.84,
2019-01-30,-25.21,-25.85,-21.71,
2019-01-31,-25.76,-30.63,-21.96,
2019-02-02,-7.01,-14.83,-3.64,
2019-02-03,-2.67,-5.96,-1.24,
2019-02-04,-8.37,-14.66,-5.48,
2019-02-05,-10.67,-16.31,-8.18,
2019-02-06,-6.68,-8.14,-2.47,
2019-02-07,-8.82,-15.9,-4.43,
2019-02-09,-19.62,-28.99,-15.35,
2019-02-10,-10.3,-19.69,-8.77,
2019-02-11,-8.11,-12.49,-4.72,
2019-02-12,-5.73,-5.81,-4.84,
2019-02-13,-8.78,-11.77,-3.19,
2019-02-14,-6.46,-11.81,-2.21,
2019-02-16,-12.19,-20.28,-7.98,
2019-02-17,-11.76,-19.57,-7.28,
2019-02-18,-14.89,-20.23,-9.47,
2019-02-19,-14.11,-25.23,-3.48,
2019-02-20,-8.32,-15.63,-5.19,
2019-02-21,-4.45,-4.78,-1.79,
2019-02-22,-5.27,-9.77,0.0,
2019-02-23,-0.89,-4.65,-0.03,
2019-02-24,-5.11,-16.48,-1.71,
2019-02-25,-18.6,-22.57,-15.56,
2019-02-26,-18.13,-27.87,-11.88,
2019-02-28,-11.97,-18.18,-4.68,
2019-03-02,-12.13,-16.96,-9.56,
2019-03-03,-18.3,-22.78,-16.99,
2019-03-05,-14.07,-21.0,-10.37,
2019-03-06,-13.1,-23.41,-6.17,
2019-03-07,-16.0,-26.23,-5.26,
2019-03-08,-9.2,-19.38,-0.19,
2019-03-09,-4.03,-15.19,4.01,
2019-03-11,-6.36,-10.42,1.19,
2019-03-17,-4.45,-11.29,1.41,
2019-03-18,-0.35,-5.28,4.35,
2019-03-19,4.4,-3.92,9.2,
2019-03-20,3.98,2.79,3.21,
2019-03-21,2.9,-0.18,8.91,
2019-03-22,-2.33,-7.16,4.98,
2019-03-23,1.62,-10.59,10.68,
2019-03-24,-1.42,-9.13,2.14,
2019-03-26,-0.53,-11.84,7.76,
2019-03-27,7.16,3.12,13.22,
2019-03-28,4.14,-2.09,7.06,
2019-03-30,-2.95,-5.05,1.39,
2019-03-31,-1.12,-9.44,3.99,
2019-04-01,-1.06,-8.21,3.4,
2019-04-02,3.52,-1.0,8.1,
2019-04-03,1.6,-2.43,3.97,
2019-04-04,-2.25,-6.62,3.27,
2019-04-05,3.8,-0.37,9.47,
2019-04-06,0.96,-1.37,3.5,
2019-04-09,0.44,-0.24,3.98,
2019-04-10,-0.79,-1.29,-0.27,
2019-04-12,0.39,-1.74,3.27,
2019-04-13,-0.88,-2.82,2.11,
2019-04-14,-0.27,-6.31,4.14,
2019-04-15,2.49,-7.62,8.13,
2019-04-16,3.2,-0.69,8.37,
2019-04-17,4.02,0.81,5.79,
2019-04-18,4.38,0.37,7.78,
2019-04-19,5.77,-3.11,13.37,
2019-04-20,10.24,-1.59,22.5,
2019-04-22,1.62,-0.02,2.58,
2019-04-23,4.29,-1.26,8.47,
2019-04-24,12.78,1.21,20.56,
2019-04-25,10.25,0.77,16.51,
2019-04-27,2.04,-2.74,8.9,
2019-04-28,3.95,-3.57,9.4,
2019-05-02,3.66,-0.81,11.52,
2019-05-03,6.05,-3.06,10.63,
2019-05-04,8.14,-1.2,19.96,
2019-05-05,7.55,4.77,11.98,
2019-05-08,4.07,0.07,7.23,
2019-05-09,4.36,-0.22,6.36,
2019-05-10,5.33,-2.04,12.39,
2019-05-12,7.56,1.43,15.22,
2019-05-13,8.04,1.11,18.12,
2019-05-14,11.53,1.55,22.98,
2019-05-16,11.27,4.67,18.06,
2019-05-17,7.84,2.89,9.77,
2019-05-18,5.84,4.87,4.89,
2019-05-19,1.05,0.56,4.9,
2019-05-20,8.36,2.7,16.08,
2019-05-21,10.96,0.89,16.04,
2019-05-22,9.8,6.53,12.03,
2019-05-23,11.92,8.18,13.09,
2019-05-24,8.82,6.27,12.34,
2019-05-25,14.85,10.29,18.58,
2019-05-26,11.68,3.46,20.49,
2019-05-27,6.08,6.52,7.83,
2019-05-28,8.61,3.77,17.37,
2019-05-30,10.16,8.14,12.99,
2019-06-01,10.23,4.88,15.93,
2019-06-02,7.78,1.5,13.56,
2019-06-03,6.53,-0.83,13.43,
2019-06-04,11.47,5.25,17.41,
2019-06-07,10.84,6.58,20.27,
2019-06-08,16.34,8.85,31.59,
2019-06-09,15.08,7.34,24.43,
2019-06-10,15.54,7.49,22.63,
2019-06-11,14.03,3.62,22.22,
2019-06-12,13.39,8.45,16.75,
2019-06-13,14.2,3.36,22.46,
2019-06-14,14.58,11.35,22.95,
2019-06-15,11.17,5.08,13.93,
2019-06-16,10.64,8.2,11.8,
2019-06-17,12.78,5.71,19.0,
2019-06-18,9.98,7.82,15.86,
2019-06-19,12.59,5.52,19.52,
2019-06-20,12.01,4.5,21.06,
2019-06-26,22.25,14.67,29.6,
2019-06-28,18.13,11.6,23.76,
2019-06-29,18.15,11.03,24.95,
2019-07-01,20.96,16.14,24.97,
2019-07-02,19.6,11.63,27.84,
2019-07-04,19.71,14.88,26.09,
2019-07-05,21.07,18.18,25.07,
2019-07-06,15.9,10.05,20.42,
2019-07-07,13.96,6.8,21.03,
2019-07-08,17.4,8.57,25.22,
2019-07-10,20.82,15.71,26.37,
2019-07-11,18.3,12.65,21.85,
2019-07-12,22.74,12.19,29.56,
2019-07-13,19.61,12.31,24.33,
2019-07-14,20.76,9.76,27.09,
2019-07-15,23.65,17.67,31.47,
2019-07-16,21.82,16.59,28.84,
2019-07-17,20.15,14.73,26.16,
2019-07-18,22.68,17.73,27.88,
2019-07-20,20.02,14.38,23.6,
2019-07-22,19.47,12.5,25.2,
2019-07-23,18.76,10.86,22.51,
2019-07-24,20.68,13.26,27.53,
2019-07-25,21.79,12.44,28.58,
2019-07-27,20.67,17.01,26.72,
2019-07-28,18.56,13.64,27.35,
2019-07-29,20.48,17.95,21.72,
2019-07-30,18.08,9.9,20.85,
2019-07-31,17.19,8.4,23.51,
2019-08-01,19.37,11.23,25.64,
2019-08-02,24.62,17.76,29.18,
2019-08-03,19.71,14.68,22.48,
2019-08-04,19.89,13.1,26.59,
2019-08-05,20.35,14.46,25.45,
2019-08-06,21.76,15.26,24.31,
2019-08-07,22.67,16.35,24.03,
2019-08-08,20.01,14.95,19.96,
2019-08-09,16.95,13.46,23.77,
2019-08-10,17.2,7.93,25.68,
2019-08-11,20.51,13.0,27.16,
2019-08-13,14.83,10.8,18.99,
2019-08-14,16.57,8.8,19.39,
2019-08-15,19.22,9.75,23.77,
2019-08-16,18.1,13.57,23.14,
2019-08-17,20.26,11.34,29.29,
2019-08-18,18.92,12.54,21.92,
2019-08-19,19.9,7.75,25.41,
2019-08-20,20.47,14.11,27.04,
2019-08-21,18.37,13.19,20.24,
2019-08-22,15.14,9.28,18.97,
2019-08-23,12.83,4.08,19.36,
2019-08-24,15.9,6.78,22.36,
2019-08-25,18.19,10.17,24.11,
2019-08-26,16.44,15.63,21.0,
2019-08-27,16.89,14.34,20.19,
2019-08-28,14.62,10.51,19.44,
2019-08-30,14.18,7.65,22.61,
2019-08-31,11.85,2.91,22.34,
2019-09-01,14.65,11.96,20.49,
2019-09-02,14.3,13.07,17.03,
2019-09-03,13.25,11.91,19.73,
2019-09-04,13.08,7.57,16.07,
2019-09-05,14.77,8.74,17.62,
2019-09-06,14.77,13.93,19.07,
2019-09-07,12.16,7.89,15.53,
2019-09-08,11.43,7.39,15.14,
2019-09-09,14.2,8.44,18.54,
2019-09-10,15.66,13.33,20.58,
2019-09-11,12.44,10.62,13.63,
2019-09-12,12.71,8.61,11.56,
2019-09-13,15.51,11.41,17.04,
2019-09-14,12.66,10.11,17.15,
2019-09-16,15.61,8.68,19.66,
2019-09-19,19.04,12.64,25.59,
2019-09-20,15.37,9.47,19.18,
2019-09-22,14.64,12.01,16.09,
2019-09-23,17.89,9.17,21.32,
2019-09-25,17.11,10.14,18.12,
2019-09-26,11.87,6.61,15.66,
2019-09-27,13.53,9.92,17.14,
2019-09-28,8.79,1.47,11.66,
2019-09-29,9.12,6.95,9.72,
2019-09-30,13.6,11.67,18.6,
2019-10-01,12.09,10.57,15.55,
2019-10-03,6.52,6.75,8.18,
2019-10-05,8.33,4.69,11.59,
2019-10-06,8.69,7.59,14.73,
2019-10-07,10.42,4.54,15.26,
2019-10-08,10.93,2.96,18.3,
2019-10-09,16.89,8.76,22.49,
2019-10-10,11.53,7.91,18.05,
2019-10-11,10.19,1.83,16.23,
2019-10-12,1.79,1.82,1.45,
2019-10-13,0.99,2.66,4.47,
2019-10-14,3.78,-2.48,8.78,
2019-10-18,8.74,-1.71,14.99,
2019-10-19,12.3,6.82,14.07,
2019-10-20,5.09,-1.43,15.03,
2019-10-21,5.65,4.0,9.55,
2019-10-22,8.18,3.62,8.68,
2019-10-24,3.07,-5.73,6.45,
2019-10-26,7.63,2.8,12.79,
2019-10-27,5.09,-2.52,7.69,
2019-10-29,0.86,-2.61,4.12,
2019-10-30,-1.88,-4.15,2.18,
2019-10-31,0.2,-2.67,-0.24,
2019-11-01,-0.63,-4.5,1.86,
2019-11-02,2.1,1.76,1.81,
2019-11-03,2.16,0.79,4.17,
2019-11-04,1.17,-3.93,3.88,
2019-11-09,-1.1,-0.03,1.44,
2019-11-10,-2.62,-7.87,-0.18,
2019-11-11,-10.76,-14.47,-9.15,
2019-11-12,-10.91,-13.81,-7.03,
2019-11-14,-1.79,-5.78,1.96,
2019-11-15,-1.81,-7.48,-1.08,
2019-11-16,1.04,-0.79,3.6,
2019-11-17,3.3,0.43,4.28,
2019-11-18,1.8,0.04,1.71,
2019-11-19,1.96,-0.63,1.46,
2019-11-20,3.37,0.51,5.43,
2019-11-21,0.15,-5.29,2.78,
2019-11-23,-0.1,-3.6,5.47,
2019-11-24,4.83,-2.87,11.92,
2019-11-25,4.03,-0.32,4.87,
2019-11-26,-0.58,0.01,3.08,
2019-11-27,-0.5,-4.23,0.72,
2019-11-28,-2.73,-2.27,-1.27,
2019-12-02,-4.56,-14.36,-1.77,
2019-12-03,-2.04,-4.51,-2.05,
2019-12-06,-3.82,-10.6,1.0,
2019-12-07,-4.65,-8.17,2.15,
2019-12-09,-6.33,-13.0,-2.63,
2019-12-10,-13.41,-18.51,-12.41,
2019-12-13,-5.86,-7.86,-4.24,
2019-12-14,-7.97,-11.88,-3.45,
2019-12-15,-11.26,-14.07,-11.13,
2019-12-16,-8.54,-9.85,-4.8,
2019-12-17,-8.68,-16.27,-6.17,
2019-12-18,-15.53,-17.03,-11.14,
2019-12-19,-10.9,-15.54,-3.62,
2019-12-20,-2.14,-8.16,-1.22,
2019-12-21,-2.4,-10.74,3.95,
2019-12-22,-0.58,-5.9,6.59,
2019-12-23,-2.31,-4.48,1.02,
2019-12-24,-1.8,-2.52,0.22,
2019-12-25,3.4,-0.3,3.3,
2019-12-26,0.74,0.56,1.98,
2019-12-27,-2.91,-5.86,0.81,
2019-12-28,-2.79,-9.6,2.74,
2019-12-29,1.87,1.73,1.75,
2019-12-30,-0.22,-3.27,3.09,
2020-01-01,-7.33,-13.2,-0.3,
2020-01-02,-0.84,-2.79,-0.01,
2020-01-03,-5.07,-5.34,-1.81,
2020-01-04,-2.42,-5.05,-1.41,
2020-01-05,-3.55,-2.78,0.1,
2020-01-07,-7.69,-14.92,0.56,
2020-01-08,-13.47,-14.82,-8.05,
2020-01-09,-4.11,-10.16,0.03,
2020-01-10,-7.49,-10.32,-3.55,
2020-01-12,-7.13,-7.82,-6.72,
2020-01-15,-7.29,-12.36,-5.33,
2020-01-17,-14.22,-22.84,-4.12,
2020-01-18,-4.54,-9.36,-3.46,
2020-01-19,-8.09,-13.46,-5.22,
2020-01-20,-11.57,-19.09,-4.17,
2020-01-21,-8.2,-13.24,-4.21,
2020-01-22,-2.18,-3.65,1.48,
2020-01-24,-0.23,-0.9,1.0,
2020-01-25,1.33,-1.27,1.37,
2020-01-26,-0.39,-1.44,2.47,
2020-01-28,-6.08,-7.1,-4.99,
2020-01-29,-2.82,-7.7,-4.11,
2020-01-30,-3.62,-8.63,-5.01,
2020-01-31,-2.63,-8.17,-0.17,
2020-02-02,2.37,-0.02,4.67,
2020-02-03,-2.21,-9.33,-0.83,
2020-02-06,-6.19,-15.78,0.57,
2020-02-08,-7.63,-10.07,-2.31,
2020-02-09,-9.07,-16.68,-5.97,
2020-02-10,-9.14,-18.28,-2.09,
2020-02-11,-4.99,-4.93,-2.9,
2020-02-13,-18.32,-20.83,-16.72,
2020-02-15,-4.59,-11.27,1.54,
2020-02-19,-14.52,-19.26,-10.88,
2020-02-20,-14.71,-19.64,-6.36,
2020-02-22,1.43,-5.3,8.64,
2020-02-23,3.3,-1.55,8.03,
2020-02-24,-1.81,-6.57,3.16,
2020-02-27,-8.47,-16.05,-6.38,
2020-02-29,-7.66,-17.45,3.1,
2020-03-01,3.35,-6.39,8.98,
2020-03-02,-1.01,-2.63,5.28,
2020-03-03,1.41,-2.43,3.97,
2020-03-04,-0.79,-4.87,3.05,
2020-03-05,-0.93,-2.41,-1.6,
2020-03-09,-3.85,-8.5,0.97,
2020-03-10,-6.03,-11.55,-1.75,
2020-03-12,2.21,0.33,2.3,
2020-03-15,-5.22,-10.77,-1.53,
2020-03-16,-0.87,-3.14,2.46,
2020-03-21,-6.88,-15.52,-0.88,
2020-03-22,0.13,-3.01,3.19,
2020-03-25,3.23,0.83,6.36,
2020-03-26,0.41,-4.58,0.36,
2020-03-27,0.16,-5.58,6.22,
2020-03-28,1.77,-0.86,2.48,
2020-03-29,1.66,-0.07,3.91,
2020-03-30,1.87,-2.5,5.93,
2020-03-31,-0.47,-1.78,5.53,
2020-04-01,1.62,-1.05,5.71,
2020-04-02,3.01,-1.91,9.75,
2020-04-03,1.97,-3.57,6.61,
2020-04-04,-4.75,-6.89,3.05,
2020-04-05,0.4,-6.03,5.21,
2020-04-07,7.07,3.9,11.51,
2020-04-09,0.87,-1.46,2.84,
2020-04-10,0.92,-1.63,7.86,
2020-04-11,5.94,-0.2,12.13,
2020-04-12,2.42,-1.4,3.79,
2020-04-13,0.23,-4.78,3.11,
2020-04-14,-2.31,-7.44,-0.02,
2020-04-15,-2.95,-4.53,-0.43,
2020-04-16,1.73,-5.19,3.51,
2020-04-17,3.24,-5.82,8.03,
2020-04-18,7.65,1.09,12.21,
2020-04-19,2.35,-2.12,5.23,
2020-04-20,3.5,-3.91,10.77,
2020-04-21,0.3,-3.59,4.3,
2020-04-22,2.33,1.22,6.38,
2020-04-23,3.93,-2.69,6.75,
2020-04-26,2.35,-2.85,9.34,
2020-04-27,4.51,1.24,9.68,
2020-04-28,2.95,1.51,5.09,
2020-04-30,10.01,2.46,13.19,
2020-05-01,9.31,1.06,18.67,
2020-05-02,13.6,4.67,21.9,
2020-05-03,6.73,2.96,12.39,
2020-05-06,5.08,-0.75,11.6,
2020-05-07,3.72,-0.43,9.53,
2020-05-08,0.21,-4.1,4.61,
2020-05-09,7.03,2.96,12.38,
2020-05-10,2.42,0.38,5.75,
2020-05-11,4.64,-2.8,9.66,
2020-05-12,4.16,-1.14,10.37,
2020-05-13,6.14,-4.92,14.5,
2020-05-14,8.75,5.98,17.37,
2020-05-16,7.11,2.44,14.26,
2020-05-17,6.41,3.48,11.11,
2020-05-18,7.01,3.79,11.57,
2020-05-19,9.17,5.02,12.76,
2020-05-21,10.96,4.75,20.44,
2020-05-22,11.1,5.88,16.4,
2020-05-23,11.52,8.92,16.92,
2020-05-25,12.99,8.58,17.49,
2020-05-26,12.77,8.87,20.87,
2020-05-27,19.3,14.5,22.85,
2020-05-28,18.75,14.64,23.32,
2020-05-29,13.74,10.6,15.33,
2020-05-30,9.61,2.55,15.52,
2020-05-31,11.35,2.62,20.48,
2020-06-01,12.82,5.7,20.17,
2020-06-02,19.96,11.39,30.28,
2020-06-03,18.73,9.52,23.81,
2020-06-06,11.75,9.53,12.34,
2020-06-08,16.14,7.5,22.29,
2020-06-09,14.39,9.02,19.28,
2020-06-10,12.9,8.96,17.88,
2020-06-11,14.47,9.95,21.38,
2020-06-12,9.67,6.22,13.23,
2020-06-13,8.76,-0.02,16.14,
2020-06-14,9.5,0.12,16.45,
2020-06-15,16.27,11.96,23.72,
2020-06-16,24.8,19.1,30.38,
2020-06-17,23.3,11.79,30.16,
2020-06-18,20.04,12.18,24.97,
2020-06-19,20.15,17.0,23.71,
2020-06-20,14.98,12.79,20.22,
2020-06-21,14.83,7.08,22.73,
2020-06-23,16.73,8.99,22.27,
2020-06-24,19.46,9.62,22.26,
2020-06-25,18.29,9.25,27.8,
2020-06-26,22.42,16.96,29.04,
2020-06-28,18.61,11.77,25.2,
2020-06-29,20.95,16.44,29.12,
2020-07-02,22.08,18.18,30.82,
2020-07-03,22.25,14.93,28.65,
2020-07-04,23.25,13.8,28.97,
2020-07-06,23.87,18.15,29.86,
2020-07-07,20.53,13.68,27.79,
2020-07-08,20.63,16.64,27.86,
2020-07-10,22.64,14.9,28.6,
2020-07-11,19.28,14.3,25.62,
2020-07-12,20.01,12.5,21.84,
2020-07-13,21.57,11.0,25.74,
2020-07-15,20.14,12.46,27.52,
2020-07-16,20.51,16.17,26.8,
2020-07-18,23.18,18.63,28.19,
2020-07-19,20.54,17.0,25.7,
2020-07-20,16.59,8.15,20.26,
2020-07-21,13.54,9.75,16.69,
2020-07-22,14.96,13.12,19.03,
2020-07-23,14.13,8.14,19.94,
2020-07-24,22.13,10.37,30.33,
2020-07-25,24.89,22.66,28.95,
2020-07-26,24.97,21.97,31.81,
2020-07-28,21.05,15.37,27.28,
2020-07-29,18.03,11.7,25.31,
2020-07-31,18.98,9.66,24.18,
2020-08-02,15.53,11.67,18.88,
2020-08-04,14.97,9.64,17.95,
2020-08-05,16.47,5.17,26.01,
2020-08-06,19.02,12.17,25.13,
2020-08-07,20.29,11.32,27.21,
2020-08-08,22.66,18.76,29.23,
2020-08-09,22.23,20.08,22.47,
2020-08-10,21.41,13.37,23.55,
2020-08-13,21.81,18.62,25.84,
2020-08-14,22.98,17.48,28.25,
2020-08-16,18.52,12.09,25.64,
2020-08-17,19.99,10.52,21.56,
2020-08-18,16.97,10.9,22.24,
2020-08-19,19.7,11.8,26.4,
2020-08-20,18.63,16.7,22.21,
2020-08-21,17.84,16.16,20.87,
2020-08-23,19.86,18.71,23.05,
2020-08-24,19.71,15.44,26.01,
2020-08-25,17.7,11.31,25.18,
2020-08-27,21.82,12.99,23.06,
2020-08-28,18.96,15.98,20.28,
2020-08-29,14.94,10.18,21.46,
2020-08-31,14.23,12.17,20.66,
2020-09-01,14.2,6.34,18.67,
2020-09-02,15.81,13.26,21.71,
2020-09-03,15.92,13.22,15.26,
2020-09-04,13.64,8.42,20.56,
2020-09-06,16.62,9.24,23.37,
2020-09-07,11.73,12.0,15.75,
2020-09-08,8.59,4.64,9.3,
2020-09-09,7.04,2.27,9.58,
2020-09-10,8.86,2.12,15.76,
2020-09-11,12.1,2.12,17.28,
2020-09-13,11.61,6.33,18.78,
2020-09-14,11.16,5.0,16.12,
2020-09-15,20.11,12.11,23.0,
2020-09-17,8.77,-1.47,12.19,
2020-09-18,4.19,-1.32,13.54,
2020-09-19,12.87,2.15,19.48,
2020-09-20,15.91,6.75,21.46,
2020-09-21,17.75,13.26,24.75,
2020-09-22,15.54,8.95,22.54,
2020-09-24,11.74,10.28,12.74,
2020-09-25,14.46,11.57,21.04,
2020-09-26,13.74,10.18,14.64,
2020-09-29,10.98,7.63,15.95,
2020-09-30,8.94,7.07,11.3,
2020-10-01,7.35,5.16,9.14,
2020-10-02,5.01,-1.21,4.45,
2020-10-03,6.48,0.96,5.95,
2020-10-04,6.7,0.02,8.52,
2020-10-05,12.64,6.39,18.59,
2020-10-06,17.61,10.48,18.51,
2020-10-07,12.65,9.3,16.96,
2020-10-09,17.94,9.51,25.95,
2020-10-10,7.88,3.96,12.88,
2020-10-12,13.42,4.6,17.43,
2020-10-13,12.22,2.0,15.04,
2020-10-14,5.51,1.69,10.72,
2020-10-15,4.68,1.68,5.46,
2020-10-17,1.3,-4.42,4.45,
2020-10-18,-0.14,-0.07,2.59,
2020-10-20,1.14,0.74,3.19,
2020-10-22,0.54,1.96,3.24,
2020-10-23,2.53,-0.47,4.63,
2020-10-24,-1.91,-1.0,-0.48,
2020-10-25,-0.24,-0.01,-0.38,
2020-10-26,-2.35,-3.78,-0.06,
2020-10-27,-2.36,-7.37,0.74,
2020-10-28,3.51,1.64,4.44,
2020-10-29,-0.54,-2.12,2.25,
2020-10-30,0.75,-3.83,7.43,
2020-10-31,4.35,-0.61,9.72,
2020-11-01,1.29,-2.22,2.72,
2020-11-03,12.07,0.34,21.93,
2020-11-04,11.39,1.99,21.32,
2020-11-06,15.49,7.63,20.59,
2020-11-08,16.23,12.61,22.87,
2020-11-11,-0.76,-2.96,1.92,
2020-11-13,-2.83,-5.11,-0.86,
2020-11-15,-0.24,-2.13,1.12,
2020-11-17,-3.59,-7.11,-2.33,
2020-11-18,2.83,-8.65,6.29,
2020-11-20,-0.04,-1.63,-1.16,
2020-11-21,-4.25,-4.04,0.2,
2020-11-22,1.48,-0.19,1.11,
2020-11-23,-2.97,-4.36,1.33,
2020-11-24,-0.62,-5.8,4.0,
2020-11-25,1.15,-1.53,2.69,
2020-11-26,2.52,0.45,0.72,
2020-11-27,0.54,0.9,1.0,
2020-11-28,3.57,-1.95,9.1,
2020-11-29,0.75,-1.18,4.15,
2020-11-30,-3.8,-8.49,-1.53,
2020-12-01,-6.24,-10.56,-0.79,
2020-12-02,-1.72,-10.2,2.88,
2020-12-03,1.11,-1.68,4.25,
2020-12-04,0.24,-5.12,2.84,
2020-12-05,-2.12,-7.53,-0.31,
2020-12-06,-2.46,-7.6,0.04,
2020-12-07,-1.79,-2.65,0.36,
2020-12-08,1.36,-1.66,5.34,
2020-12-09,1.55,-0.84,9.22,
2020-12-10,2.47,-2.23,7.32,
2020-12-11,0.45,-1.09,1.35,
2020-12-12,-2.7,-3.97,-2.72,
2020-12-13,-4.36,-5.34,-4.84,
2020-12-15,-9.6,-17.32,-4.76,
2020-12-17,-4.74,-11.55,0.07,
2020-12-18,-3.61,-10.27,1.98,
2020-12-20,-0.82,-5.03,1.24,
2020-12-21,-1.43,-2.33,1.67,
2020-12-22,-2.18,-5.52,0.46,
2020-12-23,-2.94,-10.6,1.73,
2020-12-24,-12.78,-15.87,-11.78,
2020-12-26,-4.11,-4.52,-3.93,
2020-12-27,-3.91,-6.86,-4.32,
2020-12-28,-10.14,-14.97,-4.51,
2020-12-29,-12.05,-17.32,-5.01,
2020-12-30,-6.73,-5.43,-4.16,
2021-01-01,-9.04,-16.97,-4.85,
2021-01-02,-3.77,-8.25,-0.33,0.0
2021-01-03,-3.26,-4.07,2.58,0.0
2021-01-04,-4.26,-9.87,0.44,2.22
2021-01-05,-6.35,-8.95,2.36,0.0
2021-01-06,-7.43,-9.46,-2.97,0.0
2021-01-07,-7.94,-11.02,0.39,0.0
2021-01-08,-6.94,-7.47,-2.33,0.0
2021-01-09,-3.52,-2.98,-2.13,0.0
2021-01-10,-5.2,-7.37,-2.2,0.0
2021-01-11,-2.67,-4.1,0.64,0.0
2021-01-12,-1.58,-2.51,0.95,0.0
2021-01-13,-5.13,-9.23,0.54,0.0
2021-01-14,-1.31,-9.86,1.39,2.18
2021-01-15,2.35,-1.35,2.56,6.36
2021-01-16,-0.93,-1.51,-1.02,2.59
2021-01-17,-2.93,-3.0,-3.17,1.16
2021-01-18,-6.74,-9.56,-4.78,0.57
2021-01-19,-12.3,-13.25,-10.19,0.0
2021-01-20,-5.96,-17.02,3.29,0.0
2021-01-21,-4.03,-13.25,3.16,0.0
2021-01-22,-13.67,-16.02,-10.62,0.0
2021-01-23,-6.71,-9.08,-3.64,1.41
2021-01-24,-6.81,-12.7,-5.98,0.06
2021-01-25,-11.52,-14.03,-6.06,0.0
2021-01-26,-8.09,-15.38,-6.86,0.0
2021-01-27,-14.6,-20.25,-10.67,0.0
2021-01-28,-10.54,-12.29,-10.15,0.0
2021-01-29,-8.16,-16.94,-3.71,0.0
2021-01-30,-3.63,-4.41,-1.51,3.44
2021-01-31,-2.08,-3.1,-2.42,0.42
2021-02-01,-1.2,-5.47,-2.36,0.0
2021-02-02,-1.7,-6.93,-3.91,0.0
2021-02-03,-4.67,-9.5,3.55,0.78
2021-02-04,-1.43,-8.21,1.97,5.84
2021-02-05,-12.63,-17.64,-8.05,1.43
2021-02-06,-18.08,-19.37,-14.45,1.75
2021-02-07,-24.01,-23.67,-18.47,0.0
2021-02-08,-22.02,-26.13,-16.75,0.0
2021-02-09,-18.3,-22.33,-12.59,0.0
2021-02-10,-18.61,-19.16,-16.05,0.77
2021-02-11,-18.73,-17.73,-18.2,1.4
2021-02-12,-20.38,-22.91,-17.18,3.42
2021-02-13,-21.8,-24.35,-16.7,0.0
2021-02-14,-20.92,-28.36,-20.97,0.0
2021-02-15,-24.22,-29.97,-17.16,0.0
2021-02-16,-19.21,-29.49,-9.97,0.0
2021-02-17,-17.0,-26.72,-8.28,0.0
2021-02-18,-11.73,-11.41,-6.39,0.51
2021-02-19,-10.66,-13.63,-8.43,0.0
2021-02-20,-9.56,-15.76,-5.11,0.0
2021-02-21,-3.93,-8.33,3.85,3.06
2021-02-22,0.46,-4.2,4.49,0.0
2021-02-23,0.99,-0.78,5.23,0.0
2021-02-24,-1.36,-5.02,1.26,2.36
2021-02-25,0.16,-3.76,1.3,0.0
2021-02-26,0.73,-3.28,4.88,0.0
2021-02-27,-1.3,-1.39,3.4,0.0
2021-02-28,-3.22,-7.88,-2.45,2.17
2021-03-01,-11.65,-17.35,-10.75,0.0
2021-03-02,0.42,-7.51,7.75,0.0
2021-03-03,-1.18,-3.16,3.75,0.0
2021-03-04,-2.49,-6.02,0.47,0.0
2021-03-05,-1.87,-6.39,0.75,0.0
2021-03-06,-4.17,-11.93,0.17,0.0
2021-03-07,1.33,-12.3,10.76,0.0
2021-03-08,4.65,-0.51,12.19,0.0
2021-03-09,7.15,0.38,15.02,0.0
2021-03-10,4.89,-0.43,8.12,22.68
2021-03-11,1.72,-4.55,7.21,5.76
2021-03-12,-5.09,-7.98,-2.6,0.0
2021-03-13,5.66,-8.5,14.91,0.0
2021-03-15,-1.15,-8.01,2.15,0.0
2021-03-16,-0.75,-5.46,2.49,0.0
2021-03-17,1.69,-4.32,5.43,0.0
2021-03-18,1.38,-6.12,1.79,0.0
2021-03-19,1.99,-11.4,12.94,0.0
2021-03-20,6.38,0.39,16.01,0.0
2021-03-21,10.78,5.15,15.98,1.31
2021-03-22,6.78,-1.6,12.85,3.53
2021-03-23,1.47,0.13,3.84,5.42
2021-03-24,4.37,-2.04,3.71,23.66
2021-03-25,-3.37,-3.92,-1.97,0.0
2021-03-26,-3.36,-3.54,0.31,0.0
2021-03-27,-0.5,-5.55,2.96,7.77
2021-03-28,-0.84,-5.11,1.75,0.72
2021-03-29,7.64,-4.85,15.39,0.0
2021-03-30,4.14,-4.48,16.53,0.0
2021-03-31,-3.61,-8.7,-2.88,0.0
2021-04-01,-3.47,-12.2,2.4,0.0
2021-04-02,3.11,-8.84,11.8,0.0
2021-04-03,9.04,-3.56,17.99,0.0
2021-04-04,6.26,-0.82,17.55,0.77
2021-04-05,3.89,-1.95,12.59,18.16
2021-04-06,4.59,2.27,9.0,4.37
2021-04-07,4.58,2.52,4.52,24.79
2021-04-08,2.48,0.9,4.27,6.07
2021-04-09,7.81,3.05,14.77,3.15
2021-04-10,8.7,5.72,9.58,0.0
2021-04-11,5.82,4.42,7.63,12.88
2021-04-12,3.93,2.62,7.81,18.66
2021-04-13,3.23,0.18,3.55,0.0
2021-04-14,4.55,-1.33,5.35,0.0
2021-04-15,2.98,-1.23,8.33,0.0
2021-04-16,1.28,-2.59,5.33,0.0
2021-04-17,2.65,-3.5,9.69,0.0
2021-04-18,4.68,-4.12,14.98,4.38
2021-04-19,2.45,-3.77,1.28,0.13
2021-04-20,-0.79,-1.43,1.61,0.37
2021-04-21,0.34,-3.32,4.17,1.87
2021-04-22,5.02,-3.52,13.52,0.0
2021-04-23,7.71,0.02,11.55,0.51
2021-04-24,2.97,-4.09,6.67,1.31
2021-04-25,0.49,-5.57,6.53,0.46
2021-04-26,1.1,1.31,3.62,21.39
2021-04-27,1.55,2.24,4.33,0.0
2021-04-28,4.45,-1.15,11.51,0.0
2021-04-29,4.32,-1.5,14.73,0.47
2021-04-30,5.99,2.66,9.94,0.0
2021-05-01,13.3,6.9,25.75,0.88
2021-05-02,7.67,2.82,7.5,0.0
2021-05-03,6.03,3.13,5.12,2.09
2021-05-04,7.4,3.06,10.49,0.0
2021-05-05,5.94,-1.74,10.95,0.0
2021-05-06,5.23,-2.77,12.15,0.09
2021-05-07,4.84,-3.06,8.01,0.0
2021-05-08,5.02,-2.82,11.82,0.0
2021-05-09,6.89,2.65,8.7,0.0
2021-05-10,2.23,-2.02,8.17,0.0
2021-05-11,4.24,-4.32,11.67,0.0
2021-05-12,10.57,0.07,19.5,0.0
2021-05-13,9.95,-0.86,21.59,0.0
2021-05-14,12.93,1.85,22.04,0.0
2021-05-15,9.64,0.32,19.09,0.0
2021-05-16,9.64,0.61,18.51,0.0
2021-05-17,15.17,5.66,30.57,0.0
2021-05-18,13.88,6.24,23.31,0.0
2021-05-19,18.32,13.76,24.07,6.31
2021-05-20,17.89,16.32,21.03,25.17
2021-05-21,20.18,16.17,24.38,20.7
2021-05-22,21.67,19.16,25.0,0.0
2021-05-23,6.32,4.23,9.58,30.1
2021-05-24,10.51,4.4,15.07,0.51
2021-05-25,20.97,8.26,28.59,4.86
2021-05-26,9.45,2.66,18.78,0.0
2021-05-27,2.82,1.6,3.98,0.0
2021-05-28,5.61,-1.55,10.22,0.0
2021-05-29,5.78,-1.64,14.67,0.0
2021-05-30,10.75,2.65,16.0,0.02
2021-05-31,13.85,7.24,18.12,0.0
2021-06-01,10.98,3.38,21.06,0.0
2021-06-02,15.73,9.82,23.88,0.0
2021-06-03,14.32,9.8,21.9,2.71
2021-06-04,20.65,10.72,32.93,0.0
2021-06-05,21.86,14.32,28.14,0.0
2021-06-06,22.61,12.6,30.52,0.0
2021-06-07,21.5,14.95,28.35,0.0
2021-06-08,18.5,12.84,26.22,0.0
2021-06-09,13.51,11.03,18.87,0.0
2021-06-10,17.02,9.64,24.38,4.99
2021-06-11,9.9,9.69,13.37,8.3
2021-06-12,18.01,9.51,27.74,0.0
2021-06-13,17.27,8.13,28.08,0.0
2021-06-14,16.13,6.21,21.87,0.0
2021-06-15,16.44,7.37,19.3,0.0
2021-06-16,14.26,2.86,24.44,0.0
2021-06-17,20.62,11.25,28.66,1.11
2021-06-18,21.7,16.05,27.61,0.96
2021-06-19,14.86,7.09,16.92,0.0
2021-06-20,12.32,5.96,14.81,21.32
2021-06-21,11.89,10.9,15.29,0.0
2021-06-22,12.52,10.21,17.19,1.03
2021-06-23,18.76,10.21,27.23,0.0
2021-06-24,18.48,12.57,21.54,14.71
2021-06-25,15.8,7.78,24.02,0.0
2021-06-26,16.67,10.03,19.93,0.0
2021-06-27,16.9,13.95,24.43,7.03
2021-06-28,18.25,10.27,26.7,3.03
2021-06-29,19.54,16.69,23.61,7.19
2021-06-30,20.54,13.49,27.16,0.0
2021-07-01,16.18,6.49,17.1,0.0
2021-07-02,17.01,6.84,26.31,0.0
2021-07-03,24.76,17.5,31.9,0.0
2021-07-04,25.55,18.99,31.91,1.06
2021-07-05,25.21,19.21,29.68,0.0
2021-07-06,15.65,11.19,22.23,19.37
2021-07-07,12.74,5.69,16.27,0.0
2021-07-08,12.09,4.48,19.15,0.0
2021-07-09,15.75,2.13,24.61,0.0
2021-07-10,17.8,6.26,25.73,0.0
2021-07-11,16.7,7.01,27.81,0.0
2021-07-12,18.25,10.25,27.69,0.0
2021-07-13,18.71,10.78,27.52,1.29
2021-07-14,17.17,14.08,21.4,1.66
2021-07-15,20.35,10.76,24.72,0.0
2021-07-16,19.09,7.37,27.3,0.0
2021-07-17,15.6,8.73,27.92,0.0
2021-07-18,19.63,11.61,27.67,0.0
2021-07-19,22.05,15.32,31.86,0.0
2021-07-20,17.52,7.47,22.52,0.0
2021-07-21,14.86,5.42,18.55,0.0
2021-07-22,18.88,11.79,23.85,8.54
2021-07-23,24.23,14.85,29.95,4.7
2021-07-24,22.41,18.03,29.51,18.78
2021-07-25,25.04,14.03,30.27,0.0
2021-07-26,18.3,11.34,27.82,12.92
2021-07-27,18.36,12.89,24.82,0.0
2021-07-28,19.06,11.1,27.2,17.27
2021-07-29,19.97,17.72,21.83,0.0
2021-07-30,16.04,10.43,23.1,0.0
2021-07-31,22.3,15.52,25.67,0.71
2021-08-01,17.08,9.56,19.22,0.0
2021-08-02,19.48,11.13,26.68,0.0
2021-08-03,22.02,15.99,29.69,0.0
2021-08-04,25.35,17.84,31.4,0.0
2021-08-05,19.6,17.36,25.03,13.53
2021-08-06,18.46,16.37,24.4,0.0
2021-08-07,18.72,15.32,18.82,3.12
2021-08-08,18.78,17.95,24.67,3.36
2021-08-09,20.6,16.02,25.53,0.0
2021-08-10,19.25,12.84,27.71,0.0
2021-08-11,21.56,13.87,25.46,0.84
2021-08-12,21.71,9.32,24.19,0.0
2021-08-13,16.66,8.19,21.51,0.0
2021-08-14,16.98,6.83,24.14,0.0
2021-08-15,24.12,18.76,30.15,0.0
2021-08-16,22.0,16.45,26.9,0.0
2021-08-17,23.14,16.27,29.3,0.0
2021-08-18,22.82,20.02,29.5,0.0
2021-08-19,23.58,16.9,29.98,0.0
2021-08-20,23.5,14.91,30.48,0.0
2021-08-21,22.12,11.69,25.86,1.05
2021-08-22,15.49,6.61,22.81,0.0
2021-08-23,22.63,15.71,32.62,1.9
2021-08-24,16.69,14.25,23.2,5.96
2021-08-25,19.2,13.25,26.57,0.0
2021-08-26,17.55,10.32,22.06,1.07
2021-08-27,18.15,15.03,19.9,30.79
2021-08-28,19.26,13.21,22.98,44.7
2021-08-29,20.18,17.76,26.4,11.0
2021-08-30,17.33,13.84,24.18,0.0
2021-08-31,16.7,9.52,22.91,0.0
2021-09-01,14.53,8.54,20.66,0.0
2021-09-02,13.8,8.92,19.5,0.0
2021-09-03,18.66,13.41,18.59,4.3
2021-09-04,16.52,10.98,25.18,0.0
2021-09-05,17.65,9.99,18.2,0.0
2021-09-06,13.85,7.54,21.52,0.0
2021-09-07,16.61,14.24,23.21,15.44
2021-09-08,15.88,14.66,20.78,0.0
2021-09-09,15.04,11.99,20.82,0.0
2021-09-10,18.06,8.46,25.58,0.0
2021-09-11,17.95,12.37,21.86,0.0
2021-09-12,15.25,8.42,18.16,0.0
2021-09-13,14.17,2.15,21.88,0.0
2021-09-14,15.59,9.22,19.82,18.87
2021-09-15,17.17,8.98,23.47,0.0
2021-09-16,22.29,13.57,28.58,10.05
2021-09-17,17.92,4.91,22.08,16.5
2021-09-18,12.13,2.77,24.21,0.0
2021-09-19,21.97,15.82,30.94,0.0
2021-09-20,21.48,13.86,26.57,22.03
2021-09-21,14.17,11.12,17.99,0.0
2021-09-22,12.08,4.71,18.62,0.0
2021-09-23,11.71,3.28,17.59,0.0
2021-09-24,9.37,6.22,15.81,5.69
2021-09-25,13.23,8.49,17.37,0.11
2021-09-26,14.71,10.9,24.28,0.0
2021-09-27,12.18,6.04,14.46,0.0
2021-09-28,9.99,5.71,21.93,0.0
2021-09-29,12.69,5.06,20.23,0.0
2021-09-30,14.47,6.61,18.38,0.0
2021-10-01,15.72,11.93,22.62,7.45
2021-10-02,17.44,12.3,20.69,6.56
2021-10-03,15.38,13.33,16.11,17.15
2021-10-04,13.9,13.81,15.58,0.0
2021-10-05,14.43,10.99,17.56,0.0
2021-10-06,13.38,7.97,19.07,0.0
2021-10-07,13.03,6.04,19.86,0.0
2021-10-08,14.58,15.74,16.92,5.17
2021-10-09,15.27,12.35,21.13,6.97
2021-10-10,19.23,13.78,24.1,5.81
2021-10-11,12.5,11.72,17.21,0.0
2021-10-12,14.58,14.98,16.08,0.78
2021-10-13,15.22,12.75,16.7,2.94
2021-10-14,13.33,9.4,18.05,0.0
2021-10-15,8.82,4.16,11.06,1.15
2021-10-16,9.08,3.11,14.48,0.0
2021-10-17,11.65,4.16,19.09,0.0
2021-10-18,8.77,1.1,19.85,0.0
2021-10-19,14.06,3.95,21.96,0.0
2021-10-20,9.31,7.55,11.33,9.42
2021-10-21,5.42,0.37,6.99,1.49
2021-10-22,4.31,1.2,7.03,1.32
2021-10-23,5.37,-0.15,7.33,6.04
2021-10-24,4.85,-1.7,8.17,0.44
2021-10-25,6.18,6.18,8.03,0.82
2021-10-26,9.29,4.9,9.69,0.0
2021-10-27,8.93,4.95,11.88,0.0
2021-10-28,6.07,4.23,9.47,0.54
2021-10-29,8.1,1.11,11.65,1.45
2021-10-30,9.28,-0.43,10.65,0.0
2021-10-31,6.28,3.76,8.77,0.0
2021-11-01,3.46,5.56,4.48,0.5
2021-11-02,1.22,1.78,0.68,1.86
2021-11-03,2.51,-3.56,3.99,1.87
2021-11-04,2.26,-1.19,11.41,0.0
2021-11-05,5.3,-3.12,13.38,1.75
2021-11-06,12.22,7.49,19.19,4.25
2021-11-07,6.6,-0.97,16.83,0.0
2021-11-08,6.73,-1.84,12.0,0.0
2021-11-09,1.54,-3.92,12.54,0.0
2021-11-10,4.67,-2.47,9.26,2.63
2021-11-11,6.82,2.21,7.33,30.32
2021-11-12,3.83,2.45,4.86,3.39
2021-11-13,-1.33,-1.31,2.16,0.34
2021-11-14,0.88,-1.63,0.14,3.06
2021-11-15,-0.79,-5.75,1.48,0.0
2021-11-16,-0.08,-6.09,2.34,2.03
2021-11-17,3.12,0.25,4.78,0.68
2021-11-18,-0.59,0.08,0.38,1.02
2021-11-19,0.34,-3.1,0.68,0.0
2021-11-20,-0.41,-5.9,6.53,0.0
2021-11-21,-5.67,-6.72,-0.78,2.64
2021-11-22,-4.3,-7.99,-2.93,0.0
2021-11-23,1.42,-7.59,5.21,0.0
2021-11-24,1.67,-4.92,4.83,0.0
2021-11-25,-5.84,-6.56,-3.25,0.67
2021-11-26,-4.65,-10.21,-2.44,0.0
2021-11-27,-2.5,-4.21,1.62,1.64
2021-11-28,-1.04,-5.9,0.02,0.21
2021-11-29,-0.1,-4.4,0.17,3.96
2021-11-30,0.62,-4.43,0.39,0.0
2021-12-01,1.68,-3.45,8.07,1.02
2021-12-02,2.94,-1.55,7.87,0.26
2021-12-03,0.99,-1.27,1.99,0.0
2021-12-04,-1.56,-2.92,-1.24,0.0
2021-12-05,-2.27,-4.49,-3.43,9.07
2021-12-06,-8.54,-16.58,-0.03,2.77
2021-12-07,-13.18,-18.12,-11.32,0.0
2021-12-08,-7.52,-11.73,-4.87,0.0
2021-12-09,-3.31,-6.09,1.75,4.35
2021-12-10,-3.24,-11.21,0.16,2.28
2021-12-11,-1.5,-2.0,1.09,2.15
2021-12-12,-1.32,-3.45,5.46,0.0
2021-12-13,2.36,-3.26,7.29,0.0
2021-12-14,1.28,1.36,5.01,0.0
2021-12-15,5.24,4.75,8.57,12.24
2021-12-16,-0.7,-10.17,10.1,9.27
2021-12-17,-7.99,-10.75,-6.09,1.39
2021-12-18,-7.23,-10.9,-2.22,1.97
2021-12-19,-6.9,-12.85,-1.69,0.0
2021-12-20,-4.72,-11.24,-0.46,0.0
2021-12-21,-10.18,-11.03,-9.5,4.75
2021-12-22,-11.4,-14.6,-7.55,0.0
2021-12-23,-5.36,-13.55,-1.14,0.41
2021-12-24,-0.31,-13.65,7.92,1.02
2021-12-25,-7.34,-7.42,-1.26,0.0
2021-12-26,-4.18,-7.17,-4.13,0.52
2021-12-27,-3.8,-12.97,-0.19,11.79
2021-12-28,-10.0,-12.41,-4.23,7.38
2021-12-29,-13.05,-16.24,-5.19,0.0
2021-12-30,-9.9,-15.65,-4.53,2.53
2021-12-31,-10.34,-14.6,-4.2,0.0
2022-01-01,-14.33,-16.67,-14.7,0.0
2022-01-02,-15.62,-16.43,-13.55,0.0
2022-01-03,-9.28,-17.06,-8.3,0.0
2022-01-04,-7.45,-9.14,-3.22,0.43
2022-01-05,-7.99,-11.23,-4.38,14.73
2022-01-06,-11.44,-13.66,-11.43,1.09
2022-01-07,-15.26,-20.86,-12.56,0.0
2022-01-08,-8.77,-9.34,-2.01,2.59
2022-01-09,-13.41,-18.43,-9.52,0.0
2022-01-10,-20.36,-22.0,-16.99,1.67
2022-01-11,-10.37,-19.18,-3.46,0.0
2022-01-12,-4.15,-7.37,0.51,0.6
2022-01-13,-3.24,-7.05,-2.52,1.24
2022-01-14,-7.74,-8.83,-6.5,1.51
2022-01-15,-10.37,-12.89,-8.11,1.24
2022-01-16,-6.75,-11.13,-4.07,1.37
2022-01-17,-7.46,-3.93,-4.23,0.52
2022-01-18,-1.03,-5.85,1.93,5.8
2022-01-19,-14.22,-15.41,-8.81,0.62
2022-01-20,-20.13,-23.52,-14.4,0.0
2022-01-21,-14.51,-23.76,-6.09,2.34
2022-01-22,-12.31,-17.87,-8.55,0.0
2022-01-23,-16.63,-17.71,-13.84,0.0
2022-01-24,-14.19,-16.24,-12.29,1.05
2022-01-25,-16.33,-24.3,-16.9,1.15
2022-01-26,-14.9,-25.58,-6.47,0.0
2022-01-27,-8.55,-18.14,-3.35,2.21
2022-01-28,-15.31,-25.63,-8.69,0.0
2022-01-29,-9.41,-12.55,-5.81,0.0
2022-01-30,-7.99,-15.9,-4.63,2.61
2022-01-31,-3.5,-12.54,-1.13,0.0
2022-02-01,-4.4,-14.05,0.82,0.0
2022-02-02,-15.23,-19.05,-12.76,0.0
2022-02-03,-18.5,-25.15,-15.04,0.0
2022-02-04,-17.26,-19.98,-12.0,1.66
2022-02-05,-13.36,-24.59,-8.33,5.52
2022-02-06,-8.97,-9.4,-8.16,1.53
2022-02-07,-8.2,-8.75,-5.54,0.0
2022-02-08,-5.3,-14.82,1.5,0.9
2022-02-09,-3.63,-7.68,-0.59,1.95
2022-02-10,-6.86,-9.42,-1.35,4.47
2022-02-11,-7.35,-16.4,-1.34,1.53
2022-02-12,-16.67,-26.06,-16.35,0.47
2022-02-13,-17.09,-26.89,-12.7,0.0
2022-02-14,-16.82,-26.43,-10.28,0.0
2022-02-15,-13.65,-24.48,-4.6,2.15
2022-02-16,-4.6,-8.47,-2.77,0.0
2022-02-17,-16.09,-25.39,-12.63,1.93
2022-02-18,-17.41,-28.4,-7.19,0.04
2022-02-19,-13.81,-20.07,-7.18,0.0
2022-02-20,-4.68,-10.11,-0.35,0.0
2022-02-21,-8.95,-12.55,-8.59,11.85
2022-02-22,-11.07,-13.53,-10.47,18.68
2022-02-23,-15.89,-24.4,-9.58,1.19
2022-02-24,-14.56,-25.39,-11.32,0.0
2022-02-25,-10.42,-13.55,-5.2,2.43
2022-02-26,-6.79,-14.99,0.79,0.0
2022-02-27,-6.04,-9.68,-3.18,0.14
2022-02-28,-5.02,-6.19,-3.14,2.35
2022-03-01,-3.77,-13.31,0.53,0.0
2022-03-02,-7.24,-16.28,-2.45,0.0
2022-03-03,-12.75,-23.02,-4.94,0.0
2022-03-04,-8.88,-19.17,-4.12,0.17
2022-03-05,-1.54,-4.84,-0.74,11.78
2022-03-06,-1.29,-5.27,-2.54,4.6
2022-03-07,-2.24,-9.66,0.0,0.0
2022-03-08,-3.81,-10.41,0.25,0.0
2022-03-09,-9.73,-12.04,-4.51,0.01
2022-03-10,-12.88,-24.41,-5.25,0.0
2022-03-11,-10.3,-16.85,-8.81,1.27
2022-03-12,-14.67,-21.33,-7.81,2.7
2022-03-14,-6.22,-11.79,-0.86,0.0
2022-03-15,-0.41,-13.65,10.79,0.0
2022-03-16,5.73,0.56,10.91,0.0
2022-03-17,3.06,-1.29,7.67,0.0
2022-03-18,0.48,-2.62,0.3,0.0
2022-03-19,1.17,-3.36,6.74,0.0
2022-03-20,0.85,-8.02,11.2,0.0
2022-03-21,1.67,-0.37,1.75,5.63
2022-03-22,0.5,-1.28,2.09,19.27
2022-03-23,1.45,0.32,-1.44,14.86
2022-03-24,-0.09,-3.15,2.56,2.52
2022-03-25,-2.95,-6.11,2.47,3.63
2022-03-26,-6.29,-7.78,-2.4,0.94
2022-03-27,-8.97,-12.86,-5.01,0.0
2022-03-28,-8.92,-16.31,-0.79,0.0
2022-03-29,-0.65,-9.01,3.25,0.92
2022-03-30,-0.38,0.92,-1.34,14.78
2022-03-31,-1.9,-1.38,0.5,1.55
2022-04-01,-2.53,-9.63,3.72,0.0
2022-04-02,3.21,-0.12,5.68,2.36
2022-04-03,3.42,-1.18,5.02,1.21
2022-04-04,2.73,-1.53,4.05,0.0
2022-04-05,1.5,-3.03,4.99,5.2
2022-04-06,2.17,0.12,4.72,13.3
2022-04-07,-1.55,-2.64,-0.33,8.72
2022-04-08,0.62,-2.72,3.61,1.72
2022-04-09,4.18,-2.22,5.49,0.0
2022-04-10,3.75,-5.42,10.69,0.0
2022-04-11,5.73,-1.14,10.67,5.22
2022-04-12,3.71,-3.22,8.1,5.33
2022-04-13,-0.37,-1.53,4.35,31.33
2022-04-14,-1.98,-2.15,2.06,2.7
2022-04-15,-3.88,-7.33,-3.43,0.97
2022-04-16,-1.84,-6.03,1.46,0.0
2022-04-17,-2.02,-6.01,1.35,0.0
2022-04-18,0.72,-2.38,2.63,7.43
2022-04-19,1.7,-3.99,3.06,0.0
2022-04-20,1.85,-1.18,7.6,12.32
2022-04-21,3.49,-1.01,7.36,0.0
2022-04-22,5.41,-2.01,6.65,2.59
2022-04-23,3.99,0.73,10.55,18.54
2022-04-24,8.04,3.24,11.34,1.44
2022-04-25,0.57,-0.56,4.67,0.0
2022-04-26,-1.52,-5.08,0.22,0.51
2022-04-27,-1.35,-7.23,2.39,0.0
2022-04-28,0.47,-4.72,6.13,0.0
2022-04-29,3.83,1.68,6.95,2.23
2022-04-30,6.91,4.11,10.5,20.79
2022-05-01,1.48,0.8,5.75,9.74
2022-05-02,5.39,2.85,9.58,0.0
2022-05-03,5.11,-2.03,7.04,0.0
2022-05-04,2.29,-3.55,10.74,0.0
2022-05-05,3.17,-5.35,9.16,0.0
2022-05-06,5.53,-1.33,10.33,0.0
2022-05-07,7.49,-1.86,18.57,0.0
2022-05-08,14.07,11.32,18.06,0.57
2022-05-09,15.58,9.19,24.84,0.0
2022-05-10,18.12,9.84,23.67,0.0
2022-05-11,7.92,3.24,16.93,0.0
2022-05-12,12.22,8.44,15.3,40.97
2022-05-13,11.48,5.92,20.0,0.0
2022-05-14,16.48,5.75,23.38,0.0
2022-05-15,13.77,5.75,20.3,0.0
2022-05-16,11.94,6.13,14.95,0.0
2022-05-17,5.12,1.9,11.61,0.0
2022-05-18,9.76,3.23,15.35,4.88
2022-05-19,9.99,4.68,11.94,2.49
2022-05-20,11.46,5.11,19.95,2.96
2022-05-21,5.21,4.21,10.5,0.74
2022-05-22,6.51,5.31,11.8,0.0
2022-05-23,8.75,4.87,12.99,1.13
2022-05-24,11.7,3.66,19.96,0.0
2022-05-25,6.57,2.52,11.0,11.09
2022-05-26,10.66,4.48,15.35,0.0
2022-05-27,11.58,2.98,16.23,0.0
2022-05-28,11.23,5.3,15.56,8.06
2022-05-29,14.06,6.11,26.83,0.0
2022-05-30,16.28,6.84,29.05,18.67
2022-05-31,19.79,12.28,21.32,0.0
2022-06-01,14.93,10.31,20.49,0.0
2022-06-02,15.88,10.25,21.86,0.0
2022-06-03,12.87,6.48,17.55,0.0
2022-06-04,14.12,5.61,24.16,0.0
2022-06-05,10.08,3.07,16.75,0.0
2022-06-06,10.46,1.48,14.5,0.0
2022-06-07,14.14,2.29,20.08,0.0
2022-06-08,14.62,6.26,20.0,0.0
2022-06-09,16.64,10.76,20.94,0.0
2022-06-10,19.08,13.0,23.72,0.0
2022-06-11,11.69,5.78,17.84,0.38
2022-06-12,8.82,4.96,19.29,0.0
2022-06-13,12.35,7.82,18.69,5.45
2022-06-14,14.61,12.05,31.93,2.03
2022-06-15,14.15,7.39,22.62,5.57
2022-06-16,16.79,14.22,22.43,0.0
2022-06-17,18.54,8.39,23.19,0.0
2022-06-18,12.63,9.1,17.31,0.0
2022-06-19,22.42,8.26,31.3,0.0
2022-06-20,27.38,9.72,36.59,0.0
2022-06-21,26.63,18.92,29.21,0.0
2022-06-22,20.0,11.88,24.75,0.0
