2020-01-23,-1.43,-2.22,-0.78,
2020-01-24,-0.35,-1.96,0.88,
2020-01-25,-1.67,-3.38,0.56,
2020-01-26,-3.48,-2.22,-2.61,
2020-01-27,-5.51,-6.24,-3.57,
2020-01-28,-9.23,-9.35,-7.21,
2020-01-29,-5.82,-10.39,-5.35,
2020-01-30,-6.11,-9.08,-4.6,
2020-01-31,-2.31,-6.8,-0.86,
2020-02-01,-0.92,-2.85,2.59,
2020-02-02,0.3,-5.17,4.34,
2020-02-03,-4.82,-9.48,0.94,
2020-02-04,-14.12,-21.77,-8.58,
2020-02-05,-11.59,-23.56,-2.46,
2020-02-06,-9.26,-19.48,0.47,
2020-02-07,-8.22,-17.8,-5.77,
2020-02-08,-9.21,-14.31,-4.97,
2020-02-09,-9.52,-18.82,-4.98,
2020-02-10,-9.24,-22.85,-2.54,
2020-02-11,-5.87,-4.51,-4.05,
2020-02-12,-8.15,-19.93,-2.48,
2020-02-13,-22.28,-25.54,-16.78,
2020-02-14,-17.34,-29.26,-8.45,
2020-02-15,-6.27,-12.18,-0.12,
2020-02-16,-13.78,-21.18,-7.24,
2020-02-18,-10.35,-16.94,-4.98,
2020-02-19,-17.52,-26.11,-12.73,
2020-02-20,-18.22,-30.89,-9.15,
2020-02-21,-5.24,-16.91,1.94,
2020-02-22,-1.35,-9.04,7.59,
2020-02-23,2.01,-3.41,6.77,
2020-02-24,-2.68,-9.69,2.41,
2020-02-25,-1.68,-7.97,0.1,
2020-02-26,-6.16,-8.17,-3.14,
2020-02-27,-11.15,-18.03,-4.11,
2020-02-29,-7.34,-20.76,3.34,
2020-03-01,2.49,-6.87,5.88,
2020-03-02,1.28,-3.14,2.2,
2020-03-03,0.05,-3.04,4.45,
2020-03-04,-2.42,-8.81,2.77,
2020-03-05,-1.93,-4.59,1.86,
2020-03-07,3.79,-2.97,9.53,
2020-03-09,-1.18,-5.22,3.96,
2020-03-10,-2.2,-10.04,4.76,
2020-03-11,1.02,-7.41,6.3,
2020-03-12,-0.17,1.44,2.67,
2020-03-13,-0.53,-7.24,-1.11,
2020-03-14,-5.41,-7.16,-2.87,
2020-03-15,-4.91,-10.38,-0.1,
2020-03-16,-0.44,-6.46,1.48,
2020-03-17,-0.2,-6.08,2.55,
2020-03-20,-4.66,-11.11,-1.48,
2020-03-21,-6.78,-15.75,0.14,
2020-03-22,0.6,-3.75,2.94,
2020-03-24,1.52,-6.32,5.71,
2020-03-25,3.19,-1.47,4.05,
2020-03-26,3.32,-2.41,6.88,
2020-03-27,3.28,-3.73,12.02,
2020-03-28,3.59,2.1,5.95,
2020-03-29,1.63,0.36,3.98,
2020-03-30,2.67,-0.85,10.64,
2020-03-31,0.54,-3.65,5.45,
2020-04-01,2.5,-2.83,10.76,
2020-04-02,9.04,-0.83,14.8,
2020-04-03,2.3,-4.71,11.1,
2020-04-04,-1.38,-9.53,6.12,
2020-04-05,1.82,-6.13,14.01,
2020-04-06,6.78,0.17,14.21,
2020-04-07,11.94,4.0,16.61,
2020-04-08,2.82,-3.11,12.44,
2020-04-09,2.25,-1.83,4.22,
2020-04-10,1.87,-6.56,8.09,
2020-04-11,4.08,-4.95,12.77,
2020-04-12,2.45,-1.02,2.31,
2020-04-13,-2.37,-4.41,1.08,
2020-04-14,-4.66,-9.02,-3.7,
2020-04-15,-3.97,-6.81,0.86,
2020-04-16,-0.26,-6.68,6.53,
2020-04-17,-0.09,-7.02,6.09,
2020-04-18,6.04,-0.66,12.42,
2020-04-19,1.59,-0.69,5.66,
2020-04-20,3.64,-0.46,9.01,
2020-04-21,2.26,-5.51,6.4,
2020-04-22,2.66,-2.15,11.28,
2020-04-23,4.38,-2.7,10.65,
2020-04-24,6.94,-0.06,16.95,
2020-04-25,7.76,-0.31,19.0,
2020-04-26,9.82,-1.31,17.87,
2020-04-27,9.8,1.47,18.33,
2020-04-28,4.5,1.01,5.47,
2020-04-29,8.06,4.33,13.87,
2020-04-30,9.59,4.28,18.21,
2020-05-04,1.98,-2.22,10.47,
2020-05-06,10.67,-0.48,16.11,
2020-05-08,1.15,-5.61,5.6,
2020-05-09,0.46,-5.94,8.72,
2020-05-10,3.52,0.05,5.41,
2020-05-11,3.95,-3.63,11.13,
2020-05-12,4.54,-3.51,13.39,
2020-05-13,5.55,-2.16,12.88,
2020-05-14,11.58,7.41,17.84,
2020-05-15,10.11,7.99,17.62,
2020-05-16,9.18,4.01,16.3,
2020-05-17,8.7,4.84,11.17,
2020-05-18,13.34,5.59,20.65,
2020-05-19,16.37,4.06,20.37,
2020-05-20,18.96,8.97,27.43,
2020-05-21,17.44,7.3,26.47,
2020-05-22,16.59,14.52,18.54,
2020-05-23,19.29,11.7,23.71,
2020-05-24,18.32,9.83,24.88,
2020-05-25,16.65,12.73,26.16,
2020-05-27,19.53,16.23,26.64,
2020-05-28,17.75,11.0,27.82,
2020-05-29,15.94,10.71,15.93,
2020-05-30,10.09,4.01,16.39,
2020-05-31,13.66,0.1,21.52,
2020-06-01,17.66,8.07,26.96,
2020-06-02,21.14,12.33,27.38,
2020-06-03,17.04,8.88,25.82,
2020-06-04,15.9,5.49,26.15,
2020-06-05,19.18,12.89,24.62,
2020-06-06,13.73,3.33,20.35,
2020-06-07,15.89,11.68,27.02,
2020-06-08,23.96,11.5,32.01,
2020-06-09,22.62,12.2,29.85,
2020-06-10,15.18,7.4,16.83,
2020-06-11,14.4,7.25,20.15,
2020-06-12,11.52,7.22,15.8,
2020-06-13,10.57,1.68,20.23,
2020-06-14,13.66,-1.0,23.48,
2020-06-15,19.57,14.05,25.17,
2020-06-16,23.23,16.49,32.05,
2020-06-17,22.18,14.51,27.9,
2020-06-18,21.26,12.41,27.85,
2020-06-19,18.02,12.57,24.32,
2020-06-20,15.98,7.07,19.68,
2020-06-21,17.42,5.63,27.18,
2020-06-22,17.41,10.22,21.35,
2020-06-23,17.53,11.21,23.59,
2020-06-24,16.68,9.12,22.97,
2020-06-25,17.77,7.08,26.07,
2020-06-26,22.94,17.08,31.91,
2020-06-27,21.01,9.78,29.63,
2020-06-28,22.92,9.69,30.06,
2020-06-30,23.87,14.28,32.89,
2020-07-01,24.49,20.05,31.23,
2020-07-02,26.66,18.05,31.68,
2020-07-03,23.85,16.71,31.98,
2020-07-04,23.01,17.66,31.65,
2020-07-05,23.57,17.15,31.64,
2020-07-06,19.18,16.96,28.32,
2020-07-07,23.22,13.17,31.92,
2020-07-08,20.22,16.83,32.46,
2020-07-10,22.32,13.02,26.37,
2020-07-11,19.71,11.9,27.06,
2020-07-12,18.46,12.41,26.34,
2020-07-13,19.37,11.05,27.45,
2020-07-14,18.19,11.67,21.9,
2020-07-15,17.41,9.33,24.82,
2020-07-16,20.23,12.3,27.1,
2020-07-17,23.1,9.94,31.87,
2020-07-19,18.81,15.65,23.96,
2020-07-20,18.4,7.54,23.63,
2020-07-21,15.28,11.95,18.93,
2020-07-22,13.03,8.91,19.31,
2020-07-23,14.97,7.5,23.36,
2020-07-24,22.11,14.39,31.7,
2020-07-25,24.84,23.17,29.13,
2020-07-26,24.11,18.0,30.16,
2020-07-27,19.0,11.4,26.78,
2020-07-28,19.52,10.2,26.23,
2020-07-29,18.8,10.03,26.03,
2020-07-30,19.34,9.0,25.13,
2020-07-31,17.75,7.92,27.09,
2020-08-01,17.78,7.8,26.22,
2020-08-02,16.48,11.3,20.17,
2020-08-03,12.51,9.23,19.45,
2020-08-04,15.64,9.04,20.99,
2020-08-05,14.24,8.03,23.1,
2020-08-06,17.77,7.4,25.74,
2020-08-07,18.0,14.48,25.65,
2020-08-08,21.24,17.21,26.46,
2020-08-14,22.71,16.14,27.09,
2020-08-15,17.0,12.71,21.61,
2020-08-17,17.69,12.15,23.21,
2020-08-18,13.66,6.06,25.13,
2020-08-19,20.08,11.7,24.04,
2020-08-20,22.19,18.01,27.04,
2020-08-21,22.37,15.25,27.6,
2020-08-23,19.7,15.21,25.04,
2020-08-24,20.22,13.49,26.97,
2020-08-26,23.42,16.15,25.4,
2020-08-27,19.21,14.9,24.7,
2020-08-28,15.92,16.02,23.56,
2020-08-29,16.81,9.24,21.47,
2020-08-31,16.0,8.38,20.25,
2020-09-01,13.52,4.8,21.13,
2020-09-02,16.68,9.68,23.02,
2020-09-03,14.83,7.01,19.18,
2020-09-04,13.22,2.28,19.68,
2020-09-05,12.08,1.83,22.42,
2020-09-06,16.1,7.48,22.08,
2020-09-07,9.7,8.08,14.83,
2020-09-08,6.13,0.99,9.75,
2020-09-12,13.33,10.75,13.4,
2020-09-13,12.0,5.18,17.34,
2020-09-14,10.77,1.49,19.25,
2020-09-15,17.95,12.61,22.83,
2020-09-17,4.87,-1.55,11.78,
2020-09-18,5.42,-2.56,15.09,
2020-09-19,9.73,-0.63,20.98,
2020-09-20,15.78,11.24,22.47,
2020-09-21,16.31,8.92,22.8,
2020-09-22,16.43,7.51,26.76,
2020-09-23,15.99,6.99,28.38,
2020-09-24,13.81,11.23,15.4,
2020-09-25,15.44,12.04,23.44,
2020-09-26,13.75,11.56,16.2,
2020-09-28,6.95,6.99,9.31,
2020-09-29,8.63,4.85,17.08,
2020-09-30,7.45,5.78,14.76,
2020-10-01,7.26,3.46,11.46,
2020-10-02,3.72,-1.44,5.3,
2020-10-03,3.66,-3.5,7.0,
2020-10-04,3.72,-4.88,9.78,
2020-10-05,8.89,5.32,16.37,
2020-10-06,13.46,6.18,21.46,
2020-10-07,12.62,2.89,17.73,
2020-10-08,7.12,-1.93,16.08,
2020-10-09,17.54,9.18,25.78,
2020-10-10,9.43,0.19,13.98,
2020-10-12,11.51,2.05,15.15,
2020-10-13,7.66,3.04,14.88,
2020-10-14,6.78,1.73,13.41,
2020-10-15,2.28,-2.47,8.32,
2020-10-16,-0.41,-1.48,5.9,
2020-10-17,-0.05,-6.87,5.99,
2020-10-18,-1.8,-2.71,0.81,
2020-10-20,-0.04,-1.32,2.29,
2020-10-21,0.88,-1.76,0.51,
2020-10-22,0.38,-1.14,-2.2,
2020-10-23,-1.44,-2.05,0.43,
2020-10-24,-2.43,-7.4,-0.94,
2020-10-25,-3.86,-7.34,-1.41,
2020-10-26,-4.23,-13.25,-0.71,
2020-10-27,-4.47,-13.46,-1.08,
2020-10-29,-2.87,-10.31,1.05,
2020-10-30,-0.91,-10.2,4.68,
2020-10-31,4.02,-1.77,7.78,
2020-11-01,-2.77,-5.77,2.5,
2020-11-03,7.51,-1.68,19.16,
2020-11-07,15.78,14.56,19.7,
2020-11-08,14.48,13.06,21.07,
2020-11-09,10.28,0.06,17.43,
2020-11-11,-2.54,-5.06,1.03,
2020-11-13,-4.32,-8.45,-1.75,
2020-11-15,0.21,-5.36,-2.05,
2020-11-16,-3.37,-5.44,0.5,
2020-11-17,-5.54,-14.12,-0.85,
2020-11-20,-1.41,-8.02,0.24,
2020-11-21,-2.81,-7.39,2.58,
2020-11-22,-0.2,-4.78,-0.5,
2020-11-23,-5.95,-11.82,0.24,
2020-11-24,-1.6,-6.99,0.85,
2020-11-25,1.4,-3.2,-0.01,
2020-11-26,-1.99,-1.86,0.1,
2020-11-27,-1.76,-3.7,-1.79,
2020-11-28,-0.51,-5.82,6.34,
2020-11-29,-2.46,-5.94,1.09,
2020-11-30,-7.54,-13.7,-3.76,
2020-12-01,-7.65,-16.83,0.02,
2020-12-02,-4.02,-11.91,2.78,
2020-12-03,-0.96,-4.54,1.46,
2020-12-04,-3.96,-9.06,-0.39,
2020-12-05,-2.96,-11.46,-1.52,
2020-12-06,-0.55,-4.74,0.52,
2020-12-07,-0.58,-1.58,0.34,
2020-12-08,-1.27,-0.22,1.0,
2020-12-09,-0.07,-4.46,8.67,
2020-12-10,1.03,-4.43,5.92,
2020-12-11,0.65,-1.74,0.1,
2020-12-12,-2.78,-5.29,-1.48,
2020-12-13,-6.82,-6.64,-3.75,
2020-12-14,-13.12,-20.79,-5.35,
2020-12-15,-12.49,-23.3,-7.09,
2020-12-16,-8.15,-15.01,-1.4,
2020-12-17,-8.03,-12.62,-0.23,
2020-12-18,-2.0,-10.99,1.1,
2020-12-19,-3.75,-8.63,-2.01,
2020-12-20,-3.8,-9.14,-0.39,
2020-12-21,-0.29,-4.0,1.08,
2020-12-22,-1.69,-4.3,2.03,
2020-12-23,-2.99,-13.49,2.13,
2020-12-24,-18.12,-20.69,-14.09,
2020-12-25,-14.72,-21.91,-8.41,
2020-12-26,-6.36,-9.5,-3.81,
2020-12-27,-5.22,-12.94,-3.27,
2020-12-28,-13.27,-23.06,-8.17,
2020-12-29,-18.41,-29.47,-7.26,
2020-12-30,-6.29,-11.9,-5.23,
2020-12-31,-11.15,-16.39,-7.6,
2021-01-01,-8.8,-10.77,-5.33,
2021-01-02,-5.34,-11.63,-1.31,0.0
2021-01-03,-5.24,-13.14,1.66,0.0
2021-01-04,-5.22,-12.01,-0.91,1.05
2021-01-05,-8.38,-11.5,-0.24,0.0
2021-01-06,-4.52,-9.97,-0.36,0.0
2021-01-07,-6.16,-9.81,-2.85,0.0
2021-01-08,-8.73,-10.46,-5.22,0.0
2021-01-09,-4.46,-8.75,-3.04,0.0
2021-01-10,-4.8,-10.71,-3.38,0.0
2021-01-11,-3.22,-7.32,0.12,0.0
2021-01-12,-5.97,-10.36,-1.3,0.0
2021-01-13,-4.78,-10.84,1.11,0.0
2021-01-14,0.83,-5.21,0.0,3.41
2021-01-15,0.13,-1.49,-1.66,5.84
2021-01-16,-1.69,-2.59,-1.15,0.18
2021-01-17,-5.12,-4.93,-4.81,0.0
2021-01-18,-6.0,-11.12,-7.14,0.0
2021-01-19,-14.41,-21.35,-12.19,0.0
2021-01-20,-7.12,-22.08,1.55,0.0
2021-01-21,-5.45,-15.88,-0.58,0.0
2021-01-22,-16.13,-22.73,-11.57,0.0
2021-01-23,-9.49,-11.89,-7.72,0.45
2021-01-24,-9.57,-17.86,-2.88,2.25
2021-01-25,-12.41,-20.31,-7.35,0.0
2021-01-26,-11.48,-17.7,-8.07,0.0
2021-01-27,-17.38,-26.92,-9.46,0.0
2021-01-28,-15.01,-24.71,-6.21,0.0
2021-01-29,-9.15,-17.45,-2.8,0.0
2021-01-30,-1.04,-4.17,-1.39,3.06
2021-01-31,-4.0,-3.71,-0.12,1.75
2021-02-01,-2.42,-7.42,-0.78,0.0
2021-02-02,-6.91,-16.15,-4.12,0.0
2021-02-03,-4.16,-17.19,2.5,1.44
2021-02-04,-6.09,-13.71,-0.19,9.99
2021-02-05,-14.04,-18.33,-14.28,0.15
2021-02-06,-20.89,-25.35,-17.92,0.0
2021-02-07,-25.12,-32.15,-20.11,0.0
2021-02-08,-25.37,-31.86,-15.98,0.0
2021-02-09,-21.24,-29.66,-15.62,0.0
2021-02-10,-21.47,-26.97,-14.35,0.0
2021-02-11,-23.51,-31.51,-19.41,0.56
2021-02-12,-24.73,-31.06,-18.84,0.69
2021-02-13,-26.94,-36.49,-19.91,0.0
2021-02-14,-27.29,-34.78,-18.59,0.0
2021-02-15,-27.23,-36.2,-17.39,0.0
2021-02-16,-19.43,-34.28,-8.96,0.0
2021-02-17,-18.77,-30.96,-9.05,1.3
2021-02-18,-12.39,-12.55,-8.08,0.0
2021-02-19,-12.44,-21.94,-5.39,0.0
2021-02-20,-12.98,-27.94,-5.56,0.0
2021-02-21,-3.92,-7.83,-0.3,1.94
2021-02-22,-0.63,-3.73,3.05,0.0
2021-02-23,3.01,-2.39,4.75,0.42
2021-02-24,-1.25,-3.76,1.64,3.1
2021-02-25,-0.5,-4.86,0.69,0.3
2021-02-26,-0.46,-1.92,4.94,0.0
2021-02-27,-1.25,-5.08,3.74,0.0
2021-02-28,-3.14,-7.57,-0.94,3.23
2021-03-01,-10.38,-15.33,-6.54,0.0
2021-03-02,-1.65,-10.88,5.56,0.0
2021-03-03,0.44,-5.43,3.19,0.0
2021-03-04,-0.49,-6.45,4.7,0.0
2021-03-05,-0.62,-7.68,6.17,0.0
2021-03-06,-2.82,-12.27,5.55,0.0
2021-03-07,3.36,-7.1,11.81,0.0
2021-03-08,3.43,-1.85,9.44,0.0
2021-03-09,9.39,1.81,16.57,0.0
2021-03-10,2.49,-2.06,6.92,25.76
2021-03-11,1.64,-3.19,6.06,3.4
2021-03-12,-5.13,-5.49,-0.66,0.0
2021-03-13,4.13,-6.63,15.35,0.0
2021-03-15,-1.05,-7.1,6.47,0.2
2021-03-16,-2.32,-1.22,3.14,0.0
2021-03-17,1.99,-3.15,6.97,1.36
2021-03-18,1.27,-3.2,7.69,0.0
2021-03-19,2.02,-6.26,12.03,0.0
2021-03-20,5.35,1.8,14.21,0.0
2021-03-21,10.49,4.76,15.85,0.75
2021-03-22,7.04,1.77,11.45,1.9
2021-03-23,4.07,2.65,6.86,4.26
2021-03-24,1.48,-1.79,2.53,18.3
2021-03-25,-1.6,-5.17,4.42,0.0
2021-03-26,-1.99,-3.54,1.84,0.0
2021-03-27,2.22,-2.68,6.56,7.78
2021-03-28,-0.34,-3.86,4.85,1.59
2021-03-29,9.29,-0.92,18.06,0.0
2021-03-30,3.28,-2.13,12.41,0.0
2021-03-31,-3.85,-8.0,-1.21,0.0
2021-04-01,-1.95,-7.53,4.84,0.0
2021-04-02,5.05,-3.09,11.11,0.0
2021-04-03,9.64,-0.72,18.17,0.0
2021-04-04,11.94,3.55,19.19,0.0
2021-04-05,13.51,3.31,25.2,3.95
2021-04-06,9.49,3.82,14.86,3.58
2021-04-07,7.51,5.18,9.79,20.09
2021-04-08,6.9,3.84,7.18,4.5
2021-04-09,4.8,3.96,9.41,4.9
2021-04-10,5.64,4.53,9.7,1.07
2021-04-11,4.24,2.49,7.07,9.18
2021-04-12,5.42,1.4,7.59,11.91
2021-04-13,1.47,0.14,1.48,1.04
2021-04-14,3.61,0.44,5.59,3.19
2021-04-15,5.86,1.52,10.46,0.0
2021-04-16,6.54,-0.65,12.62,0.0
2021-04-17,4.4,-4.02,11.93,0.0
2021-04-18,6.35,-3.5,15.33,4.42
2021-04-19,-0.15,-1.61,3.16,0.0
2021-04-20,0.33,-2.42,2.11,1.55
2021-04-21,-1.14,-6.04,3.27,0.0
2021-04-22,3.79,-7.0,18.32,0.0
2021-04-23,5.85,-2.96,7.84,1.47
2021-04-24,2.28,-2.67,6.74,2.92
2021-04-25,1.53,-7.66,9.53,0.14
2021-04-26,2.64,-0.88,2.72,10.2
2021-04-27,5.11,1.51,4.33,0.11
2021-04-28,6.42,0.89,18.1,0.0
2021-04-29,7.91,-0.46,16.21,1.77
2021-04-30,8.48,2.08,13.95,0.0
2021-05-01,19.73,8.83,29.42,1.97
2021-05-02,11.05,5.94,18.08,0.0
2021-05-03,6.26,3.9,9.45,0.0
2021-05-04,7.27,2.44,9.92,0.0
2021-05-05,7.37,-2.06,13.76,0.0
2021-05-06,6.42,-0.81,12.66,0.0
2021-05-07,2.45,-1.14,11.23,0.0
2021-05-08,7.25,-5.78,15.17,0.0
2021-05-09,5.44,0.92,10.69,0.0
2021-05-10,4.05,-4.07,10.52,1.45
2021-05-11,4.38,-6.08,15.71,0.0
2021-05-12,10.45,-3.32,20.05,0.0
2021-05-13,11.51,-0.75,21.85,0.0
2021-05-14,10.91,0.68,21.07,1.83
2021-05-15,12.37,7.7,17.25,4.2
2021-05-16,13.89,3.68,21.17,0.0
2021-05-17,16.87,6.58,27.53,0.0
2021-05-18,15.92,6.53,25.88,0.0
2021-05-19,17.93,15.04,23.06,1.11
2021-05-20,19.47,18.75,20.17,12.5
2021-05-21,17.4,18.48,25.98,23.69
2021-05-22,19.7,17.7,28.81,0.0
2021-05-23,6.02,5.25,20.76,0.38
2021-05-24,16.83,4.46,28.26,4.53
2021-05-25,22.24,16.3,27.95,5.78
2021-05-26,11.43,7.26,16.07,0.0
2021-05-27,5.34,1.46,8.13,0.0
2021-05-28,7.58,-1.12,15.56,0.0
2021-05-29,10.76,-1.6,19.87,0.0
2021-05-30,10.75,3.71,14.34,2.86
2021-05-31,13.05,7.1,20.66,16.43
2021-06-01,16.15,5.01,25.08,0.0
2021-06-02,16.77,10.95,24.94,1.35
2021-06-03,20.9,12.45,26.47,1.45
2021-06-04,25.45,10.74,33.85,0.0
2021-06-05,24.3,17.45,34.49,2.77
2021-06-06,25.36,15.48,30.43,0.0
2021-06-07,25.49,17.21,30.88,0.0
2021-06-08,24.0,15.43,33.55,0.0
2021-06-09,22.62,15.2,31.99,1.76
2021-06-10,26.33,16.56,34.68,0.07
2021-06-11,15.76,10.47,24.65,11.0
2021-06-12,19.14,7.25,27.74,0.0
2021-06-13,21.04,8.21,30.25,0.0
2021-06-14,16.55,5.6,27.83,0.0
2021-06-15,18.42,7.65,24.85,0.0
2021-06-16,17.75,5.36,27.54,0.0
2021-06-17,21.63,16.32,27.97,1.83
2021-06-18,21.51,9.85,29.2,0.0
2021-06-19,16.82,6.98,21.37,0.0
2021-06-20,14.52,5.38,14.72,27.38
2021-06-21,9.24,5.88,15.01,1.0
2021-06-22,10.72,5.83,21.54,0.0
2021-06-23,18.48,5.34,27.92,0.0
2021-06-24,23.21,15.68,25.5,6.75
2021-06-25,19.65,11.41,26.75,0.0
2021-06-26,18.99,12.81,22.71,0.64
2021-06-27,20.46,13.83,24.07,1.81
2021-06-28,18.93,11.71,25.25,6.29
2021-06-29,18.73,16.12,23.75,11.29
2021-06-30,19.27,11.05,28.25,0.0
2021-07-01,16.6,11.03,23.57,0.0
2021-07-02,16.58,8.45,27.58,0.0
2021-07-03,22.41,15.57,30.19,0.0
2021-07-04,25.31,14.73,33.17,0.0
2021-07-05,26.68,17.39,31.08,2.58
2021-07-06,13.94,12.28,20.77,29.95
2021-07-07,16.3,11.07,19.38,0.0
2021-07-08,14.96,5.74,22.05,0.0
2021-07-09,16.52,5.08,26.64,0.0
2021-07-10,18.32,8.77,28.49,0.0
2021-07-11,18.07,8.52,28.51,0.0
2021-07-12,19.24,12.34,26.75,0.0
2021-07-13,19.95,7.96,28.19,0.33
2021-07-14,18.54,10.16,23.33,0.0
2021-07-15,18.83,12.1,26.39,0.0
2021-07-16,20.73,9.22,28.4,0.0
2021-07-17,20.59,9.87,31.3,0.0
2021-07-18,19.61,10.97,27.9,0.0
2021-07-19,19.52,10.89,29.33,0.0
2021-07-20,17.98,14.03,21.57,1.08
2021-07-21,15.56,12.62,20.98,0.0
2021-07-22,22.34,17.49,29.8,3.24
2021-07-23,25.33,20.81,31.13,9.08
2021-07-24,21.98,18.03,28.89,15.07
2021-07-25,20.57,12.3,31.26,0.0
2021-07-26,19.95,12.74,31.17,19.69
2021-07-27,21.11,17.73,27.76,0.0
2021-07-28,20.9,13.32,24.77,19.64
2021-07-29,18.38,13.64,27.35,0.0
2021-07-30,18.08,11.71,26.39,0.0
2021-07-31,19.92,14.55,26.57,0.0
2021-08-01,16.33,11.53,21.87,0.0
2021-08-02,17.38,7.63,25.87,0.0
2021-08-03,20.44,11.05,27.07,0.0
2021-08-04,21.45,13.67,25.95,0.0
2021-08-05,19.6,17.64,25.2,11.95
2021-08-06,18.92,16.52,27.79,0.42
2021-08-07,18.85,14.81,19.63,8.91
2021-08-08,20.46,16.54,23.69,3.44
2021-08-09,21.96,17.59,27.01,1.18
2021-08-10,21.9,13.83,27.41,1.0
2021-08-11,19.72,12.14,25.7,2.88
2021-08-12,17.49,9.23,23.98,0.0
2021-08-13,13.18,7.21,22.07,0.0
2021-08-14,16.6,4.6,27.21,0.0
2021-08-15,21.27,14.82,29.64,0.0
2021-08-16,21.74,14.16,28.39,0.0
2021-08-17,22.28,13.59,30.66,0.0
2021-08-18,22.38,15.8,31.02,0.0
2021-08-19,22.59,17.84,30.82,0.0
2021-08-20,24.48,16.35,29.01,0.0
2021-08-21,18.29,10.22,24.39,1.8
2021-08-22,15.04,3.92,24.62,0.0
2021-08-23,21.43,12.03,28.65,1.98
2021-08-24,17.82,12.41,24.96,19.87
2021-08-25,20.19,13.44,26.02,0.0
2021-08-26,16.49,11.17,21.02,2.06
2021-08-27,17.32,16.54,22.74,18.82
2021-08-28,19.89,19.51,23.3,62.69
2021-08-29,20.24,9.1,26.19,8.27
2021-08-30,15.69,7.89,22.25,0.0
2021-08-31,17.19,7.94,24.14,0.0
2021-09-01,17.6,10.81,22.54,0.0
2021-09-02,12.63,9.97,21.29,1.06
2021-09-03,14.46,13.2,14.28,3.71
2021-09-04,14.66,12.78,20.74,2.55
2021-09-05,13.37,9.46,19.94,0.55
2021-09-06,13.18,4.34,24.75,0.0
2021-09-07,18.77,12.08,20.65,8.7
2021-09-08,16.24,10.81,20.28,5.81
2021-09-09,13.4,6.91,19.7,0.0
2021-09-10,15.76,7.21,25.67,0.0
2021-09-11,16.99,10.94,22.07,0.0
2021-09-12,12.55,7.05,20.99,0.0
2021-09-13,12.93,5.04,25.63,5.77
2021-09-14,14.26,6.16,18.24,28.15
2021-09-15,14.1,4.04,22.57,0.0
2021-09-16,19.44,13.53,23.93,2.51
2021-09-17,14.93,5.75,22.94,13.59
2021-09-18,11.93,0.84,23.23,0.0
2021-09-19,21.24,16.94,29.14,0.0
2021-09-20,19.27,9.4,24.33,32.43
2021-09-21,12.41,3.64,17.65,0.0
2021-09-22,8.84,-1.5,19.63,0.0
2021-09-23,9.81,1.48,21.97,0.0
2021-09-24,7.96,3.95,15.67,9.71
2021-09-25,6.54,0.37,12.85,0.0
2021-09-26,12.87,6.78,22.81,1.17
2021-09-27,13.51,6.68,19.25,0.0
2021-09-28,13.08,2.56,23.39,0.0
2021-09-29,14.57,8.04,26.85,0.0
2021-09-30,17.5,9.5,28.95,0.0
2021-10-01,17.34,13.19,22.28,3.56
2021-10-02,15.97,16.29,23.05,17.32
2021-10-03,13.89,10.36,16.86,2.82
2021-10-04,15.34,7.74,19.69,0.0
2021-10-05,12.32,7.16,19.58,0.0
2021-10-06,14.9,6.72,20.75,0.0
2021-10-07,15.6,6.33,23.46,1.46
2021-10-08,14.73,14.2,15.93,8.13
2021-10-09,16.56,12.63,23.62,9.08
2021-10-10,17.15,12.8,24.18,15.35
2021-10-11,12.01,9.36,13.63,0.0
2021-10-12,15.37,13.63,16.17,0.0
2021-10-13,15.53,10.85,16.01,21.17
2021-10-14,8.49,5.28,14.35,0.0
2021-10-15,5.87,0.7,10.81,0.0
2021-10-16,6.69,-0.96,14.32,0.0
2021-10-17,7.65,-0.44,17.15,0.0
2021-10-18,10.17,0.94,21.18,0.0
2021-10-19,11.2,2.76,22.52,0.0
2021-10-20,6.99,5.57,12.12,11.36
2021-10-21,2.53,-3.03,7.03,2.22
2021-10-22,-0.87,-1.29,5.05,0.0
2021-10-23,2.43,-3.26,7.65,0.0
2021-10-24,0.85,-4.61,7.05,0.0
2021-10-25,3.91,-0.1,7.7,0.0
2021-10-26,4.56,-2.63,9.38,0.0
2021-10-27,2.98,-0.26,9.22,10.43
2021-10-28,7.18,5.42,10.89,1.55
2021-10-29,7.08,-1.68,11.72,0.79
2021-10-30,1.52,-2.05,10.76,0.0
2021-10-31,4.39,0.27,6.0,0.03
2021-11-01,1.48,-0.76,5.47,0.0
2021-11-02,-0.67,-3.64,1.37,1.45
2021-11-03,-1.1,-5.85,4.08,0.0
2021-11-04,-0.11,-7.4,8.46,0.0
2021-11-05,8.26,3.06,11.91,0.0
2021-11-06,11.09,0.07,16.99,0.0
2021-11-07,8.41,-1.69,14.47,0.0
2021-11-08,6.34,-4.34,9.23,0.0
2021-11-09,-0.53,-9.49,12.73,0.0
2021-11-10,2.48,-4.07,8.77,5.59
2021-11-11,1.86,1.65,5.61,37.5
2021-11-12,1.82,0.25,1.89,3.45
2021-11-13,-1.72,-2.28,2.54,3.73
2021-11-14,-1.0,-6.24,-1.96,1.59
2021-11-15,-5.22,-11.48,-0.12,0.0
2021-11-16,-0.94,-5.46,4.11,2.33
2021-11-17,-0.64,-1.3,3.3,0.0
2021-11-18,0.26,-1.5,-1.55,0.0
2021-11-19,-1.66,-7.62,1.85,0.0
2021-11-20,-0.14,-7.72,5.43,0.0
2021-11-21,-5.69,-11.89,-0.05,1.31
2021-11-22,-7.91,-11.29,-3.93,0.0
2021-11-23,-2.7,-12.68,8.31,0.0
2021-11-24,0.86,-2.27,4.93,0.0
2021-11-25,-10.1,-16.44,-2.05,0.0
2021-11-26,-6.4,-15.62,-2.2,0.55
2021-11-27,-1.1,-2.89,0.46,1.34
2021-11-28,-4.18,-6.43,0.1,0.0
2021-11-29,0.09,-7.26,3.73,5.64
2021-11-30,-2.94,-6.44,2.26,0.0
2021-12-01,1.48,-0.85,5.81,2.41
2021-12-02,1.18,-0.71,6.25,0.0
2021-12-03,1.29,-2.33,2.01,3.08
2021-12-04,-2.22,-5.13,-1.91,0.0
2021-12-05,-3.49,-4.38,0.35,9.53
2021-12-06,-15.52,-23.0,-5.52,1.67
2021-12-07,-17.33,-24.13,-11.14,0.0
2021-12-08,-13.6,-21.22,-3.49,0.0
2021-12-09,-1.74,-6.64,1.27,1.96
2021-12-10,-5.18,-8.21,-1.91,2.35
2021-12-11,-3.56,-5.85,2.32,2.4
2021-12-12,-1.0,-7.02,2.58,0.0
2021-12-13,-1.01,-4.22,2.35,0.0
2021-12-14,1.58,-1.36,6.65,0.0
2021-12-15,7.66,2.18,11.5,10.66
2021-12-16,-5.18,-11.89,9.5,5.17
2021-12-17,-10.98,-15.56,-7.14,0.0
2021-12-18,-11.21,-18.28,-4.82,0.77
2021-12-19,-10.15,-17.5,-3.31,0.0
2021-12-20,-8.34,-20.66,-1.09,1.55
2021-12-21,-10.74,-13.42,-10.43,6.1
2021-12-22,-14.16,-26.39,-8.22,0.0
2021-12-23,-7.23,-10.66,-0.35,0.0
2021-12-24,-0.54,-11.44,6.31,0.0
2021-12-25,-9.83,-12.41,-4.12,0.2
2021-12-26,-4.24,-9.26,-1.62,2.33
2021-12-27,-8.98,-19.5,-1.67,9.5
2021-12-28,-13.35,-22.07,-7.37,6.52
2021-12-29,-17.94,-22.5,-10.62,0.0
2021-12-30,-10.64,-19.25,-5.52,0.0
2021-12-31,-12.86,-21.12,-6.38,0.0
2022-01-01,-24.42,-30.31,-17.51,0.0
2022-01-02,-24.06,-33.62,-14.83,0.0
2022-01-03,-15.14,-19.81,-8.99,0.0
2022-01-04,-12.9,-17.91,-6.31,0.0
2022-01-05,-11.14,-16.95,-5.27,5.94
2022-01-06,-20.61,-25.71,-16.04,0.0
2022-01-07,-21.11,-33.05,-12.61,1.09
2022-01-08,-8.38,-10.9,-3.95,0.0
2022-01-09,-19.52,-25.12,-13.01,0.0
2022-01-10,-25.45,-30.48,-17.95,0.0
2022-01-11,-12.71,-17.82,-4.67,0.0
2022-01-12,-4.28,-7.34,-2.23,0.0
2022-01-13,-6.16,-9.86,-1.62,2.01
2022-01-14,-10.87,-14.93,-10.56,0.0
2022-01-15,-14.61,-20.79,-7.53,0.0
2022-01-16,-8.75,-11.18,-2.28,2.75
2022-01-17,-3.52,-9.15,-4.37,0.0
2022-01-18,-3.28,-11.73,3.67,3.4
2022-01-19,-16.85,-21.68,-11.19,1.53
2022-01-20,-22.16,-27.04,-16.97,0.0
2022-01-21,-15.67,-28.38,-10.29,3.79
2022-01-22,-13.49,-16.78,-5.68,1.53
2022-01-23,-20.65,-28.61,-17.17,0.04
2022-01-24,-14.44,-19.93,-13.05,0.21
2022-01-25,-23.83,-32.37,-16.53,0.0
2022-01-26,-18.28,-31.82,-7.27,0.04
2022-01-27,-9.28,-21.25,-0.92,0.0
2022-01-28,-18.01,-27.73,-11.05,0.0
2022-01-29,-10.81,-17.25,-5.05,0.0
2022-01-30,-9.88,-15.04,-4.74,0.0
2022-01-31,-7.13,-9.88,-0.55,0.0
2022-02-01,-8.76,-14.11,0.24,0.0
2022-02-02,-19.92,-22.06,-14.91,0.0
2022-02-03,-22.35,-31.45,-15.46,0.0
2022-02-04,-19.59,-27.69,-11.45,0.45
2022-02-05,-14.64,-25.71,-9.55,1.46
2022-02-06,-10.15,-10.58,-8.23,0.0
2022-02-07,-9.54,-15.29,-8.19,0.0
2022-02-08,-6.82,-14.18,-1.45,0.0
2022-02-09,-3.31,-8.75,-0.07,0.19
2022-02-10,-8.48,-10.81,-1.62,7.38
2022-02-11,-8.7,-19.23,1.89,0.0
2022-02-12,-23.49,-26.79,-15.29,0.0
2022-02-13,-21.1,-27.55,-10.77,1.05
2022-02-14,-16.7,-23.36,-9.02,1.73
2022-02-15,-12.32,-21.88,-5.12,0.23
2022-02-16,-7.92,-12.36,-1.94,0.0
2022-02-17,-19.51,-30.04,-15.45,0.0
2022-02-18,-16.45,-29.47,-5.79,2.37
2022-02-19,-16.34,-24.17,-6.58,0.0
2022-02-20,-2.01,-10.47,2.65,0.0
2022-02-21,-9.99,-11.64,-8.44,13.51
2022-02-22,-13.11,-18.38,-10.37,7.63
2022-02-23,-17.34,-21.99,-10.43,0.02
2022-02-24,-16.24,-28.99,-10.54,0.0
2022-02-25,-13.13,-21.82,-5.7,0.0
2022-02-26,-9.12,-20.22,1.3,0.0
2022-02-27,-5.66,-9.75,0.73,0.0
2022-02-28,-2.96,-7.54,2.38,0.0
2022-03-01,-3.19,-12.06,1.12,0.0
2022-03-02,-6.42,-12.09,-2.6,0.0
2022-03-03,-12.33,-25.66,-1.26,0.0
2022-03-04,-7.58,-17.58,0.35,0.0
2022-03-05,-1.05,-3.68,-0.97,9.45
2022-03-06,-1.18,-3.83,0.89,7.99
2022-03-07,-5.95,-11.23,0.66,0.0
2022-03-08,-3.82,-11.51,0.04,0.0
2022-03-09,-11.05,-17.74,-6.49,0.0
2022-03-10,-12.88,-25.59,-8.58,0.0
2022-03-11,-14.76,-20.51,-8.35,0.0
2022-03-12,-14.46,-28.83,-9.3,0.41
2022-03-14,-2.38,-3.99,3.34,2.16
2022-03-15,-0.06,-8.81,8.8,0.0
2022-03-16,6.35,1.17,9.01,0.0
2022-03-17,2.41,-1.18,8.59,0.0
2022-03-18,-1.12,-5.99,0.65,0.0
2022-03-19,0.88,-3.67,9.49,0.0
2022-03-20,1.68,-7.58,13.07,0.0
2022-03-21,3.16,1.14,8.78,0.12
2022-03-22,-0.08,-0.67,2.25,12.4
2022-03-23,0.47,0.79,0.11,10.1
2022-03-24,2.96,-3.5,6.76,0.0
2022-03-25,-0.98,-7.46,1.65,1.07
2022-03-26,-5.83,-8.18,-1.42,0.0
2022-03-27,-10.45,-17.59,-1.74,0.0
2022-03-28,-7.81,-17.87,0.98,0.0
2022-03-29,0.32,-1.47,3.81,4.55
2022-03-30,-0.22,-0.63,-0.02,8.29
2022-03-31,-1.12,-6.65,-0.26,0.99
2022-04-01,-3.1,-12.43,6.42,0.0
2022-04-02,1.17,0.39,3.4,2.39
2022-04-03,1.68,-4.16,8.28,0.0
2022-04-04,1.17,-3.12,2.31,1.6
2022-04-05,1.3,-4.3,6.61,4.26
2022-04-06,3.02,-0.58,3.95,15.11
2022-04-07,-1.13,-1.75,1.99,9.03
2022-04-08,0.87,-4.51,5.97,0.0
2022-04-09,4.62,-3.48,9.4,0.0
2022-04-10,5.92,-1.94,14.27,0.0
2022-04-11,5.46,-3.71,10.55,2.73
2022-04-12,3.28,-1.54,8.97,5.37
2022-04-13,2.91,-1.22,3.51,6.8
2022-04-14,-2.12,-2.59,0.61,3.3
2022-04-15,-5.61,-8.71,-2.17,0.53
2022-04-16,-1.35,-7.04,1.31,0.26
2022-04-17,-1.08,-10.01,3.46,0.0
2022-04-18,0.65,-0.83,0.75,6.96
2022-04-19,-0.35,-5.1,6.74,0.0
2022-04-20,3.84,3.32,7.65,19.31
2022-04-21,3.9,1.44,10.36,0.01
2022-04-22,4.19,0.56,7.42,12.08
2022-04-23,12.2,3.4,19.78,11.83
2022-04-24,4.84,2.72,14.49,2.44
2022-04-25,1.29,-2.73,2.07,0.0
2022-04-26,-1.95,-5.88,0.04,0.0
2022-04-27,0.65,-9.07,8.73,0.0
2022-04-28,4.77,-4.86,13.92,0.0
2022-04-29,7.76,6.74,13.47,0.0
2022-04-30,8.14,7.04,13.38,24.93
2022-05-01,4.72,1.69,7.32,16.37
2022-05-02,3.38,3.39,9.33,0.0
2022-05-03,5.28,2.33,10.6,0.0
2022-05-04,6.78,-4.81,17.1,0.0
2022-05-05,9.42,1.22,18.55,0.0
2022-05-06,8.75,-0.88,21.27,0.0
2022-05-07,13.71,2.13,20.95,0.0
2022-05-08,14.43,9.28,15.15,1.1
2022-05-09,15.89,12.94,23.94,2.45
2022-05-10,20.55,13.07,27.31,0.0
2022-05-11,15.24,9.1,23.95,1.62
2022-05-12,15.28,10.53,23.03,37.82
2022-05-13,18.71,10.28,25.86,9.65
2022-05-14,13.96,4.52,24.53,0.94
2022-05-15,14.17,4.4,22.34,0.43
2022-05-16,12.29,2.78,17.15,0.0
2022-05-17,8.71,-0.66,18.84,0.0
2022-05-18,10.57,6.15,19.18,6.12
2022-05-19,11.73,6.36,18.2,0.0
2022-05-20,9.26,5.56,18.27,11.4
2022-05-21,6.24,3.33,9.3,0.0
2022-05-22,8.73,2.86,11.69,0.7
2022-05-23,10.34,0.43,17.53,0.0
2022-05-24,11.99,3.8,20.32,0.0
2022-05-25,8.1,7.91,13.41,5.74
2022-05-26,8.42,2.66,13.31,0.0
2022-05-27,15.77,-0.64,23.34,0.0
2022-05-28,13.53,9.7,20.31,4.81
2022-05-29,17.51,10.77,24.97,0.0
2022-05-30,20.99,14.42,24.52,23.47
2022-05-31,18.77,8.63,21.44,0.27
2022-06-01,12.36,3.12,20.58,0.0
2022-06-02,13.01,5.2,21.78,0.67
2022-06-03,11.29,4.91,16.13,0.0
2022-06-04,14.95,1.28,23.52,0.0
2022-06-05,13.71,5.99,25.15,0.0
2022-06-06,13.23,6.65,20.92,0.0
2022-06-07,13.23,3.37,22.89,0.0
2022-06-08,15.85,5.72,24.26,0.0
2022-06-09,14.59,6.35,24.05,0.0
2022-06-10,16.77,5.21,23.46,0.0
2022-06-11,13.33,11.07,17.76,1.59
2022-06-12,14.58,5.55,21.34,0.0
2022-06-13,18.1,8.46,22.69,12.67
2022-06-14,22.34,13.4,32.17,0.0
2022-06-15,16.86,12.59,23.89,10.5
2022-06-16,18.7,12.65,24.26,0.0
2022-06-17,19.31,7.81,25.53,0.0
2022-06-18,14.16,6.46,21.65,3.38
2022-06-19,20.83,9.78,33.21,0.0
2022-06-20,30.01,23.35,34.01,0.0
2022-06-21,22.19,20.39,30.65,0.0
