2014-07-06,25.16,21.2,29.99,
2014-07-08,18.86,15.9,24.98,
2014-07-09,20.93,14.55,23.73,
2014-07-10,21.28,14.07,28.13,
2014-07-11,25.4,16.77,30.95,
2014-07-13,17.97,13.43,22.94,
2014-07-14,15.28,13.08,19.21,
2014-07-15,16.96,13.51,21.87,
2014-07-16,19.32,13.13,24.34,
2014-07-17,21.36,12.41,27.43,
2014-07-18,22.85,20.16,28.3,
2014-07-19,21.34,16.2,25.64,
2014-07-20,26.63,19.56,34.4,
2014-07-21,26.08,20.75,31.97,
2014-07-22,20.81,16.96,28.85,
2014-07-23,21.17,14.42,24.18,
2014-07-24,18.91,14.26,24.3,
2014-07-25,20.06,16.07,26.05,
2014-07-26,22.51,14.22,26.13,
2014-07-27,18.83,15.62,20.85,
2014-07-28,17.03,13.18,21.63,
2014-07-29,19.58,12.65,24.96,
2014-07-30,20.25,13.26,27.8,
2014-08-01,21.85,15.57,28.13,
2014-08-02,22.28,17.91,28.44,
2014-08-03,19.42,16.08,26.45,
2014-08-04,20.38,13.35,24.8,
2014-08-05,18.37,13.16,24.9,
2014-08-06,21.83,13.68,27.87,
2014-08-07,21.71,15.17,26.21,
2014-08-08,20.02,16.81,25.81,
2014-08-09,21.83,19.68,24.89,
2014-08-10,22.17,17.58,26.33,
2014-08-11,18.81,10.78,23.31,
2014-08-12,19.15,13.45,27.82,
2014-08-13,21.65,13.16,29.44,
2014-08-14,21.94,15.17,28.92,
2014-08-15,26.3,18.75,28.12,
2014-08-16,23.8,19.69,31.28,
2014-08-17,23.55,19.18,28.01,
2014-08-18,20.2,16.76,24.57,
2014-08-20,24.92,17.77,27.8,
2014-08-21,25.16,20.34,28.45,
2014-08-22,20.97,19.81,26.34,
2014-08-23,19.36,17.96,23.13,
2014-08-24,19.58,14.72,23.44,
2014-08-25,14.71,12.62,17.78,
2014-08-26,16.35,9.26,19.67,
2014-08-27,17.12,13.36,22.54,
2014-08-31,19.61,15.88,23.02,
2014-09-01,19.17,13.18,24.24,
2014-09-02,17.85,11.25,28.51,
2014-09-03,20.83,12.54,25.47,
2014-09-04,20.37,14.57,22.02,
2014-09-05,14.87,10.85,21.65,
2014-09-06,16.45,9.62,26.16,
2014-09-07,20.07,11.49,28.46,
2014-09-08,21.31,15.43,27.18,
2014-09-10,9.3,7.67,13.93,
2014-09-11,10.02,6.81,12.32,
2014-09-12,6.77,4.05,13.71,
2014-09-13,9.5,2.55,18.56,
2014-09-14,8.99,4.33,14.62,
2014-09-15,12.06,5.85,17.86,
2014-09-16,14.14,5.55,23.53,
2014-09-17,15.36,7.01,21.98,
2014-09-18,15.19,6.98,29.28,
2014-09-19,21.0,16.66,26.07,
2014-09-20,17.56,13.5,21.6,
2014-09-21,14.9,9.07,21.22,
2014-09-22,14.53,7.99,24.59,
2014-09-23,17.11,13.58,21.74,
2014-09-24,17.49,13.64,23.44,
2014-09-25,20.59,11.95,29.66,
2014-09-26,21.32,15.15,29.41,
2014-09-27,21.43,14.04,29.21,
2014-09-28,16.59,11.29,20.72,
2014-09-29,11.66,8.41,16.27,
2014-09-30,11.64,7.22,15.29,
2014-10-01,16.05,14.17,21.48,
2014-10-02,12.21,5.55,17.83,
2014-10-03,4.44,3.73,7.74,
2014-10-04,4.22,-0.1,9.85,
2014-10-05,8.29,4.52,12.02,
2014-10-07,11.13,8.23,13.76,
2014-10-08,10.43,3.01,11.02,
2014-10-09,5.45,-1.39,11.57,
2014-10-10,4.58,-4.09,14.09,
2014-10-11,9.32,0.21,16.07,
2014-10-12,10.58,9.05,16.49,
2014-10-14,9.94,1.32,17.27,
2014-10-16,12.66,7.19,17.94,
2014-10-18,4.66,5.02,11.47,
2014-10-19,13.75,6.12,21.6,
2014-10-20,11.87,7.43,19.45,
2014-10-21,12.2,4.96,21.88,
2014-10-22,12.1,9.67,19.43,
2014-10-23,12.71,3.36,21.47,
2014-10-24,14.39,7.14,24.79,
2014-10-25,11.05,7.4,17.8,
2014-10-26,10.66,1.99,20.72,
2014-10-27,10.25,5.88,13.17,
2014-10-28,4.22,2.56,7.63,
2014-10-29,7.21,2.38,9.29,
2014-10-30,4.24,-5.15,7.33,
2014-10-31,-3.05,-7.84,5.35,
2014-11-02,6.98,0.75,14.59,
2014-11-03,8.36,2.8,8.38,
2014-11-04,2.22,-0.65,7.63,
2014-11-05,3.51,-1.23,5.48,
2014-11-06,2.67,0.37,7.99,
2014-11-07,4.83,2.82,15.52,
2014-11-08,3.26,-1.16,5.07,
2014-11-09,-0.46,-2.58,4.81,
2014-11-10,-2.26,-4.25,-2.28,
2014-11-11,-6.56,-10.8,-5.85,
2014-11-12,-4.95,-9.99,-2.94,
2014-11-16,-10.41,-15.98,-4.53,
2014-11-17,-10.56,-13.07,-7.93,
2014-11-19,-4.89,-9.39,-2.84,
2014-11-21,-3.03,-13.97,-0.68,
2014-11-22,-1.29,-2.59,5.8,
2014-11-23,-2.75,-7.69,2.15,
2014-11-24,-7.25,-12.91,-3.96,
2014-11-25,-2.62,-10.07,1.29,
2014-11-26,-14.06,-21.9,-2.91,
2014-11-27,-18.43,-25.53,-12.28,
2014-11-28,-11.0,-11.55,-6.13,
2014-11-29,-7.72,-15.21,-2.27,
2014-11-30,-15.52,-17.32,-11.99,
2014-12-01,-16.87,-22.77,-9.3,
2014-12-02,-6.47,-8.6,-1.74,
2014-12-03,-8.52,-11.65,-5.13,
2014-12-04,-2.69,-12.59,1.14,
2014-12-06,-5.82,-10.97,0.54,
2014-12-07,2.35,-0.62,2.92,
2014-12-08,-3.52,-6.32,1.21,
2014-12-10,-2.81,-8.0,1.79,
2014-12-11,1.68,-0.11,0.03,
2014-12-12,0.45,-3.12,2.85,
2014-12-13,1.59,-0.86,7.87,
2014-12-14,3.2,-1.06,6.48,
2014-12-15,-1.59,-6.72,1.83,
2014-12-16,-8.74,-10.12,-5.12,
2014-12-17,-11.57,-14.45,-5.71,
2014-12-20,-0.87,0.25,-1.4,
2014-12-21,1.09,-0.08,2.11,
2014-12-22,1.17,2.61,4.62,
2014-12-24,-2.49,-3.0,-1.59,
2014-12-25,-0.08,-4.74,0.34,
2014-12-26,-6.0,-13.41,-2.51,
2014-12-27,-11.3,-15.32,-3.38,
2014-12-29,-17.15,-20.94,-14.78,
2014-12-30,-19.66,-21.25,-16.51,
2015-01-02,-4.21,-8.65,2.0,
2015-01-03,-13.23,-21.94,-2.7,
2015-01-05,-20.47,-24.1,-17.53,
2015-01-06,-18.32,-21.11,-13.2,
2015-01-07,-19.07,-21.87,-16.71,
2015-01-08,-11.37,-16.32,-7.87,
2015-01-09,-16.27,-17.63,-12.28,
2015-01-10,-15.16,-20.98,-7.58,
2015-01-11,-14.41,-15.99,-9.31,
2015-01-14,-8.07,-12.36,-0.62,
2015-01-15,-3.51,-4.94,2.3,
2015-01-16,-1.15,-2.82,-0.97,
2015-01-17,3.49,-0.47,5.29,
2015-01-18,-0.52,-5.67,3.17,
2015-01-19,1.2,-1.37,4.24,
2015-01-20,1.21,-0.04,-0.64,
2015-01-21,-5.07,-12.1,-0.36,
2015-01-22,-4.73,-15.17,1.66,
2015-01-23,1.43,-1.14,7.0,
2015-01-24,-1.99,-0.06,2.23,
2015-01-25,-3.57,-7.01,-0.03,
2015-01-26,6.08,0.23,6.18,
2015-01-27,-1.42,-1.77,0.96,
2015-01-28,1.92,-0.34,3.2,
2015-01-29,-3.62,-9.62,-0.8,
2015-01-30,-4.06,-10.18,3.74,
2015-02-01,-13.77,-20.67,-13.32,
2015-02-02,-11.23,-17.55,-4.35,
2015-02-03,-11.8,-13.7,-10.02,
2015-02-04,-15.81,-25.97,-11.58,
2015-02-05,-9.96,-19.78,-0.47,
2015-02-07,-4.06,-4.88,1.32,
2015-02-08,-5.84,-8.25,-1.78,
2015-02-09,-9.21,-9.74,-5.16,
2015-02-10,-1.73,-10.31,2.62,
2015-02-11,-12.03,-20.46,-8.06,
2015-02-12,-16.44,-21.79,-8.2,
2015-02-13,-6.7,-8.9,-2.11,
2015-02-14,-19.69,-22.91,-7.86,
2015-02-15,-12.98,-15.79,-5.8,
2015-02-16,-8.9,-10.77,-6.81,
2015-02-17,-14.91,-16.87,-11.89,
2015-02-18,-19.9,-24.83,-15.49,
2015-02-20,-4.52,-7.1,-1.49,
2015-02-21,-12.33,-18.17,-7.09,
2015-02-22,-21.42,-25.46,-18.73,
2015-02-23,-10.36,-23.91,-0.87,
2015-02-24,-1.41,-9.7,0.33,
2015-02-25,-14.9,-18.73,-8.19,
2015-02-26,-19.36,-23.15,-13.43,
2015-02-27,-15.06,-24.8,-8.04,
2015-02-28,-7.86,-16.89,-3.28,
2015-03-01,-6.62,-14.88,-3.26,
2015-03-03,-8.87,-15.57,0.83,
2015-03-04,-17.23,-19.19,-16.05,
2015-03-05,-11.81,-23.22,-2.38,
2015-03-06,-1.87,-7.66,2.48,
2015-03-07,1.2,0.44,7.48,
2015-03-09,6.92,0.35,11.79,
2015-03-10,5.88,-0.02,12.84,
2015-03-12,10.41,1.67,16.93,
2015-03-13,2.87,1.15,8.57,
2015-03-14,7.0,-0.76,19.08,
2015-03-15,15.26,9.4,22.79,
2015-03-16,5.13,-2.59,13.13,
2015-03-17,0.93,-4.81,6.15,
2015-03-18,-0.06,1.76,2.99,
2015-03-19,2.23,-0.67,7.8,
2015-03-20,1.84,-1.14,12.4,
2015-03-21,-2.11,-3.9,0.64,
2015-03-22,-0.4,-3.37,1.49,
2015-03-23,-0.11,-6.57,4.33,
2015-03-24,1.37,1.91,5.83,
2015-03-25,1.68,1.77,2.89,
2015-03-26,-0.86,-8.05,3.09,
2015-03-27,-1.99,-8.47,-0.89,
2015-03-28,2.86,-3.4,12.15,
2015-03-29,8.96,4.99,12.66,
2015-03-30,9.89,-0.82,19.35,
2015-03-31,12.98,1.36,19.56,
2015-04-01,14.67,5.06,19.06,
2015-04-02,3.05,-0.48,11.42,
2015-04-03,0.46,-6.25,9.34,
2015-04-04,4.33,-1.45,11.79,
2015-04-05,4.0,-4.16,11.23,
2015-04-06,3.9,1.04,5.44,
2015-04-07,3.42,1.3,2.52,
2015-04-08,5.81,0.05,8.46,
2015-04-09,8.19,1.95,17.08,
2015-04-10,6.08,-2.46,12.75,
2015-04-11,15.58,2.08,27.43,
2015-04-12,16.23,8.21,20.78,
2015-04-13,9.4,4.73,16.48,
2015-04-14,14.61,2.73,26.56,
2015-04-15,17.8,9.3,24.0,
2015-04-16,15.39,11.42,19.46,
2015-04-17,13.58,-1.99,24.06,
2015-04-18,13.85,3.22,22.93,
2015-04-19,8.18,6.58,14.52,
2015-04-20,3.91,1.73,6.55,
2015-04-21,3.75,-0.36,6.18,
2015-04-22,3.76,-1.94,11.64,
2015-04-23,5.77,-5.06,12.43,
2015-04-24,9.58,3.56,17.03,
2015-04-25,5.42,6.75,12.37,
2015-04-26,10.79,2.92,20.12,
2015-04-27,12.23,3.15,23.57,
2015-04-28,11.64,6.68,18.97,
2015-04-29,12.39,4.65,22.18,
2015-04-30,18.17,7.05,26.79,
2015-05-01,17.05,6.73,24.89,
2015-05-03,16.56,10.25,22.92,
2015-05-04,11.47,7.65,21.34,
2015-05-05,17.47,6.19,25.0,
2015-05-06,17.46,14.41,19.37,
2015-05-07,14.39,8.32,17.23,
2015-05-09,4.82,-0.34,7.79,
2015-05-10,6.11,5.38,7.95,
2015-05-11,3.27,3.91,5.55,
2015-05-12,7.44,1.9,12.67,
2015-05-13,13.46,7.16,20.93,
2015-05-14,13.63,11.46,15.37,
2015-07-05,24.58,22.43,29.62,
2015-07-06,17.71,14.88,21.24,
2015-07-07,15.89,10.65,22.27,
2015-07-08,16.69,14.87,24.31,
2015-07-09,20.19,12.47,28.78,
2015-07-10,23.83,15.44,29.89,
2015-07-11,23.74,17.97,30.22,
2015-07-12,26.65,23.81,31.71,
2015-07-13,24.61,19.88,30.08,
2015-07-14,26.27,18.09,31.44,
2015-07-15,22.7,19.51,29.65,
2015-07-16,22.02,20.7,28.52,
2015-07-17,23.09,18.21,29.03,
2015-07-19,22.86,14.96,29.32,
2015-07-21,19.57,12.03,27.24,
2015-07-22,23.82,16.84,28.42,
2015-07-23,26.27,20.36,32.04,
2015-07-24,22.84,17.6,26.7,
2015-07-25,22.47,16.27,28.77,
2015-07-26,24.89,15.57,31.54,
2015-07-27,25.63,18.36,30.47,
2015-07-29,20.09,16.87,28.43,
2015-07-30,20.39,13.3,28.61,
2015-08-01,23.54,13.87,30.98,
2015-08-02,20.91,16.8,26.38,
2015-08-04,20.69,11.94,27.16,
2015-08-05,21.1,13.75,28.24,
2015-08-06,20.98,18.32,27.36,
2015-08-07,21.89,15.47,27.99,
2015-08-08,24.91,17.85,29.08,
2015-08-09,20.47,17.91,26.66,
2015-08-10,21.35,16.3,27.1,
2015-08-12,21.72,18.42,32.8,
2015-08-13,26.56,21.57,32.01,
2015-08-14,26.23,18.62,34.81,
2015-08-15,27.88,22.06,33.92,
2015-08-16,20.38,14.16,29.38,
2015-08-17,16.72,12.75,22.91,
2015-08-18,13.12,12.2,15.15,
2015-08-19,15.01,12.22,20.64,
2015-08-22,19.64,13.45,26.35,
2015-08-24,13.32,6.83,20.45,
2015-08-25,16.24,4.21,23.71,
2015-08-27,19.12,12.56,26.44,
2015-08-28,18.32,17.11,25.19,
2015-08-29,21.49,16.67,28.76,
2015-08-30,24.36,19.02,30.55,
2015-08-31,22.48,20.53,26.54,
2015-09-01,23.67,14.65,31.9,
2015-09-02,24.39,17.12,29.03,
2015-09-03,26.26,22.36,35.61,
2015-09-04,24.46,23.09,29.88,
2015-09-05,21.8,17.97,23.1,
2015-09-06,20.04,15.55,26.45,
2015-09-07,15.25,6.88,22.51,
2015-09-08,15.89,7.95,23.54,
2015-09-09,17.45,13.06,25.88,
2015-09-10,13.84,8.57,19.15,
2015-09-12,13.48,6.0,23.0,
2015-09-13,19.55,14.94,30.27,
2015-09-14,18.5,9.75,25.99,
2015-09-17,16.39,11.45,20.9,
2015-09-18,10.02,3.67,14.2,
2015-09-20,15.14,6.09,24.91,
2015-09-21,21.15,12.75,31.3,
2015-09-22,14.45,8.9,18.58,
2015-09-24,17.9,15.56,24.73,
2015-09-25,17.89,9.22,34.05,
2015-09-26,22.11,14.89,25.64,
2015-09-27,20.14,16.19,26.47,
2015-09-28,16.4,10.0,21.84,
2015-09-29,10.21,2.92,23.48,
2015-09-30,15.17,6.45,20.64,
2015-10-01,14.65,12.19,20.25,
2015-10-04,10.88,9.99,15.94,
2015-10-05,14.22,11.29,16.32,
2015-10-06,14.07,6.09,19.35,
2015-10-07,10.49,2.39,18.47,
2015-10-08,13.65,5.34,14.38,
2015-10-09,8.5,-0.22,16.41,
2015-10-10,16.81,13.14,31.84,
2015-10-11,19.48,10.9,31.74,
2015-10-12,10.51,5.32,13.82,
2015-10-13,8.82,1.57,18.89,
2015-10-15,10.23,1.35,12.65,
2015-10-16,3.82,-3.36,12.55,
2015-10-17,5.64,-2.01,14.4,
2015-10-18,11.0,-0.76,23.96,
2015-10-19,13.61,9.04,20.34,
2015-10-21,12.4,4.23,16.65,
2015-10-22,9.39,0.35,18.91,
2015-10-23,9.58,9.13,11.57,
2015-10-24,9.42,4.62,15.16,
2015-10-25,7.36,4.0,10.91,
2015-10-26,8.01,2.02,13.18,
2015-10-28,2.02,2.74,9.85,
2015-10-29,4.78,0.17,6.64,
2015-10-30,4.09,-0.72,11.47,
2015-10-31,7.64,4.94,13.88,
2015-11-01,7.63,0.51,15.83,
2015-11-03,11.6,4.76,18.22,
2015-11-04,6.17,2.49,9.76,
2015-11-05,4.21,-0.8,8.34,
2015-11-06,5.63,1.15,8.62,
2015-11-07,0.2,-2.3,10.86,
2015-11-08,4.74,1.55,13.61,
2015-11-09,6.63,1.53,17.56,
2015-11-13,2.15,-5.37,8.74,
2015-11-14,7.51,2.57,17.15,
2015-11-15,9.02,-1.0,17.24,
2015-11-16,9.93,5.89,14.09,
2015-11-17,6.17,3.94,10.1,
2015-11-18,3.51,-0.75,5.43,
2015-11-19,-2.1,-3.73,1.85,
2015-11-20,-5.01,-9.92,-1.68,
2015-11-21,-5.32,-11.89,-1.56,
2015-11-23,3.34,-4.2,5.44,
2015-11-24,-0.12,-2.5,8.2,
2015-11-25,1.05,-4.09,0.86,
2015-11-26,-6.91,-11.83,-5.81,
2015-11-27,-9.24,-15.41,-2.25,
2015-11-28,-7.03,-10.7,2.01,
2015-11-29,1.03,-3.31,2.95,
2015-11-30,1.29,-0.13,1.6,
2015-12-01,1.98,-0.33,2.47,
2015-12-02,-4.46,-11.47,0.22,
2015-12-04,-0.64,-10.0,4.6,
2015-12-05,1.13,-1.13,3.77,
2015-12-06,1.1,-2.9,7.67,
2015-12-08,1.74,-0.8,7.09,
2015-12-11,1.47,-0.67,2.0,
2015-12-12,-0.11,-0.68,0.47,
2015-12-13,-0.42,-2.0,-2.27,
2015-12-15,-1.71,-0.58,0.46,
2015-12-16,-4.18,-7.36,-3.14,
2015-12-18,-10.84,-16.63,-6.24,
2015-12-19,-11.48,-16.09,-6.38,
2015-12-20,-5.22,-5.29,-5.22,
2015-12-21,-5.92,-7.24,-5.48,
2015-12-22,-3.68,-6.14,-0.04,
2015-12-23,-3.0,-5.77,-2.63,
2015-12-24,-7.28,-8.06,-5.48,
2015-12-25,-6.45,-11.14,-3.66,
2015-12-27,-14.06,-17.56,-14.21,
2015-12-28,-12.3,-17.36,-10.06,
2015-12-29,-6.76,-9.18,-4.21,
2016-01-01,-5.24,-6.39,-4.29,
2016-01-02,-5.11,-9.93,-0.28,
2016-01-03,-6.92,-12.43,-4.58,
2016-01-04,-6.17,-14.05,0.8,
2016-01-05,-4.93,-5.5,0.2,
2016-01-06,-2.1,-2.18,-2.31,
2016-01-07,-3.34,-6.31,-1.17,
2016-01-08,-8.64,-14.21,-5.15,
2016-01-09,-17.7,-26.43,-12.93,
2016-01-10,-24.05,-27.38,-19.77,
2016-01-14,-6.6,-13.15,-2.05,
2016-01-15,-14.11,-18.7,-12.27,
2016-01-16,-19.62,-26.08,-16.81,
2016-01-17,-22.42,-28.44,-17.51,
2016-01-18,-16.22,-18.06,-12.25,
2016-02-06,0.32,-7.44,5.4,
2016-02-07,-0.53,-5.11,4.15,
2016-02-08,-7.38,-12.22,-4.71,
2016-02-09,-7.84,-12.26,-3.96,
2016-02-10,-10.42,-15.19,-10.67,
2016-02-11,-11.7,-17.1,-6.43,
2016-02-12,-15.64,-22.0,-10.09,
2016-02-13,-15.28,-20.41,-7.64,
2016-02-14,-7.04,-9.5,-1.94,
2016-02-17,-3.16,-4.81,-1.34,
2016-02-18,-0.25,-1.61,3.16,
2016-02-19,2.85,2.19,8.3,
2016-02-20,1.54,-2.2,1.74,
2016-02-21,-3.51,-6.83,-3.23,
2016-02-22,-0.24,-6.22,1.96,
2016-02-23,0.8,-2.1,0.77,
2016-02-24,-0.88,-3.98,3.5,
2016-02-25,-0.52,-2.13,-0.69,
2016-02-26,0.25,-4.64,9.9,
2016-02-27,7.42,-0.11,15.07,
2016-02-28,-1.35,-1.91,2.39,
2016-02-29,-9.36,-10.79,3.31,
2016-03-01,-6.44,-10.28,-2.63,
2016-03-02,-2.27,-6.05,2.43,
2016-03-03,-3.93,-6.4,-2.64,
2016-03-05,3.73,-1.45,11.0,
2016-03-06,10.03,1.63,20.98,
2016-03-08,4.65,0.96,6.85,
2016-03-09,-2.12,-1.0,2.1,
2016-03-10,4.39,-4.75,16.24,
2016-03-11,11.0,0.71,19.16,
2016-03-12,9.97,2.44,22.81,
2016-03-14,8.22,1.04,17.11,
2016-03-15,10.98,2.34,12.92,
2016-03-17,0.55,-0.61,0.41,
2016-03-18,-0.36,-2.0,-0.39,
2016-03-19,1.64,-0.72,1.22,
2016-03-20,0.61,-2.33,6.01,
2016-03-21,2.94,-4.34,10.68,
2016-03-22,3.81,-2.05,10.07,
2016-03-23,1.43,0.47,4.86,
2016-03-24,3.11,-5.26,11.49,
2016-03-25,3.1,-0.35,7.85,
2016-03-26,-3.7,-4.99,5.31,
2016-03-27,4.02,-6.98,13.88,
2016-03-28,7.47,2.56,15.88,
2016-03-29,9.66,3.0,19.8,
2016-03-30,8.63,4.44,12.61,
2016-04-01,0.14,-3.17,4.89,
2016-04-02,0.86,-1.99,3.75,
2016-04-03,5.48,-1.43,14.7,
2016-04-04,1.06,-4.06,6.73,
2016-04-05,8.47,-0.91,14.36,
2016-04-06,4.49,2.27,10.46,
2016-04-07,4.88,0.26,6.38,
2016-04-08,-1.79,-3.64,2.58,
2016-04-09,1.49,-7.03,10.38,
2016-04-11,1.2,-3.13,5.42,
2016-04-12,2.58,-6.11,9.87,
2016-04-13,8.79,-4.31,18.88,
2016-04-14,16.97,6.04,28.75,
2016-04-15,15.18,12.01,17.43,
2016-04-16,10.47,6.36,15.79,
2016-04-17,5.76,3.67,11.78,
2016-04-18,8.26,2.69,13.48,
2016-04-19,8.68,8.17,10.85,
2016-04-20,10.62,9.28,17.29,
2016-04-21,9.93,3.92,13.22,
2016-04-22,6.79,0.19,17.15,
2016-04-23,14.23,5.2,23.83,
2016-04-24,13.08,8.11,18.03,
2016-04-25,4.91,5.08,7.21,
2016-04-26,5.46,3.08,7.06,
2016-04-27,7.34,2.03,9.94,
2016-04-28,8.68,6.35,14.22,
2016-04-29,10.48,1.38,16.66,
2016-04-30,8.84,4.08,17.63,
2016-05-01,10.2,0.37,18.71,
2016-05-02,11.33,5.93,18.91,
2016-05-03,15.75,2.02,24.6,
2016-05-04,14.01,5.37,21.52,
2016-05-05,18.96,9.82,31.5,
2016-05-07,13.5,6.88,20.91,
2016-05-08,15.26,7.14,23.4,
2016-05-09,14.39,10.75,21.09,
2016-05-10,15.22,10.65,18.47,
2016-05-11,13.23,8.71,20.04,
2016-05-12,8.36,8.01,15.77,
2016-05-13,6.26,0.42,5.71,
2016-05-14,6.72,-2.03,12.77,
2016-05-15,12.4,0.95,19.22,
2016-05-16,13.81,4.5,18.92,
2016-05-17,12.94,5.22,20.95,
2016-05-19,17.64,8.77,25.99,
2016-05-20,18.09,12.41,19.11,
2016-05-22,22.34,14.39,28.94,
2016-05-23,21.45,14.83,26.53,
2016-05-24,20.97,12.42,27.56,
2016-05-27,18.24,13.87,20.73,
2016-05-28,18.74,15.4,22.05,
2016-05-30,19.48,12.72,27.2,
2016-05-31,14.52,13.06,21.57,
2016-06-01,13.31,11.91,17.22,
2016-06-03,17.8,18.07,22.08,
2016-06-04,17.81,13.16,23.95,
2016-06-05,20.14,12.27,26.6,
2016-06-06,16.42,11.65,20.37,
2016-06-08,18.82,9.07,28.68,
2016-06-09,25.06,15.49,31.45,
2016-06-10,25.29,19.4,31.22,
2016-06-11,23.65,18.3,27.94,
2016-06-12,24.69,22.63,31.43,
2016-06-13,20.93,15.78,27.06,
2016-06-15,19.95,16.48,26.03,
2016-06-16,23.59,14.28,28.41,
2016-06-17,24.24,20.95,32.12,
2016-06-18,21.36,19.09,25.19,
2016-06-19,25.89,22.29,31.77,
2016-06-20,18.59,14.97,23.61,
2016-06-21,19.93,12.54,27.83,
2016-06-22,20.4,15.44,26.94,
2016-06-23,19.74,11.04,24.5,
2016-06-24,26.05,11.56,32.72,
2016-06-25,25.94,19.75,28.8,
2016-06-26,23.68,15.97,28.57,
2016-06-27,16.96,15.08,21.88,
2016-06-28,17.34,6.63,25.6,
2016-06-29,22.01,11.99,28.01,
2016-06-30,15.76,13.23,19.49,
2016-07-01,16.99,7.48,24.28,
2016-07-02,22.0,15.5,27.96,
2016-07-03,22.27,15.85,28.52,
2016-07-04,24.63,17.66,33.11,
2016-07-05,19.79,20.33,27.86,
2016-07-06,21.17,13.95,27.44,
2016-07-07,19.82,15.77,24.86,
2016-07-08,21.22,14.71,26.4,
2016-07-09,23.61,13.48,29.08,
2016-07-10,22.59,17.2,28.08,
2016-07-11,18.92,16.5,22.82,
2016-07-12,19.99,16.2,28.05,
2016-07-13,21.48,15.08,26.49,
2016-07-15,17.63,13.06,25.38,
2016-07-16,17.52,13.16,26.11,
2016-07-17,22.49,17.12,25.84,
2016-07-18,22.51,12.49,28.6,
2016-07-19,22.9,17.9,31.25,
2016-07-20,27.07,21.8,33.49,
2016-07-21,22.92,20.77,31.43,
2016-07-22,24.73,18.69,31.36,
2016-07-23,25.88,21.78,27.92,
2016-07-24,22.07,16.67,27.39,
2016-07-25,21.42,14.16,32.67,
2016-07-26,22.06,20.25,26.26,
2016-07-27,20.8,16.81,27.07,
2016-07-29,19.76,13.87,28.77,
2016-07-30,21.78,15.92,26.09,
2016-07-31,24.88,15.84,29.95,
2016-08-01,25.61,21.64,29.24,
2016-08-02,23.44,20.41,30.03,
2016-08-03,26.2,14.36,30.3,
2016-08-04,22.74,18.52,27.49,
2016-08-05,19.7,10.5,23.97,
2016-08-06,19.46,11.86,26.64,
2016-08-07,21.18,13.97,27.98,
2016-08-08,21.3,15.38,26.86,
2016-08-09,26.88,16.71,31.23,
2016-08-10,21.86,18.95,26.56,
2016-08-11,24.64,18.3,28.39,
2016-08-12,21.21,18.29,25.23,
2016-08-13,20.87,14.23,25.61,
2016-08-14,19.9,13.74,28.36,
2016-08-15,21.61,18.81,26.47,
2016-08-16,22.06,18.4,28.6,
2016-08-17,23.43,14.87,29.29,
2016-08-18,19.7,14.95,25.13,
2016-08-19,18.97,14.67,23.6,
2016-08-20,15.2,12.35,22.18,
2016-08-21,16.57,6.67,24.14,
2016-08-23,25.94,20.25,31.62,
2016-08-24,18.1,13.26,23.81,
2016-08-25,15.85,11.98,20.7,
2016-08-27,17.73,14.6,24.19,
2016-08-28,22.01,14.98,31.4,
2016-08-29,22.41,17.44,27.31,
2016-08-30,18.33,10.42,27.02,
2016-08-31,19.68,10.07,28.12,
2016-09-01,21.45,12.58,29.03,
2016-09-02,18.75,13.47,25.82,
2016-09-03,21.88,17.27,27.9,
2016-09-04,23.85,16.68,29.42,
2016-09-05,17.78,15.91,17.47,
2016-09-06,19.89,17.05,23.28,
2016-09-07,17.67,10.24,22.8,
2016-09-08,17.78,11.92,23.75,
2016-09-09,14.13,11.26,18.96,
2016-09-10,15.46,6.39,20.89,
2016-09-12,15.22,10.67,19.48,
2016-09-15,17.5,12.46,24.69,
2016-09-16,16.97,11.49,21.95,
2016-09-17,17.8,7.54,25.65,
2016-09-18,17.07,13.06,23.87,
2016-09-19,18.13,10.22,26.91,
2016-09-20,16.54,10.26,24.66,
2016-09-22,15.13,12.61,20.23,
2016-09-23,17.33,14.98,18.18,
2016-09-24,23.12,18.1,26.47,
2016-09-25,15.45,11.61,19.82,
2016-09-26,12.9,7.66,20.03,
2016-09-28,10.82,4.97,16.63,
2016-09-29,10.44,3.54,20.85,
2016-09-30,12.88,7.02,23.86,
2016-10-01,14.95,6.01,23.18,
2016-10-02,19.39,11.53,24.99,
2016-10-03,17.77,12.63,26.84,
2016-10-04,13.19,12.16,15.77,
2016-10-05,12.02,7.16,13.85,
2016-10-06,4.63,-0.15,11.32,
2016-10-07,3.08,-1.1,6.63,
2016-10-08,5.39,-1.59,9.65,
2016-10-09,7.68,-1.18,18.83,
2016-10-10,17.35,7.6,22.99,
2016-10-11,5.64,3.13,9.51,
2016-10-12,2.95,-1.03,4.3,
2016-10-13,5.66,-2.81,13.63,
2016-10-15,13.48,7.6,21.56,
2016-10-16,10.68,2.4,16.81,
2016-10-17,12.0,9.37,14.05,
2016-10-18,10.83,5.26,17.57,
2016-10-19,7.97,-1.3,7.14,
2016-10-20,2.65,-2.22,7.8,
2016-10-21,8.68,-0.29,18.53,
2016-10-22,7.82,0.86,18.71,
2016-10-23,6.92,1.78,11.32,
2016-10-24,6.04,-2.41,11.9,
2016-10-26,8.86,5.06,7.67,
2016-10-27,7.72,6.29,11.47,
2016-10-28,12.82,7.15,20.56,
2016-10-29,7.74,5.24,10.45,
2016-10-30,5.35,0.98,8.91,
2016-10-31,10.59,3.74,22.9,
2016-11-01,9.11,3.2,11.78,
2016-11-02,6.65,4.04,14.97,
2016-11-03,9.21,1.47,18.34,
2016-11-04,12.06,5.4,21.83,
2016-11-06,16.39,9.86,23.0,
2016-11-07,10.77,7.63,17.25,
2016-11-08,4.7,0.6,16.75,
2016-11-09,8.57,3.17,18.05,
2016-11-10,9.49,3.15,19.0,
2016-11-11,1.87,-3.04,7.71,
2016-11-12,7.64,2.42,17.44,
2016-11-14,6.3,-0.08,11.4,
2016-11-15,8.42,1.72,14.04,
2016-11-16,7.99,2.61,14.81,
2016-11-17,3.54,0.21,7.6,
2016-11-18,-0.85,-3.34,0.83,
2016-11-19,-2.66,-8.49,-0.48,
2016-11-20,-3.89,-5.25,-0.79,
2016-11-21,-3.5,-5.09,3.0,
2016-11-22,2.02,0.76,3.02,
2016-11-23,1.23,0.18,0.9,
2016-11-24,1.49,-0.21,3.4,
2016-11-25,1.32,-2.09,5.0,
2016-11-26,1.66,-2.61,7.79,
2016-11-27,0.52,-2.84,3.34,
2016-11-28,2.53,1.82,7.71,
2016-11-29,2.49,0.59,5.32,
2016-11-30,-0.26,-0.14,-0.65,
2016-12-01,-0.02,-1.06,-0.09,
2016-12-02,-0.63,-1.18,-1.31,
2016-12-04,1.42,-1.11,2.83,
2016-12-07,-10.33,-11.72,-10.04,
2016-12-08,-12.61,-17.43,-10.21,
2016-12-09,-19.13,-21.25,-12.52,
2016-12-10,-17.88,-21.96,-12.12,
2016-12-11,-16.1,-23.29,-12.45,
2016-12-12,-19.02,-25.49,-11.15,
2016-12-13,-17.85,-23.07,-11.3,
2016-12-14,-15.93,-19.96,-12.39,
2016-12-15,-18.89,-23.51,-15.45,
2016-12-16,-15.65,-17.12,-13.08,
2016-12-17,-24.41,-27.04,-17.81,
2016-12-18,-23.74,-32.03,-14.37,
2016-12-19,-6.7,-12.2,-4.52,
2016-12-20,-0.31,-4.85,-0.22,
2016-12-21,-0.89,-5.32,2.96,
2016-12-23,0.07,-6.86,2.0,
2016-12-24,-8.38,-10.35,-2.65,
2016-12-25,-1.15,-1.01,0.75,
2016-12-26,-5.54,-8.09,0.19,
2016-12-27,-6.8,-12.71,-1.94,
2016-12-28,-3.02,-6.1,0.15,
2016-12-29,-1.62,-9.0,0.03,
2016-12-30,-3.46,-8.62,-0.05,
2017-01-01,-5.4,-8.1,-0.71,
2017-01-02,-7.51,-9.87,-6.27,
2017-01-03,-15.53,-21.67,-7.18,
2017-01-04,-20.02,-23.36,-16.44,
2017-01-06,-21.06,-20.78,-13.84,
2017-01-07,-18.38,-22.77,-16.8,
2017-01-08,-17.42,-22.01,-10.13,
2017-01-09,-15.6,-19.71,-11.53,
2017-01-11,-16.39,-19.29,-15.82,
2017-01-13,-16.98,-24.74,-7.86,
2017-01-14,-13.64,-17.74,-8.06,
2017-01-15,-8.58,-13.95,-7.74,
2017-01-16,-8.77,-10.72,-3.9,
2017-01-17,-9.69,-13.01,-4.56,
2017-01-18,-1.71,-3.87,1.78,
2017-01-20,0.21,0.91,3.11,
2017-01-21,1.16,1.3,2.99,
2017-01-22,-1.05,-1.95,0.62,
2017-01-23,1.36,0.98,1.3,
2017-01-24,-1.78,-1.83,0.02,
2017-01-25,-0.6,-2.5,-0.68,
2017-01-27,-5.04,-10.23,1.34,
2017-01-28,0.67,-4.37,-0.73,
2017-01-29,-1.05,-1.53,0.78,
2017-01-30,3.02,0.34,5.45,
2017-02-01,-12.84,-14.43,-7.17,
2017-02-02,-12.05,-12.94,-10.59,
2017-02-03,-9.72,-15.75,-4.09,
2017-02-04,-4.77,-9.52,0.34,
2017-02-05,-12.34,-15.16,-7.71,
2017-02-06,-10.08,-10.25,-6.61,
2017-02-07,-13.97,-19.67,-10.61,
2017-02-08,-17.65,-20.64,-13.8,
2017-02-09,-12.22,-19.37,-2.49,
2017-02-10,1.33,-3.97,7.86,
2017-02-11,0.92,-1.27,1.39,
2017-02-12,0.37,-1.27,2.6,
2017-02-13,0.83,0.16,5.36,
2017-02-14,0.12,-1.71,4.66,
2017-02-15,1.6,-4.48,7.09,
2017-02-16,3.72,-1.66,11.18,
2017-02-17,4.17,2.03,12.97,
2017-02-18,4.53,1.13,6.94,
2017-02-19,6.21,0.83,13.99,
2017-02-20,6.08,0.04,11.45,
2017-02-21,5.19,0.68,13.69,
2017-02-22,-0.11,-2.71,3.64,
2017-02-23,0.21,-4.4,-1.17,
2017-02-24,-6.28,-6.78,-3.84,
2017-02-25,-3.41,-8.17,-1.53,
2017-02-26,-5.17,-6.87,-2.74,
2017-02-27,-3.83,-5.53,1.2,
2017-02-28,-4.98,-6.45,0.24,
2017-03-01,-6.65,-11.84,-1.1,
2017-03-02,-9.09,-11.0,-6.76,
2017-03-03,-3.44,-9.37,-2.36,
2017-03-04,1.44,-5.28,5.98,
2017-03-05,4.91,-0.33,12.5,
2017-03-06,3.79,-3.55,16.77,
2017-03-07,-1.28,-5.73,4.05,
2017-03-08,-3.29,-7.99,0.76,
2017-03-09,-8.95,-15.02,-5.41,
2017-03-10,-12.35,-16.91,-9.77,
2017-03-13,-11.74,-17.03,-5.29,
2017-03-14,-8.16,-14.65,-0.67,
2017-03-15,-6.67,-12.97,2.83,
2017-03-16,-0.32,-1.15,2.66,
2017-03-17,1.8,1.34,4.98,
2017-03-18,-0.72,-7.54,6.67,
2017-03-19,5.36,-0.98,17.55,
2017-03-22,-2.69,-9.25,1.11,
2017-03-23,1.74,-0.54,6.16,
2017-03-24,0.63,0.42,6.54,
2017-03-26,5.95,1.39,11.05,
2017-03-27,6.24,1.9,14.62,
2017-03-28,6.15,-3.25,17.26,
2017-03-29,8.74,3.17,15.06,
2017-03-30,2.38,-2.78,10.6,
2017-03-31,8.78,0.2,17.12,
2017-04-01,8.93,3.28,16.77,
2017-04-02,8.5,1.63,16.84,
2017-04-03,7.57,4.34,14.42,
2017-04-04,7.53,3.82,15.94,
2017-04-05,4.06,0.3,11.67,
2017-04-07,10.99,0.23,18.73,
2017-04-08,13.68,4.61,21.35,
2017-04-09,8.1,-2.02,12.27,
2017-04-10,-0.79,-4.15,7.44,
2017-04-11,3.83,-3.73,14.31,
2017-04-12,9.97,4.4,16.95,
2017-04-13,4.66,-1.01,11.16,
2017-04-14,12.67,10.21,23.26,
2017-04-15,12.65,7.21,19.18,
2017-04-16,9.78,1.09,14.85,
2017-04-17,3.61,-1.74,10.98,
2017-04-18,5.06,3.38,11.54,
2017-04-19,5.76,3.0,9.08,
2017-04-20,7.74,4.41,13.28,
2017-04-21,9.28,2.66,18.11,
2017-04-22,10.92,0.12,19.46,
2017-04-23,5.14,-1.8,10.26,
2017-04-24,2.75,1.0,9.25,
2017-04-25,-0.13,1.35,1.86,
2017-04-26,-2.56,0.28,0.44,
2017-04-29,6.67,0.87,14.83,
2017-04-30,7.3,1.15,16.0,
2017-05-01,9.74,5.77,13.67,
2017-05-02,10.28,2.85,20.59,
2017-05-03,12.83,6.3,17.69,
2017-05-04,15.22,3.34,22.57,
2017-05-05,15.96,8.55,27.57,
2017-05-06,14.53,8.35,27.63,
2017-05-07,14.62,7.63,27.2,
2017-05-08,16.76,11.86,22.56,
2017-05-09,15.04,7.86,19.47,
2017-05-10,14.58,7.18,19.65,
2017-05-11,12.01,4.13,19.64,
2017-05-12,16.96,11.35,27.24,
2017-05-13,20.21,7.01,27.88,
2017-05-14,21.89,13.8,28.3,
2017-05-15,19.74,12.74,25.24,
2017-05-18,11.15,5.15,16.63,
2017-05-19,9.41,4.91,14.41,
2017-05-20,6.61,2.65,9.53,
2017-05-21,7.27,4.86,13.74,
2017-05-22,10.28,4.78,15.36,
2017-05-23,10.45,7.89,12.92,
2017-05-24,11.19,3.16,16.87,
2017-05-26,14.75,9.92,18.53,
2017-05-27,17.94,11.03,25.8,
2017-05-28,14.96,8.27,21.36,
2017-05-29,12.62,12.22,15.27,
2017-05-30,12.36,8.55,18.03,
2017-05-31,14.69,6.2,22.6,
2017-06-01,19.2,6.93,27.28,
2017-06-02,23.81,16.8,35.07,
2017-06-04,22.69,11.72,30.84,
2017-06-05,22.39,14.82,31.74,
2017-06-06,21.04,15.69,30.51,
2017-06-07,20.5,16.04,26.2,
2017-06-08,20.79,13.38,27.71,
2017-06-09,25.31,15.47,33.64,
2017-06-10,25.6,17.99,27.48,
2017-06-11,21.1,17.42,27.08,
2017-06-12,22.41,14.29,26.75,
2017-06-13,18.36,15.05,24.05,
2017-06-14,21.89,17.75,25.51,
2017-06-16,19.91,14.32,26.26,
2017-06-17,17.69,14.75,21.29,
2017-06-20,17.59,12.85,23.39,
2017-06-22,20.33,12.81,27.02,
2017-06-23,16.9,13.09,16.9,
2017-06-25,15.29,7.63,21.3,
2017-06-26,13.64,6.84,22.68,
2017-06-27,19.41,9.41,25.48,
2017-06-29,17.63,10.54,23.62,
2017-06-30,17.03,12.63,20.97,
2017-07-01,17.95,9.2,25.64,
2017-07-02,18.72,11.41,23.8,
2017-07-03,20.5,13.21,26.64,
2017-07-04,24.15,14.98,34.28,
2017-07-05,25.38,15.06,34.69,
2017-07-06,24.0,19.32,31.49,
2017-07-07,22.42,14.02,27.6,
2017-07-08,23.74,12.89,30.65,
2017-07-09,23.21,17.5,29.97,
2017-07-10,22.15,17.85,29.18,
2017-07-11,26.93,17.01,31.59,
2017-07-12,20.03,15.94,24.36,
2017-07-13,16.54,13.88,20.4,
2017-07-14,19.14,8.64,30.15,
2017-07-15,24.17,16.16,26.83,
2017-07-16,20.83,10.99,28.45,
2017-07-17,26.86,19.78,35.33,
2017-07-18,21.04,12.1,23.44,
2017-07-19,20.09,13.36,27.96,
2017-07-20,24.67,14.21,31.23,
2017-07-21,27.09,20.37,31.57,
2017-07-22,23.37,16.58,30.84,
2017-07-23,19.39,14.47,22.84,
2017-07-24,20.86,14.09,25.91,
2017-07-25,23.48,18.7,26.92,
2017-07-26,21.73,15.2,29.54,
2017-07-27,20.73,12.43,26.54,
2017-07-28,22.32,13.72,29.62,
2017-07-29,20.55,15.46,28.27,
2017-07-30,21.98,17.85,29.88,
2017-07-31,22.62,14.04,26.96,
2017-08-02,17.62,10.62,25.51,
2017-08-03,16.67,10.21,21.1,
2017-08-04,17.36,9.99,25.0,
2017-08-05,18.34,9.4,27.01,
2017-08-06,16.33,13.45,21.56,
2017-08-07,19.41,9.94,26.74,
2017-08-08,20.33,11.41,25.13,
2017-08-09,18.99,13.69,25.59,
2017-08-11,18.87,11.19,25.39,
2017-08-12,16.5,12.38,22.94,
2017-08-13,16.2,16.99,19.07,
2017-08-14,20.14,16.26,23.96,
2017-08-15,18.48,12.36,19.67,
2017-08-16,18.71,16.36,18.81,
2017-08-17,19.26,14.77,27.32,
2017-08-18,18.49,13.74,23.91,
2017-08-19,19.41,10.72,25.76,
2017-08-20,19.55,17.22,21.42,
2017-08-21,18.78,10.2,23.99,
2017-08-22,15.48,10.16,24.61,
2017-08-23,17.31,8.6,27.26,
2017-08-25,17.9,13.13,19.16,
2017-08-26,19.15,17.48,22.41,
2017-08-27,17.59,14.62,26.61,
2017-08-28,18.11,14.19,27.19,
2017-08-29,19.67,14.04,28.1,
2017-08-30,19.46,15.03,26.41,
2017-08-31,17.74,12.31,22.51,
2017-09-01,17.97,17.19,21.07,
2017-09-02,21.79,13.74,28.15,
2017-09-03,19.76,11.33,28.92,
2017-09-05,14.4,9.87,20.46,
2017-09-07,16.77,8.14,26.89,
2017-09-08,16.08,5.97,20.65,
2017-09-09,15.88,9.74,20.65,
2017-09-10,21.73,16.35,26.68,
2017-09-11,19.88,15.9,26.56,
2017-09-12,19.27,13.63,32.36,
2017-09-13,20.99,17.84,25.82,
2017-09-14,17.0,13.13,26.16,
2017-09-15,11.92,11.14,15.32,
2017-09-16,9.21,8.26,12.81,
2017-09-17,10.65,3.33,17.65,
2017-09-18,14.91,5.62,23.25,
2017-09-19,20.12,13.26,21.52,
2017-09-20,14.1,5.54,21.72,
2017-09-21,16.82,5.9,27.04,
2017-09-22,20.78,13.67,28.18,
2017-09-23,13.05,12.37,15.0,
2017-09-24,12.6,11.53,11.82,
2017-09-25,9.1,10.05,13.17,
2017-09-27,11.36,1.83,22.33,
2017-09-28,11.35,6.59,22.18,
2017-09-29,9.14,1.31,18.69,
2017-09-30,11.74,6.46,18.71,
2017-10-01,14.84,13.71,19.28,
2017-10-02,13.61,10.36,16.27,
2017-10-03,10.96,6.91,15.74,
2017-10-04,9.16,4.61,15.57,
2017-10-06,9.38,3.8,19.01,
2017-10-07,12.88,5.26,23.22,
2017-10-08,13.53,8.55,15.84,
2017-10-09,6.62,-1.05,7.62,
2017-10-10,5.69,-4.25,16.21,
2017-10-11,7.37,-0.88,14.92,
2017-10-12,10.99,3.13,21.64,
2017-10-13,5.71,-0.6,17.02,
2017-10-14,3.96,4.51,6.82,
2017-10-15,4.33,-2.17,13.04,
2017-10-16,8.87,0.01,21.89,
2017-10-17,13.13,1.18,23.31,
2017-10-18,11.3,3.37,17.23,
2017-10-19,12.78,0.64,20.95,
2017-10-20,17.02,7.22,25.03,
2017-10-21,14.27,9.1,20.65,
2017-10-22,10.06,-0.65,16.94,
2017-10-24,4.66,0.93,10.52,
2017-10-25,10.76,5.81,14.51,
2017-10-26,5.26,-2.59,14.1,
2017-10-27,-1.56,-7.76,2.39,
2017-10-28,-3.0,-9.49,4.39,
2017-10-29,7.24,4.09,10.33,
2017-10-30,-0.09,-6.98,3.33,
2017-10-31,-3.33,-9.9,0.42,
2017-11-01,1.87,-0.79,5.88,
2017-11-02,0.21,-1.4,0.08,
2017-11-03,-2.03,-4.28,-2.25,
2017-11-05,-3.34,-9.47,1.55,
2017-11-06,-4.45,-12.07,-1.82,
2017-11-07,-6.09,-14.63,0.96,
2017-11-10,-6.66,-9.38,-5.64,
2017-11-11,-4.35,-6.79,3.44,
2017-11-12,-5.23,-9.4,4.37,
2017-11-13,-0.85,-4.68,9.93,
2017-11-14,1.96,-5.21,6.07,
2017-11-15,-6.2,-7.78,4.98,
2017-11-16,-5.26,-7.14,-0.09,
2017-11-17,-0.34,-5.03,4.37,
2017-11-18,-7.04,-10.66,-3.41,
2017-11-19,-3.85,-9.93,7.9,
2017-11-20,2.64,-5.82,14.43,
2017-11-21,-8.67,-12.88,-2.55,
2017-11-22,-3.38,-13.85,2.79,
2017-11-23,3.25,-4.91,12.09,
2017-11-24,6.8,3.66,11.4,
2017-11-25,-2.75,-6.26,5.11,
2017-11-26,0.47,-4.37,8.41,
2017-11-29,2.12,-6.04,12.51,
2017-11-30,1.61,-4.09,9.5,
2017-12-01,0.33,-4.9,4.98,
2017-12-02,0.75,-6.15,11.15,
2017-12-03,-0.52,-5.6,6.03,
2017-12-04,-4.32,-8.91,0.56,
2017-12-05,-9.96,-14.26,-5.85,
2017-12-07,-10.06,-15.72,-5.0,
2017-12-08,-4.25,-6.08,-0.83,
2017-12-09,-3.9,-10.09,2.41,
2017-12-10,0.93,-4.76,3.38,
2017-12-11,-4.44,-13.11,3.61,
2017-12-12,-2.28,-12.03,5.41,
2017-12-13,3.09,-6.59,4.67,
2017-12-14,-3.72,-7.64,-1.03,
2017-12-15,-2.49,-4.11,0.67,
2017-12-16,-0.24,-2.38,4.88,
2017-12-17,-1.27,-2.93,2.89,
2017-12-18,1.11,-5.47,6.97,
2017-12-19,-0.47,-7.38,2.79,
2017-12-20,-9.0,-8.01,-5.53,
2017-12-21,-14.14,-18.31,-10.16,
2017-12-22,-12.13,-17.79,-3.66,
2017-12-23,-8.78,-14.6,-5.65,
2017-12-24,-12.26,-21.82,-6.5,
2017-12-25,-21.89,-25.46,-14.95,
2017-12-27,-19.85,-26.86,-12.02,
2017-12-28,-15.15,-21.12,-13.09,
2017-12-29,-21.48,-25.59,-18.46,
2017-12-30,-27.65,-29.75,-25.67,
2018-01-01,-24.91,-26.76,-20.64,
2018-01-02,-18.18,-25.19,-6.01,
2018-01-03,-19.22,-21.79,-16.57,
2018-01-04,-16.68,-16.65,-14.2,
2018-01-05,-20.29,-26.2,-17.13,
2018-01-06,-11.98,-17.37,-8.35,
2018-01-07,-4.78,-8.95,0.83,
2018-01-08,-0.12,-5.7,0.57,
2018-01-09,-0.4,-4.19,-0.37,
2018-01-10,-2.56,-15.95,-0.41,
2018-01-11,-19.48,-25.66,-15.8,
2018-01-12,-22.24,-25.04,-19.43,
2018-01-13,-21.2,-27.61,-16.65,
2018-01-14,-14.12,-20.29,-8.27,
2018-01-15,-21.56,-24.32,-20.66,
2018-01-16,-18.58,-26.05,-14.61,
2018-01-17,-9.33,-16.53,-0.56,
2018-01-18,-2.97,-6.26,2.31,
2018-01-19,1.82,-1.28,5.98,
2018-01-20,1.43,-5.23,7.7,
2018-01-21,-2.04,-2.76,-0.07,
2018-01-22,-5.16,-4.33,-2.47,
2018-01-23,-5.87,-7.87,-4.57,
2018-01-24,-5.01,-6.13,2.13,
2018-01-25,-3.81,-11.07,-2.24,
2018-01-26,-1.86,-7.19,3.46,
2018-01-27,-8.93,-13.8,-6.05,
2018-01-28,-17.38,-18.18,-12.67,
2018-01-29,-15.93,-20.6,-8.2,
2018-01-30,-4.79,-15.11,4.62,
2018-02-01,-16.92,-24.4,-15.25,
2018-02-02,-13.46,-21.94,-4.54,
2018-02-03,-14.53,-19.23,-9.56,
2018-02-04,-19.31,-23.74,-15.93,
2018-02-05,-16.71,-22.45,-15.44,
2018-02-06,-19.15,-26.59,-12.94,
2018-02-07,-16.3,-24.51,-10.0,
2018-02-08,-17.61,-23.86,-14.42,
2018-02-10,-19.89,-24.79,-9.37,
2018-02-11,-14.9,-20.07,-9.2,
2018-02-12,-17.54,-24.78,-12.96,
2018-02-13,-7.96,-12.28,-3.17,
2018-02-14,-1.48,-7.43,7.8,
2018-02-15,-8.58,-16.47,2.38,
2018-02-16,-9.35,-18.3,-3.93,
2018-02-17,-4.68,-14.56,-1.54,
2018-02-18,-7.74,-12.73,-7.85,
2018-02-19,-14.09,-15.87,-11.59,
2018-02-20,-13.81,-20.64,-12.37,
2018-02-21,-19.96,-23.82,-10.87,
2018-02-22,-11.52,-19.11,-5.88,
2018-02-24,-15.7,-23.35,-8.95,
2018-02-25,-6.87,-15.91,-0.35,
2018-02-26,-5.71,-11.84,-0.79,
2018-02-27,-8.08,-10.63,1.46,
2018-02-28,-9.86,-16.04,0.31,
2018-03-01,-8.18,-16.68,-0.37,
2018-03-02,-3.66,-14.66,-0.38,
2018-03-03,-0.61,-7.35,3.13,
2018-03-04,3.34,1.01,1.74,
2018-03-05,-1.55,-1.37,0.89,
2018-03-06,-5.63,-9.71,-2.89,
2018-03-07,-6.32,-11.13,-5.56,
2018-03-08,-8.58,-15.28,-6.01,
2018-03-09,-8.14,-11.12,-5.46,
2018-03-10,-3.48,-4.65,1.04,
2018-03-12,-3.87,-10.82,1.29,
2018-03-13,-6.03,-15.48,-0.82,
2018-03-20,-3.67,-2.51,0.23,
2018-03-21,-0.18,-0.59,1.51,
2018-03-22,0.53,-1.73,7.48,
2018-03-23,-0.99,1.34,-0.98,
2018-03-24,-0.97,-2.4,2.03,
2018-03-25,-0.1,-1.8,0.61,
2018-03-30,-10.01,-9.67,-0.38,
2018-03-31,-11.99,-13.77,-9.11,
2018-04-01,-8.46,-12.36,-6.29,
2018-04-02,-6.81,-6.97,-4.8,
2018-04-03,-10.88,-12.42,-7.09,
2018-04-04,-9.75,-15.67,-2.04,
2018-04-05,-6.26,-12.36,0.02,
2018-04-06,-11.51,-17.39,-7.66,
2018-04-09,-3.17,-7.22,0.45,
2018-04-11,-0.27,-4.98,1.9,
2018-04-12,1.6,0.17,3.8,
2018-04-13,0.39,-2.68,-0.38,
2018-04-14,-1.91,-1.55,0.53,
2018-04-15,0.08,-3.6,1.15,
2018-04-16,-2.12,-7.51,5.53,
2018-04-17,1.29,-2.1,6.3,
2018-04-18,2.67,1.04,8.92,
2018-04-19,6.31,-1.85,12.03,
2018-04-20,6.04,-0.38,14.11,
2018-04-21,6.58,0.93,15.5,
2018-04-22,10.07,0.63,18.91,
2018-04-23,11.41,2.15,20.43,
2018-04-25,8.31,-0.49,17.27,
2018-04-26,11.96,5.17,16.34,
2018-04-27,10.45,2.28,13.53,
2018-04-28,6.85,1.4,15.77,
2018-04-29,14.88,4.54,23.96,
2018-04-30,17.83,10.22,26.89,
2018-05-03,13.98,5.45,21.47,
2018-05-04,18.39,8.06,28.19,
2018-05-05,18.89,8.95,29.14,
2018-05-06,17.54,5.65,27.73,
2018-05-07,20.29,7.01,27.92,
2018-05-08,15.99,14.14,21.75,
2018-05-11,9.77,5.78,14.35,
2018-05-12,12.48,6.96,16.8,
2018-05-13,15.76,7.88,23.58,
2018-05-14,19.45,12.55,24.22,
2018-05-16,23.73,15.08,31.54,
2018-05-17,18.57,13.29,26.57,
2018-05-18,13.09,9.04,19.6,
2018-05-20,14.21,5.33,24.19,
2018-05-23,20.78,17.44,26.71,
2018-05-24,25.36,17.98,33.82,
2018-05-26,24.79,15.41,34.24,
2018-05-27,23.27,19.86,30.33,
2018-05-28,22.61,17.8,29.73,
2018-05-29,25.2,16.99,30.66,
2018-05-30,23.25,15.88,28.41,
2018-05-31,21.06,14.75,28.55,
2018-06-01,23.57,16.93,30.51,
2018-06-02,17.92,14.55,21.42,
2018-06-03,15.68,9.71,23.72,
2018-06-04,23.96,12.41,30.31,
2018-06-05,23.56,17.1,34.44,
2018-06-06,19.65,13.39,23.33,
2018-06-07,19.55,12.58,28.94,
2018-06-08,23.27,12.36,31.25,
2018-06-09,22.77,19.79,32.49,
2018-06-10,21.73,16.16,28.3,
2018-06-11,17.31,13.23,22.2,
2018-06-14,23.68,14.49,31.95,
2018-06-15,23.71,19.05,28.56,
2018-06-16,20.75,16.57,25.48,
2018-06-17,17.77,15.98,21.92,
2018-06-18,19.4,14.78,25.47,
2018-06-19,20.9,17.87,27.27,
2018-06-20,20.83,14.49,24.79,
2018-06-23,23.09,16.92,26.32,
2018-06-24,19.94,16.55,24.41,
2018-06-25,20.51,16.79,24.8,
2018-06-28,26.81,19.63,31.61,
2018-06-29,23.01,18.3,23.42,
2018-07-01,21.15,18.19,28.09,
2018-07-02,21.64,14.37,30.0,
2018-07-03,22.15,18.44,28.6,
2018-07-04,22.2,18.31,28.45,
2018-07-05,19.96,12.65,25.63,
2018-07-06,21.85,13.49,26.16,
2018-07-07,25.92,18.09,30.67,
2018-07-08,28.17,21.74,33.65,
2018-07-09,24.13,17.9,26.34,
2018-07-10,21.36,16.96,28.23,
2018-07-12,22.45,17.23,24.48,
2018-07-13,23.18,17.59,28.9,
2018-07-14,23.9,17.7,29.48,
2018-07-15,21.17,12.92,24.39,
2018-07-16,20.1,11.57,27.65,
2018-07-17,19.35,13.05,25.99,
2018-07-18,20.29,16.23,28.55,
2018-07-19,19.47,19.57,20.81,
2018-07-20,20.3,16.08,25.48,
2018-07-21,18.13,16.32,24.68,
2018-07-22,23.02,16.78,25.25,
2018-07-23,22.44,16.95,23.92,
2018-07-24,20.2,10.06,28.67,
2018-07-25,19.82,13.6,23.91,
2018-07-26,15.84,13.45,21.22,
2018-07-27,17.95,10.61,24.81,
2018-07-28,19.87,10.94,24.7,
2018-07-29,20.1,12.19,26.5,
2018-07-30,18.23,11.4,25.71,
2018-07-31,19.63,14.78,27.0,
2018-08-01,15.36,7.8,19.96,
2018-08-02,15.19,6.54,24.02,
2018-08-03,17.9,14.65,24.36,
2018-08-04,22.17,18.28,29.73,
2018-08-05,22.24,14.3,25.95,
2018-08-06,17.7,14.11,26.27,
2018-08-07,20.31,14.7,26.58,
2018-08-08,23.67,18.24,30.66,
2018-08-09,23.45,15.66,31.94,
2018-08-10,22.37,14.15,28.89,
2018-08-11,23.11,15.51,30.11,
2018-08-12,23.2,18.12,32.83,
2018-08-13,25.29,21.28,33.74,
2018-08-14,20.57,15.47,21.22,
2018-08-15,17.63,10.18,26.06,
2018-08-16,19.57,13.53,27.35,
2018-08-17,19.26,14.8,25.95,
2018-08-18,21.54,13.6,29.85,
2018-08-20,17.06,11.9,21.98,
2018-08-22,17.23,10.23,25.8,
2018-08-24,20.2,14.76,22.79,
2018-08-25,21.59,13.2,27.49,
2018-08-26,19.5,13.69,24.81,
2018-08-27,15.28,11.23,22.26,
2018-08-28,14.14,8.98,15.52,
2018-08-30,19.74,10.65,23.39,
2018-08-31,22.47,16.43,27.03,
2018-09-01,18.61,13.06,25.58,
2018-09-02,18.36,12.99,22.84,
2018-09-03,18.22,10.5,27.18,
2018-09-04,22.16,16.04,22.03,
2018-09-05,13.71,9.9,19.41,
2018-09-07,16.26,7.5,24.0,
2018-09-08,17.96,8.27,22.94,
2018-09-09,19.91,12.13,26.62,
2018-09-10,18.68,15.64,27.66,
2018-09-11,23.48,16.38,29.76,
2018-09-12,20.37,9.55,30.08,
2018-09-13,22.78,18.38,26.25,
2018-09-14,18.19,14.22,23.11,
2018-09-15,19.76,13.77,25.49,
2018-09-18,13.89,5.12,19.36,
2018-09-20,10.36,8.04,13.19,
2018-09-21,9.28,4.51,17.73,
2018-09-22,12.53,4.02,21.57,
2018-09-23,13.52,5.59,21.42,
2018-09-24,9.3,7.65,13.13,
2018-09-26,9.4,2.31,21.09,
2018-09-27,10.9,6.8,12.34,
2018-09-29,3.85,-2.14,5.99,
2018-10-01,7.02,3.95,12.01,
2018-10-02,6.43,-1.26,13.86,
2018-10-03,8.26,0.0,11.04,
2018-10-04,2.19,-4.26,7.96,
2018-10-05,2.95,1.18,5.85,
2018-10-06,1.84,1.35,1.12,
2018-10-07,4.29,1.97,6.55,
2018-10-08,6.1,4.14,6.1,
2018-10-09,3.13,2.01,5.37,
2018-10-10,0.09,0.41,3.41,
2018-10-11,-0.81,-7.04,0.22,
2018-10-12,-1.72,-8.13,5.92,
2018-10-13,2.97,-0.39,5.48,
2018-10-14,-1.04,-2.25,3.12,
2018-10-17,1.46,-3.65,11.49,
2018-10-18,12.43,-1.14,23.21,
2018-10-19,10.58,7.86,16.1,
2018-10-20,0.01,-4.76,9.61,
2018-10-21,3.59,-4.62,17.4,
2018-10-22,6.09,0.78,14.92,
2018-10-24,7.47,-3.05,16.75,
2018-10-25,11.72,9.46,15.99,
2018-10-27,6.93,-1.84,13.59,
2018-10-28,7.11,-1.12,11.9,
2018-10-29,6.04,2.3,13.72,
2018-10-31,2.68,-0.85,10.84,
2018-11-03,1.55,0.77,5.32,
2018-11-04,3.55,2.55,5.12,
2018-11-06,-1.36,-2.22,0.86,
2018-11-07,-7.19,-9.3,-3.36,
2018-11-08,-7.94,-12.3,-5.9,
2018-11-09,-12.77,-16.73,-9.53,
2018-11-10,-6.33,-16.67,-0.71,
2018-11-11,-6.57,-7.65,-2.72,
2018-11-12,-9.79,-16.7,-7.78,
2018-11-14,1.43,-10.31,9.95,
2018-11-15,-1.31,-2.6,4.55,
2018-11-16,-4.07,-8.3,-3.94,
2018-11-17,-14.74,-16.87,-8.89,
2018-11-18,-7.87,-13.51,-5.78,
2018-11-21,-5.29,-10.06,-2.23,
2018-11-22,-2.69,-2.27,-0.29,
2018-11-23,-2.53,-4.55,1.66,
2018-11-24,-1.88,-4.81,-0.43,
2018-11-25,-8.24,-11.59,-4.22,
2018-11-27,-10.85,-18.34,-9.1,
2018-11-29,-0.92,-3.31,1.08,
2018-12-01,-2.75,-4.81,-2.39,
2018-12-02,-4.22,-7.25,-3.9,
2018-12-03,-4.8,-7.77,-4.69,
2018-12-05,-7.3,-10.64,-6.13,
2018-12-06,-12.53,-15.18,-7.14,
2018-12-07,-9.35,-15.28,-3.4,
2018-12-08,-6.83,-14.43,-0.5,
2018-12-09,-8.79,-11.74,-1.28,
2018-12-10,-6.57,-10.43,2.0,
2018-12-11,-1.87,-10.36,2.18,
2018-12-12,-5.41,-10.83,-1.84,
2018-12-13,-0.81,-2.38,5.46,
2018-12-15,2.27,-1.55,8.46,
2018-12-16,1.29,-3.66,3.71,
2018-12-17,-2.8,-7.75,3.06,
2018-12-19,0.18,-1.11,6.61,
2018-12-20,-0.79,-2.77,3.32,
2018-12-21,-4.26,-5.36,-3.45,
2018-12-22,0.82,-6.01,3.69,
2018-12-23,-6.05,-8.98,-4.31,
2018-12-24,-4.75,-11.87,-1.61,
2018-12-25,-8.75,-13.09,-6.19,
2018-12-26,-11.01,-14.81,-4.4,
2018-12-27,-7.84,-9.79,-4.97,
2018-12-29,-16.87,-23.92,-10.21,
2018-12-30,-5.23,-10.43,-3.92,
2019-01-01,-20.05,-26.8,-18.16,
2019-01-02,-9.12,-16.39,-1.46,
2019-01-03,0.38,-4.98,2.31,
2019-01-04,-2.73,-3.04,1.76,
2019-01-05,-0.28,-6.72,1.82,
2019-01-06,-3.72,-9.89,-2.46,
2019-01-07,1.75,0.1,6.19,
2019-01-08,-7.63,-12.92,-1.42,
2019-01-09,-16.4,-17.24,-12.58,
2019-01-10,-11.96,-12.74,-7.43,
2019-01-11,-9.32,-12.93,-6.69,
2019-01-12,-7.61,-8.34,-5.11,
2019-01-13,-5.83,-6.43,-2.07,
2019-01-14,-6.58,-5.57,-4.35,
2019-01-15,-7.71,-15.76,-2.23,
2019-01-16,-16.5,-22.01,-15.32,
2019-01-17,-15.26,-19.14,-12.75,
2019-01-18,-17.28,-20.91,-15.55,
2019-01-19,-23.41,-25.95,-17.06,
2019-01-20,-19.69,-19.98,-17.84,
2019-01-21,-15.05,-19.82,-11.08,
2019-01-22,-13.59,-21.4,-8.24,
2019-01-23,-11.98,-22.68,-5.36,
2019-01-24,-20.6,-26.83,-12.66,
2019-01-25,-21.65,-27.62,-17.29,
2019-01-26,-18.94,-24.45,-13.19,
2019-01-27,-22.68,-29.4,-15.28,
2019-01-28,-17.45,-20.86,-11.74,
2019-01-29,-28.39,-33.38,-19.67,
2019-01-30,-33.16,-35.18,-29.68,
2019-01-31,-26.16,-35.1,-17.22,
2019-02-02,-12.08,-15.41,-5.42,
2019-02-03,-16.82,-22.82,-9.6,
2019-02-04,-21.76,-23.06,-21.08,
2019-02-05,-21.86,-21.03,-17.9,
2019-02-06,-17.78,-18.78,-18.01,
2019-02-07,-21.25,-25.01,-18.8,
2019-02-08,-27.65,-29.08,-23.04,
2019-02-09,-21.23,-27.04,-19.22,
2019-02-10,-20.0,-22.68,-19.07,
2019-02-11,-13.81,-22.71,-9.45,
2019-02-13,-17.56,-24.67,-10.32,
2019-02-14,-16.55,-22.06,-13.39,
2019-02-16,-16.3,-21.27,-12.38,
2019-02-17,-13.11,-17.1,-12.86,
2019-02-18,-17.91,-23.46,-15.09,
2019-02-19,-21.03,-26.94,-11.44,
2019-02-20,-10.32,-12.67,-6.77,
2019-02-21,-15.59,-18.12,-8.92,
2019-02-22,-15.19,-23.47,-5.78,
2019-02-23,-9.43,-12.3,-5.86,
2019-02-24,-16.16,-22.69,-11.1,
2019-02-25,-22.56,-24.85,-19.38,
2019-02-26,-18.8,-20.97,-18.22,
2019-02-28,-16.76,-20.03,-7.87,
2019-03-02,-20.49,-25.71,-16.9,
2019-03-03,-23.51,-26.4,-20.0,
2019-03-05,-14.23,-17.41,-10.22,
2019-03-06,-14.16,-16.74,-10.79,
2019-03-07,-17.61,-24.6,-10.55,
2019-03-09,-2.62,-5.73,-2.72,
2019-03-11,-10.58,-21.33,-3.26,
2019-03-12,0.94,-8.62,2.45,
2019-03-15,-5.52,-10.49,-1.01,
2019-03-16,-9.24,-15.27,-2.33,
2019-03-17,-4.45,-9.69,0.46,
2019-03-18,-4.42,-11.41,-2.35,
2019-03-19,-2.07,-8.44,0.34,
2019-03-20,1.18,-2.86,0.96,
2019-03-21,-0.19,-6.32,5.26,
2019-03-22,-2.33,-7.51,1.7,
2019-03-23,-3.01,-10.08,3.64,
2019-03-24,-0.84,-4.47,0.31,
2019-03-25,-1.25,-6.73,0.08,
2019-03-26,0.83,-5.11,3.74,
2019-03-27,2.07,-1.71,5.41,
2019-03-28,1.67,-2.47,4.33,
2019-03-30,-3.55,-6.18,-0.69,
2019-03-31,0.21,-4.52,4.6,
2019-04-01,1.8,-1.58,3.31,
2019-04-02,2.8,-0.97,5.15,
2019-04-03,1.26,-2.22,3.19,
2019-04-04,-0.11,-0.43,4.47,
2019-04-05,4.15,0.63,9.98,
2019-04-06,7.06,2.56,8.37,
2019-04-07,10.9,6.74,15.07,
2019-04-09,0.8,-2.28,3.2,
2019-04-10,-2.45,-3.21,0.03,
2019-04-11,-2.94,-3.48,-0.59,
2019-04-12,-1.28,-4.78,-1.15,
2019-04-13,2.79,-3.51,5.03,
2019-04-14,0.29,-5.23,4.32,
2019-04-15,2.08,-0.82,8.45,
2019-04-16,5.32,0.1,14.31,
2019-04-17,7.48,5.75,9.49,
2019-04-18,9.47,6.89,12.27,
2019-04-19,11.32,2.08,15.95,
2019-04-20,15.88,7.55,24.83,
2019-04-21,12.8,8.55,15.37,
2019-04-22,11.06,7.47,17.34,
2019-04-23,11.56,3.85,22.84,
2019-04-24,16.11,8.48,25.14,
2019-04-25,12.4,7.94,18.88,
2019-04-28,5.66,3.33,10.05,
2019-04-29,3.07,4.4,3.96,
2019-04-30,2.84,2.11,5.74,
2019-05-02,6.34,-0.96,12.62,
2019-05-03,9.31,4.98,17.27,
2019-05-04,9.17,4.48,15.12,
2019-05-05,8.01,3.1,12.19,
2019-05-08,6.69,5.0,9.01,
2019-05-09,8.44,-0.12,14.34,
2019-05-10,10.08,-1.86,16.04,
2019-05-12,11.25,6.06,18.02,
2019-05-13,15.78,7.53,21.57,
2019-05-14,18.12,9.32,23.77,
2019-05-16,14.38,8.25,20.84,
2019-05-17,11.38,3.41,17.56,
2019-05-18,8.53,4.42,8.04,
2019-05-19,5.42,4.58,8.49,
2019-05-20,9.45,1.74,15.39,
2019-05-21,13.56,7.14,16.33,
2019-05-22,10.42,7.49,10.52,
2019-05-23,10.52,7.15,11.93,
2019-05-24,11.5,9.41,20.2,
2019-05-25,14.26,8.66,15.04,
2019-05-26,13.89,7.95,18.58,
2019-05-27,12.5,8.65,17.85,
2019-05-28,11.84,5.68,20.94,
2019-05-30,22.8,13.83,31.0,
2019-05-31,19.53,12.4,27.07,
2019-06-01,14.75,8.65,18.82,
2019-06-02,15.98,7.68,22.32,
2019-06-03,22.75,14.32,30.23,
2019-06-04,25.78,17.09,31.38,
2019-06-07,26.29,16.73,33.92,
2019-06-08,22.84,11.98,30.71,
2019-06-10,17.68,10.6,22.67,
2019-06-11,16.79,13.59,22.36,
2019-06-12,14.1,6.86,18.4,
2019-06-13,16.41,10.56,25.77,
2019-06-14,21.92,16.42,31.51,
2019-06-16,16.96,13.71,19.36,
2019-06-17,15.9,11.93,21.76,
2019-06-18,16.82,11.64,22.16,
2019-06-20,15.94,15.3,17.71,
2019-06-21,18.1,14.72,20.58,
2019-06-22,16.83,13.31,17.97,
2019-06-23,17.98,11.42,25.32,
2019-06-24,21.09,16.35,25.94,
2019-06-26,21.6,14.77,28.1,
2019-06-28,22.23,17.09,27.72,
2019-06-29,24.21,19.08,33.25,
2019-06-30,25.85,20.46,29.77,
2019-07-01,23.63,20.3,26.94,
2019-07-02,23.49,16.4,29.14,
2019-07-03,22.83,19.47,29.89,
2019-07-04,21.27,16.28,22.64,
2019-07-05,19.98,18.33,19.42,
2019-07-06,20.54,15.91,24.36,
2019-07-07,22.09,13.21,27.7,
2019-07-08,26.54,19.72,29.58,
2019-07-10,21.62,15.83,26.52,
2019-07-11,23.23,15.62,27.48,
2019-07-12,26.92,18.33,29.03,
2019-07-13,25.79,20.93,28.96,
2019-07-14,23.88,20.59,30.01,
2019-07-15,26.84,22.13,30.95,
2019-07-16,23.81,20.11,30.59,
2019-07-17,23.75,20.9,31.04,
2019-07-19,22.23,21.58,28.85,
2019-07-20,20.72,17.26,26.32,
2019-07-21,19.35,14.42,23.75,
2019-07-22,19.94,13.44,23.59,
2019-07-23,21.47,16.06,24.87,
2019-07-24,19.42,16.72,29.02,
2019-07-25,23.96,22.01,30.52,
2019-07-27,20.49,14.52,27.94,
2019-07-29,17.2,12.8,21.83,
2019-07-30,16.35,10.92,23.47,
2019-07-31,21.55,15.92,27.83,
2019-08-01,25.27,16.4,27.96,
2019-08-02,20.36,18.37,26.15,
2019-08-04,24.71,17.31,27.65,
2019-08-05,21.38,17.21,25.82,
2019-08-06,20.28,17.1,27.72,
2019-08-07,20.94,12.13,25.73,
2019-08-08,17.49,10.2,23.26,
2019-08-09,17.56,12.64,22.9,
2019-08-10,19.59,17.46,19.39,
2019-08-11,18.17,15.31,24.57,
2019-08-12,19.1,15.22,21.24,
2019-08-13,16.15,13.98,20.86,
2019-08-14,18.88,15.42,24.26,
2019-08-15,15.28,11.34,23.34,
2019-08-16,17.67,13.6,26.26,
2019-08-17,18.92,15.95,26.91,
2019-08-18,17.89,10.84,22.93,
2019-08-19,20.52,11.85,29.58,
2019-08-20,20.26,15.01,25.33,
2019-08-22,17.36,9.61,22.31,
2019-08-23,17.24,10.88,21.19,
2019-08-24,19.3,13.84,26.9,
2019-08-25,17.93,13.9,23.6,
2019-08-26,18.96,16.19,21.84,
2019-08-27,15.78,12.58,17.43,
2019-08-28,17.82,9.27,22.02,
2019-08-30,16.57,10.41,22.24,
2019-08-31,18.44,13.96,22.0,
2019-09-01,17.83,15.9,22.5,
2019-09-02,18.45,13.7,23.41,
2019-09-03,16.89,10.95,17.92,
2019-09-04,14.74,4.91,22.45,
2019-09-05,18.17,12.29,27.2,
2019-09-06,17.24,12.05,22.46,
2019-09-07,11.79,8.92,12.77,
2019-09-08,11.95,10.05,18.3,
2019-09-09,15.9,12.55,18.62,
2019-09-10,16.2,15.58,22.01,
2019-09-11,14.89,10.97,18.52,
2019-09-12,13.61,9.64,14.16,
2019-09-13,12.54,8.9,16.37,
2019-09-14,15.05,7.55,19.86,
2019-09-15,20.21,13.99,29.26,
2019-09-16,24.18,18.56,31.55,
2019-09-17,27.07,21.07,31.79,
2019-09-18,18.89,16.12,24.97,
2019-09-19,18.59,12.16,26.23,
2019-09-20,23.48,19.92,32.05,
2019-09-21,21.33,13.79,27.3,
2019-09-22,16.47,11.92,21.33,
2019-09-23,15.38,8.82,22.64,
2019-09-25,13.38,9.73,16.5,
2019-09-26,12.62,6.76,17.22,
2019-09-27,11.43,5.42,13.74,
2019-09-28,7.22,0.01,13.64,
2019-09-29,10.18,8.38,14.84,
2019-09-30,9.73,8.29,17.06,
2019-10-01,6.98,6.08,11.58,
2019-10-02,4.22,4.3,4.58,
2019-10-03,5.27,1.26,7.63,
2019-10-05,6.58,8.53,10.16,
2019-10-06,10.24,6.3,16.7,
2019-10-08,12.51,4.78,21.06,
2019-10-09,12.56,3.72,18.13,
2019-10-10,2.7,-0.17,4.22,
2019-10-11,-0.15,-1.65,0.24,
2019-10-12,-0.09,-0.64,0.73,
2019-10-13,2.54,-0.14,1.06,
2019-10-14,2.65,-2.75,9.82,
2019-10-17,5.31,-0.8,14.18,
2019-10-18,13.31,6.36,18.44,
2019-10-19,9.61,4.57,14.48,
2019-10-20,5.0,0.7,9.6,
2019-10-21,6.41,5.13,8.54,
2019-10-22,2.71,-2.41,7.95,
2019-10-23,1.95,-1.86,5.45,
2019-10-24,2.65,-4.15,8.72,
2019-10-26,9.12,3.59,14.29,
2019-10-27,1.25,-0.86,3.88,
2019-10-29,-2.39,-7.86,-1.33,
2019-10-30,-2.84,-7.34,-1.72,
2019-10-31,-2.93,-6.51,3.23,
2019-11-01,3.25,1.35,4.61,
2019-11-02,0.82,-1.82,6.09,
2019-11-03,1.27,-4.27,8.11,
2019-11-07,-10.55,-15.26,-4.56,
2019-11-08,-4.58,-8.57,3.44,
2019-11-09,2.74,-2.51,5.2,
2019-11-10,-8.79,-11.42,-2.87,
2019-11-11,-14.69,-15.98,-10.94,
2019-11-12,-10.23,-16.96,-2.49,
2019-11-13,-3.68,-5.24,-1.13,
2019-11-14,-3.36,-13.92,9.9,
2019-11-15,0.44,-5.38,2.86,
2019-11-16,1.6,-4.18,4.36,
2019-11-17,-1.35,-0.38,4.19,
2019-11-19,0.53,1.21,5.84,
2019-11-20,1.37,-1.29,4.53,
2019-11-21,-5.26,-10.78,-0.07,
2019-11-23,3.52,-0.71,9.29,
2019-11-24,2.25,0.74,9.5,
2019-11-25,3.34,-2.34,6.46,
2019-11-26,-1.16,0.74,-1.32,
2019-11-27,-3.29,-4.11,0.46,
2019-11-28,-5.25,-6.52,-1.39,
2019-11-29,-2.91,-5.17,-2.85,
2019-11-30,-2.38,-6.19,-1.03,
2019-12-01,-8.41,-15.67,-5.45,
2019-12-02,-7.65,-16.8,-3.38,
2019-12-03,-3.92,-5.45,1.5,
2019-12-04,-0.77,-6.97,2.16,
2019-12-05,-5.15,-6.56,-2.25,
2019-12-06,-6.19,-8.83,-2.98,
2019-12-07,-1.57,-11.25,3.59,
2019-12-08,-7.57,-14.65,-1.82,
2019-12-10,-22.57,-23.67,-12.05,
2019-12-11,-17.47,-27.09,-14.72,
2019-12-12,-14.18,-14.11,-11.73,
2019-12-13,-8.49,-13.63,-3.28,
2019-12-14,-18.57,-23.79,-13.28,
2019-12-15,-11.62,-18.4,-1.62,
2019-12-16,-8.29,-15.39,-4.32,
2019-12-17,-14.6,-21.16,-5.81,
2019-12-18,-11.42,-15.8,-8.2,
2019-12-19,-9.37,-12.01,-5.37,
2019-12-20,-9.91,-13.15,-6.94,
2019-12-21,-3.13,-7.58,-0.81,
2019-12-23,-6.39,-8.03,-0.52,
2019-12-24,-7.64,-8.44,-4.88,
2019-12-25,-4.99,-7.47,-5.52,
2019-12-26,-6.03,-9.29,-0.95,
2019-12-27,-7.72,-14.75,-5.3,
2019-12-28,-5.52,-11.4,-2.11,
2019-12-30,-8.27,-7.71,-4.64,
2020-01-01,-3.33,-10.31,1.0,
2020-01-02,-0.4,-0.68,2.31,
2020-01-03,-4.27,-7.39,-1.41,
2020-01-04,-7.27,-17.64,0.14,
2020-01-05,-0.92,-9.26,5.1,
2020-01-07,-11.39,-19.18,-6.53,
2020-01-08,-14.51,-23.23,-16.21,
2020-01-09,-11.33,-12.15,-6.08,
2020-01-10,-18.04,-25.44,-14.39,
2020-01-12,-12.69,-17.12,-8.92,
2020-01-13,-9.15,-7.9,-6.19,
2020-01-14,-13.69,-18.41,-7.35,
2020-01-15,-19.13,-25.31,-20.29,
2020-01-16,-25.58,-30.87,-24.0,
2020-01-17,-10.93,-20.39,-8.45,
2020-01-18,-17.06,-20.7,-8.79,
2020-01-19,-19.92,-23.47,-17.36,
2020-01-20,-22.43,-26.36,-16.95,
2020-01-21,-8.34,-19.49,-2.94,
2020-01-22,-4.88,-9.01,-2.38,
2020-01-23,-4.66,-8.31,-3.66,
2020-01-24,-6.91,-5.72,-2.27,
2020-01-25,-4.75,-7.09,-3.97,
2020-01-26,-4.22,-9.48,-1.25,
2020-01-27,-8.74,-9.41,-9.76,
2020-01-28,-8.3,-9.78,-6.67,
2020-01-29,-6.2,-8.87,-2.98,
2020-01-30,-4.57,-4.57,-1.2,
2020-01-31,-3.21,-4.61,-1.64,
2020-02-01,-0.59,-5.49,4.6,
2020-02-02,3.09,-1.09,5.52,
2020-02-03,-7.19,-13.35,-1.66,
2020-02-04,-12.2,-16.86,-7.59,
2020-02-05,-8.4,-11.4,-2.67,
2020-02-06,-9.47,-12.9,-5.47,
2020-02-07,-16.75,-21.09,-11.36,
2020-02-08,-9.54,-20.56,-4.32,
2020-02-09,-7.95,-11.12,0.12,
2020-02-10,-6.65,-12.49,-3.56,
2020-02-11,-4.99,-12.06,-1.95,
2020-02-12,-16.04,-25.03,-2.37,
2020-02-13,-25.23,-30.74,-16.04,
2020-02-15,-5.93,-11.23,-3.97,
2020-02-16,-10.71,-12.72,-8.27,
2020-02-17,-5.31,-8.87,-2.05,
2020-02-18,-14.55,-21.13,-5.29,
2020-02-19,-19.68,-23.6,-15.02,
2020-02-20,-14.0,-24.83,-6.03,
2020-02-21,-3.75,-7.81,0.45,
2020-02-22,-1.93,-8.44,1.79,
2020-02-23,-0.97,-4.43,3.42,
2020-02-24,-5.32,-8.32,-0.03,
2020-02-25,-6.95,-11.24,-4.59,
2020-02-26,-8.93,-10.85,-6.86,
2020-02-27,-8.8,-12.56,-4.36,
2020-02-28,-5.95,-10.57,-5.0,
2020-02-29,1.54,-5.08,5.17,
2020-03-01,-0.14,-4.43,2.76,
2020-03-02,-1.74,-9.38,1.7,
2020-03-03,-3.03,-6.2,3.17,
2020-03-04,-0.51,-4.86,5.5,
2020-03-05,0.2,-2.52,3.7,
2020-03-06,-1.96,-6.55,3.32,
2020-03-07,4.12,-0.15,7.76,
2020-03-09,-6.63,-10.32,-3.36,
2020-03-10,-4.97,-6.7,1.42,
2020-03-11,1.01,-2.71,4.08,
2020-03-12,1.11,-0.74,2.91,
2020-03-13,-4.07,-6.88,-2.28,
2020-03-14,-6.02,-10.55,-3.54,
2020-03-15,-2.39,-9.42,1.15,
2020-03-16,-0.5,0.55,-0.5,
2020-03-17,-0.55,-6.13,2.98,
2020-03-18,-0.72,-3.39,2.02,
2020-03-20,-10.95,-14.47,-7.6,
2020-03-21,-7.0,-11.91,1.26,
2020-03-22,-0.59,-6.02,2.74,
2020-03-24,3.42,-1.49,8.48,
2020-03-25,-0.42,-3.7,2.16,
2020-03-26,1.19,-5.62,4.65,
2020-03-27,3.24,-2.66,11.1,
2020-03-28,1.74,-0.52,10.76,
2020-03-29,5.36,-0.15,8.79,
2020-03-30,6.12,-2.46,14.28,
2020-03-31,5.0,1.1,7.42,
2020-04-01,8.27,-2.14,11.33,
2020-04-02,-5.25,-6.65,-0.9,
2020-04-03,-7.94,-11.04,-5.7,
2020-04-04,-6.93,-11.81,0.72,
2020-04-05,1.77,-5.58,3.28,
2020-04-06,6.98,3.39,13.78,
2020-04-07,8.26,5.19,12.79,
2020-04-08,7.37,-1.62,7.69,
2020-04-09,1.01,-3.26,2.73,
2020-04-10,3.6,-2.47,10.4,
2020-04-11,3.89,1.54,4.99,
2020-04-12,-1.52,-5.27,-0.13,
2020-04-13,-5.4,-7.26,-3.1,
2020-04-14,-5.59,-8.45,-2.87,
2020-04-15,-4.06,-7.97,1.09,
2020-04-16,0.2,-4.33,6.86,
2020-04-17,2.39,-4.39,11.26,
2020-04-18,5.76,4.06,14.83,
2020-04-19,3.38,-3.06,11.21,
2020-04-20,6.94,0.53,14.41,
2020-04-21,4.02,-4.2,11.3,
2020-04-22,10.36,-0.08,18.54,
2020-04-23,12.05,6.78,19.46,
2020-04-24,11.15,5.06,17.61,
2020-04-25,10.93,6.8,15.87,
2020-04-26,11.91,2.64,20.89,
2020-04-27,14.5,7.86,21.32,
2020-04-28,11.69,7.43,12.62,
2020-04-29,12.28,4.95,19.04,
2020-04-30,13.08,5.34,21.68,
2020-05-01,15.75,9.87,23.09,
2020-05-02,16.1,7.79,20.5,
2020-05-03,8.61,0.34,12.42,
2020-05-04,3.97,5.81,10.58,
2020-05-05,6.83,5.09,8.76,
2020-05-06,9.37,6.67,17.79,
2020-05-07,6.98,3.03,10.18,
2020-05-08,3.45,-0.15,11.7,
2020-05-09,4.65,2.11,7.55,
2020-05-10,5.08,1.3,8.53,
2020-05-11,2.45,-2.04,8.67,
2020-05-12,4.86,-3.64,8.08,
2020-05-13,8.36,4.82,12.21,
2020-05-14,12.51,7.24,17.72,
2020-05-15,12.57,4.43,19.86,
2020-05-16,12.83,7.19,17.97,
2020-05-17,14.41,6.07,22.81,
2020-05-18,16.35,4.79,23.62,
2020-05-19,15.68,6.91,22.8,
2020-05-20,17.07,15.11,21.76,
2020-05-21,18.05,13.19,21.38,
2020-05-22,17.76,15.26,24.87,
2020-05-23,19.55,13.26,26.24,
2020-05-24,18.08,13.36,20.86,
2020-05-25,14.95,14.28,20.82,
2020-05-26,16.04,15.13,24.07,
2020-05-27,20.72,12.19,27.76,
2020-05-28,16.66,9.62,20.84,
2020-05-29,13.77,6.18,18.09,
2020-05-30,11.98,6.72,18.14,
2020-05-31,18.57,7.45,24.0,
2020-06-01,26.74,15.49,35.04,
2020-06-02,21.76,18.24,28.71,
2020-06-03,21.2,13.59,26.63,
2020-06-04,19.79,13.08,26.14,
2020-06-05,20.26,10.63,24.79,
2020-06-06,18.57,12.43,23.25,
2020-06-07,26.05,18.41,34.52,
2020-06-08,25.1,18.49,29.28,
2020-06-09,15.39,11.38,20.87,
2020-06-10,15.23,10.39,23.85,
2020-06-11,17.2,12.1,23.92,
2020-06-12,19.55,10.96,22.57,
2020-06-13,20.34,15.33,27.12,
2020-06-14,21.34,14.39,27.01,
2020-06-15,24.59,21.31,32.62,
2020-06-16,27.1,18.12,34.26,
2020-06-17,27.55,22.55,33.27,
2020-06-18,19.89,15.76,23.15,
2020-06-19,16.99,13.14,22.38,
2020-06-20,19.35,16.85,22.72,
2020-06-21,17.94,15.32,23.09,
2020-06-22,17.36,12.94,20.1,
2020-06-23,17.46,13.65,23.26,
2020-06-24,18.55,13.77,26.44,
2020-06-25,22.71,16.91,28.04,
2020-06-26,22.41,19.44,28.14,
2020-06-27,23.28,19.52,30.34,
2020-06-28,23.83,19.88,30.79,
2020-06-29,23.75,17.47,26.76,
2020-06-30,26.48,24.12,30.33,
2020-07-01,24.29,16.76,27.87,
2020-07-02,25.64,17.44,30.5,
2020-07-03,26.42,18.69,30.84,
2020-07-04,25.56,21.83,30.9,
2020-07-05,22.19,18.08,28.83,
2020-07-06,22.53,18.05,27.56,
2020-07-07,23.96,18.09,27.84,
2020-07-08,23.82,16.94,29.31,
2020-07-09,23.08,18.43,27.3,
2020-07-10,19.43,13.34,29.37,
2020-07-11,22.27,17.21,24.85,
2020-07-12,23.55,16.81,26.35,
2020-07-13,24.38,19.47,27.76,
2020-07-14,21.5,18.57,23.62,
2020-07-15,20.61,14.75,27.57,
2020-07-16,21.69,16.52,28.57,
2020-07-17,23.18,16.13,34.55,
2020-07-18,22.32,17.96,27.0,
2020-07-19,18.83,15.99,24.99,
2020-07-20,19.08,13.35,28.05,
2020-07-21,18.28,16.03,25.08,
2020-07-22,20.67,10.43,24.56,
2020-07-23,19.25,16.26,27.98,
2020-07-24,28.46,21.91,33.36,
2020-07-25,25.47,22.88,31.35,
2020-07-26,20.93,17.71,25.88,
2020-07-27,22.59,15.5,28.63,
2020-07-28,22.69,14.7,26.9,
2020-07-29,22.29,14.88,26.07,
2020-07-30,22.71,15.41,26.82,
2020-07-31,22.42,16.04,30.09,
2020-08-01,21.11,17.79,23.81,
2020-08-02,17.75,12.35,23.03,
2020-08-03,19.76,10.29,23.98,
2020-08-04,18.26,9.25,25.6,
2020-08-05,19.53,13.44,22.87,
2020-08-06,19.04,14.73,26.45,
2020-08-07,23.44,16.18,30.42,
2020-08-08,24.45,22.89,26.71,
2020-08-09,22.22,15.96,30.11,
2020-08-10,18.42,14.05,26.03,
2020-08-11,22.72,13.59,27.64,
2020-08-12,18.45,15.94,25.39,
2020-08-14,19.58,12.74,26.07,
2020-08-15,17.06,12.96,28.73,
2020-08-16,18.56,13.26,27.07,
2020-08-17,19.28,11.13,24.19,
2020-08-18,19.42,14.08,31.15,
2020-08-19,22.47,17.59,31.62,
2020-08-20,24.15,17.69,27.47,
2020-08-21,22.96,17.45,30.87,
2020-08-22,23.92,16.94,31.93,
2020-08-23,23.76,17.59,33.92,
2020-08-24,21.31,16.49,26.92,
2020-08-25,22.84,16.15,27.22,
2020-08-26,23.44,19.94,27.86,
2020-08-27,20.46,14.12,23.9,
2020-08-28,20.17,16.05,22.39,
2020-08-29,18.55,11.52,23.17,
2020-08-30,18.29,12.11,26.71,
2020-08-31,16.06,12.08,19.1,
2020-09-01,17.01,11.86,27.94,
2020-09-02,19.29,9.75,29.11,
2020-09-03,14.46,10.05,19.42,
2020-09-04,17.35,9.72,24.78,
2020-09-05,17.49,7.8,28.47,
2020-09-06,18.41,10.44,26.01,
2020-09-07,9.74,6.99,12.91,
2020-09-08,6.26,2.29,9.83,
2020-09-09,6.18,-0.46,14.3,
2020-09-10,8.35,2.67,18.6,
2020-09-11,9.76,2.7,17.69,
2020-09-12,14.02,12.68,17.1,
2020-09-13,13.43,8.85,17.29,
2020-09-14,15.09,7.25,25.12,
2020-09-15,18.81,13.8,26.19,
2020-09-16,12.93,6.81,16.75,
2020-09-17,13.5,4.59,17.4,
2020-09-18,12.67,4.44,19.65,
2020-09-19,16.49,8.11,23.57,
2020-09-20,18.1,13.17,25.96,
2020-09-21,18.89,12.5,28.83,
2020-09-22,19.65,6.99,29.16,
2020-09-23,17.21,10.86,25.48,
2020-09-24,16.2,12.45,26.63,
2020-09-25,18.78,13.61,25.3,
2020-09-26,14.35,9.95,17.95,
2020-09-27,10.35,5.69,17.25,
2020-09-28,9.56,6.08,15.56,
2020-09-29,15.85,7.11,21.54,
2020-09-30,11.19,9.26,16.97,
2020-10-01,8.82,5.13,10.26,
2020-10-02,4.81,2.25,12.33,
2020-10-03,5.26,2.76,10.95,
2020-10-04,9.27,-1.03,18.52,
2020-10-05,14.27,9.84,26.2,
2020-10-06,15.82,5.36,26.51,
2020-10-07,15.94,8.4,20.07,
2020-10-08,11.86,4.27,18.76,
2020-10-09,16.0,8.23,25.69,
2020-10-10,12.53,2.07,18.73,
2020-10-11,15.62,10.98,24.87,
2020-10-12,11.47,2.8,17.92,
2020-10-13,10.0,3.34,15.84,
2020-10-14,9.53,1.32,12.28,
2020-10-15,3.3,-3.25,10.35,
2020-10-16,6.45,-0.69,4.12,
2020-10-17,0.56,-4.68,4.96,
2020-10-18,-2.43,-4.98,0.05,
2020-10-20,-0.12,0.65,1.81,
2020-10-21,-2.8,-6.11,1.07,
2020-10-22,-1.13,-3.27,-0.88,
2020-10-23,-3.0,-10.62,-1.31,
2020-10-24,-6.03,-11.77,-2.75,
2020-10-25,-5.85,-11.98,-2.45,
2020-10-26,-10.18,-15.35,-3.89,
2020-10-27,-7.78,-12.17,-1.02,
2020-10-28,0.53,-1.28,7.69,
2020-10-29,-4.04,-5.93,1.35,
2020-10-30,2.39,-2.96,6.26,
2020-10-31,5.95,-2.26,11.44,
2020-11-01,-1.62,-8.29,1.86,
2020-11-03,9.07,1.89,21.52,
2020-11-04,10.04,1.32,21.23,
2020-11-05,10.67,-1.08,18.23,
2020-11-06,10.25,3.65,19.2,
2020-11-07,4.6,1.01,8.28,
2020-11-08,13.62,4.75,22.48,
2020-11-09,-1.2,-9.6,1.7,
2020-11-11,-2.12,-8.07,7.64,
2020-11-12,-7.11,-12.49,-2.78,
2020-11-13,-2.01,-10.92,5.85,
2020-11-14,3.95,-5.08,11.33,
2020-11-15,-0.65,-3.29,2.51,
2020-11-16,-3.81,-9.76,1.81,
2020-11-17,-4.12,-9.24,1.75,
2020-11-18,3.11,-0.52,10.47,
2020-11-19,3.29,1.43,7.2,
2020-11-20,-4.15,-6.95,1.6,
2020-11-21,-0.64,-9.7,5.73,
2020-11-22,-0.35,-8.81,6.49,
2020-11-23,-3.87,-8.99,2.24,
2020-11-24,0.73,-4.45,2.8,
2020-11-25,-4.94,-4.64,1.15,
2020-11-26,0.18,-4.83,5.76,
2020-11-27,-1.9,-9.16,5.23,
2020-11-28,2.59,-4.46,9.07,
2020-11-29,-3.46,-10.17,3.14,
2020-11-30,-5.0,-12.16,6.13,
2020-12-01,-4.37,-10.69,1.5,
2020-12-02,-2.23,-5.44,2.62,
2020-12-03,-0.86,-2.41,9.15,
2020-12-04,0.35,-3.24,9.08,
2020-12-05,0.67,-2.65,8.21,
2020-12-06,-0.5,-4.27,6.84,
2020-12-07,-1.08,-4.61,11.53,
2020-12-08,3.19,-1.83,13.72,
2020-12-09,2.76,-1.58,10.11,
2020-12-10,-0.78,-5.5,3.62,
2020-12-11,-5.18,-8.2,0.15,
2020-12-12,-7.47,-9.0,-5.5,
2020-12-13,-7.83,-12.94,-3.2,
2020-12-14,-13.18,-16.31,-12.43,
2020-12-15,-6.13,-12.16,-4.31,
2020-12-16,-3.43,-3.88,-0.24,
2020-12-17,-6.3,-9.98,1.86,
2020-12-18,-4.64,-12.91,1.63,
2020-12-19,-7.84,-18.98,1.91,
2020-12-20,-0.17,-4.7,4.52,
2020-12-21,-0.67,-7.13,2.85,
2020-12-22,-0.59,-3.81,7.69,
2020-12-23,-12.51,-19.13,-1.46,
2020-12-24,-19.1,-24.26,-12.92,
2020-12-25,-7.08,-14.89,4.02,
2020-12-26,-5.77,-8.53,-3.07,
2020-12-27,-5.95,-10.84,-2.94,
2020-12-28,-13.86,-18.79,-4.48,
2020-12-29,-7.84,-17.79,-5.23,
2020-12-30,-6.55,-9.8,-5.67,
2020-12-31,-7.58,-13.5,-4.67,
2021-01-01,-6.16,-11.62,-0.89,
2021-01-02,-4.18,-9.61,1.92,0.0
2021-01-03,-5.51,-7.54,0.71,0.0
2021-01-04,1.07,-7.3,3.79,0.0
2021-01-05,-5.77,-10.68,0.99,1.5
2021-01-06,-0.64,-3.16,1.58,4.57
2021-01-07,-5.19,-11.48,-4.31,0.0
2021-01-08,-3.39,-3.67,-2.05,0.0
2021-01-09,-2.35,-3.07,0.92,0.0
2021-01-10,-4.07,-12.43,0.32,0.0
2021-01-11,-4.86,-11.35,0.44,0.0
2021-01-12,-3.96,-9.74,3.59,0.0
2021-01-13,0.92,-3.09,3.71,4.05
2021-01-14,1.37,-1.41,6.14,0.98
2021-01-15,-1.78,-6.19,0.1,0.0
2021-01-16,-5.14,-8.84,-1.94,0.0
2021-01-17,-4.97,-6.21,0.51,0.18
2021-01-18,-9.23,-12.08,-5.38,0.4
2021-01-19,-12.14,-14.95,-7.44,2.55
2021-01-20,-0.3,-12.08,4.8,0.0
2021-01-21,-6.91,-14.14,-1.32,0.0
2021-01-22,-10.93,-17.58,-4.24,0.0
2021-01-23,-5.9,-11.52,-2.49,0.0
2021-01-24,-13.99,-17.21,-2.22,0.0
2021-01-25,-13.49,-14.92,-11.27,0.0
2021-01-26,-14.81,-19.15,-14.46,0.0
2021-01-27,-17.18,-20.24,-14.85,1.91
2021-01-28,-8.69,-12.03,-7.45,0.0
2021-01-29,-5.59,-8.17,-3.47,0.0
2021-01-30,-5.58,-5.54,-3.77,1.04
2021-01-31,-4.7,-6.44,-5.92,0.0
2021-02-01,-7.09,-6.83,-5.73,0.0
2021-02-02,-4.59,-6.77,0.22,0.0
2021-02-03,-1.26,-8.91,0.33,1.96
2021-02-04,-14.81,-16.73,-7.47,0.16
2021-02-05,-16.3,-17.66,-10.87,0.0
2021-02-06,-23.95,-26.12,-19.91,0.0
2021-02-07,-23.64,-28.5,-21.49,0.0
2021-02-08,-22.63,-29.2,-16.78,0.0
2021-02-09,-19.19,-21.77,-16.67,0.0
2021-02-10,-21.76,-27.6,-16.04,0.0
2021-02-11,-22.77,-26.08,-22.45,0.0
2021-02-12,-27.07,-31.1,-21.8,0.0
2021-02-13,-25.72,-30.57,-22.35,0.0
2021-02-14,-28.26,-30.77,-21.71,0.0
2021-02-15,-23.81,-28.63,-19.62,0.0
2021-02-16,-19.57,-27.41,-15.82,0.0
2021-02-17,-17.86,-20.34,-12.66,0.0
2021-02-18,-15.01,-22.56,-10.9,0.0
2021-02-19,-12.92,-18.28,-7.09,0.0
2021-02-20,-9.06,-13.95,0.23,0.0
2021-02-21,-1.18,-9.13,4.84,0.0
2021-02-22,3.13,-1.22,8.22,0.0
2021-02-23,1.77,-0.61,2.84,4.17
2021-02-24,-3.85,-6.43,0.97,2.72
2021-02-25,-2.92,-8.75,4.69,0.0
2021-02-26,3.35,2.05,9.37,2.02
2021-02-27,-7.43,-11.29,-0.54,0.0
2021-02-28,-8.5,-14.98,0.12,0.0
2021-03-01,-8.86,-19.29,-1.05,0.0
2021-03-02,4.34,-3.76,12.36,0.0
2021-03-03,1.85,-3.89,7.82,0.0
2021-03-04,3.82,-1.82,9.84,0.0
2021-03-05,2.06,-1.23,9.84,0.0
2021-03-06,1.63,-1.97,8.6,0.0
2021-03-07,7.6,-1.44,15.8,0.0
2021-03-08,6.08,-2.39,17.36,0.0
2021-03-09,7.32,1.35,17.0,0.0
2021-03-10,-0.63,-1.84,2.28,7.33
2021-03-11,-0.11,-2.27,4.01,0.0
2021-03-12,-1.78,-10.81,5.46,0.0
2021-03-13,4.5,0.97,13.8,0.0
2021-03-15,0.25,-1.73,-1.58,1.18
2021-03-16,0.04,-1.59,0.98,4.55
2021-03-17,1.43,-0.58,3.44,0.0
2021-03-18,1.48,-1.75,9.06,0.0
2021-03-19,3.56,-0.33,9.77,0.0
2021-03-20,11.18,4.38,17.64,0.0
2021-03-21,7.4,1.64,11.83,0.83
2021-03-22,4.23,-4.3,13.41,0.0
2021-03-23,6.28,-0.26,10.47,0.0
2021-03-24,2.66,-3.77,8.67,0.0
2021-03-25,2.57,-4.2,12.57,0.0
2021-03-26,2.83,1.1,8.95,0.85
2021-03-27,3.69,-2.5,8.04,0.04
2021-03-28,2.53,-5.98,9.27,0.0
2021-03-29,10.36,1.82,24.21,0.0
2021-03-30,-0.34,-6.71,-0.33,0.0
2021-03-31,-5.75,-5.65,0.0,0.0
2021-04-01,2.81,-9.07,14.42,0.0
2021-04-02,9.61,2.07,20.19,0.0
2021-04-03,11.05,-1.47,23.48,0.0
2021-04-04,13.26,1.59,20.37,0.0
2021-04-05,12.46,2.12,24.11,0.0
2021-04-06,5.98,3.87,11.58,2.66
2021-04-07,7.23,2.75,6.03,2.28
2021-04-08,6.25,5.71,5.58,8.88
2021-04-09,6.89,5.47,12.96,6.51
2021-04-10,7.58,-1.02,13.82,0.0
2021-04-11,7.89,-1.67,15.23,3.3
2021-04-12,1.25,-2.6,6.92,7.7
2021-04-13,-3.26,-4.91,-1.1,2.14
2021-04-14,1.73,-2.45,2.07,1.16
2021-04-15,2.9,-1.97,6.01,0.0
2021-04-16,3.71,2.35,9.83,0.0
2021-04-17,5.85,-0.55,15.8,0.0
2021-04-18,2.66,-0.24,11.56,0.9
2021-04-19,-0.95,-4.91,5.13,0.0
2021-04-20,-1.95,-6.31,2.21,0.0
2021-04-21,1.66,-8.68,11.39,0.0
2021-04-22,7.67,-0.83,15.88,0.0
2021-04-23,1.41,-1.06,6.66,0.0
2021-04-24,1.37,-5.28,7.51,0.81
2021-04-25,3.01,0.02,1.18,2.71
2021-04-26,6.47,0.35,9.7,5.41
2021-04-27,9.23,3.37,16.03,0.0
2021-04-28,11.26,0.61,23.95,0.0
2021-04-29,11.26,1.25,18.81,0.0
2021-04-30,11.19,3.41,19.68,0.0
2021-05-01,19.15,9.9,31.01,0.0
2021-05-02,16.43,11.23,22.09,1.68
2021-05-03,8.47,2.83,14.51,3.3
2021-05-04,6.7,-0.46,11.28,0.0
2021-05-05,6.8,3.81,8.98,0.0
2021-05-06,9.85,2.28,18.02,0.83
2021-05-07,6.72,-1.0,13.85,0.0
2021-05-08,5.98,-0.02,10.59,0.0
2021-05-09,8.04,1.12,15.69,0.0
2021-05-10,9.19,-2.42,12.46,0.0
2021-05-11,8.96,-1.36,16.33,0.0
2021-05-12,12.68,3.49,20.58,0.0
2021-05-13,14.41,7.27,24.22,0.98
2021-05-14,14.65,11.17,22.37,0.0
2021-05-15,14.04,8.29,23.44,0.0
2021-05-16,19.13,9.57,29.61,0.0
2021-05-17,17.87,10.02,30.43,0.0
2021-05-18,18.88,8.72,27.04,0.0
2021-05-19,20.67,13.76,29.04,0.0
2021-05-20,20.77,16.46,26.46,13.12
2021-05-21,23.37,19.79,30.73,0.0
2021-05-22,16.18,10.57,22.6,4.37
2021-05-23,15.98,9.54,29.53,6.73
2021-05-24,22.09,16.89,29.02,1.23
2021-05-25,18.01,14.62,24.96,0.0
2021-05-26,8.57,5.85,13.0,0.0
2021-05-27,4.87,4.32,11.06,9.19
2021-05-28,8.84,1.3,17.05,0.0
2021-05-29,10.76,9.41,15.4,1.07
2021-05-30,14.93,9.63,22.99,0.0
2021-05-31,17.23,7.29,23.0,0.0
2021-06-01,19.02,7.89,28.25,1.67
2021-06-02,22.16,12.22,30.86,0.0
2021-06-03,24.39,12.01,34.97,0.0
2021-06-04,28.37,14.74,36.3,0.0
2021-06-05,27.24,18.35,36.33,0.0
2021-06-06,27.21,20.43,30.67,0.0
2021-06-07,23.21,10.63,33.53,2.26
2021-06-08,30.17,19.94,36.43,0.0
2021-06-09,28.68,22.84,35.44,0.0
2021-06-10,26.75,21.27,36.72,0.0
2021-06-11,22.8,19.76,28.91,42.33
2021-06-12,21.02,10.34,28.36,0.0
2021-06-13,24.69,17.21,29.76,0.0
2021-06-14,21.64,13.12,29.38,0.0
2021-06-15,21.6,15.4,30.92,0.0
2021-06-16,24.87,15.37,35.01,0.0
2021-06-17,24.42,16.35,29.14,0.0
2021-06-18,20.24,13.15,30.66,0.0
2021-06-19,18.04,9.56,26.53,0.0
2021-06-20,16.54,13.74,19.06,16.98
2021-06-21,12.68,8.39,21.25,0.0
2021-06-22,16.36,8.97,25.39,0.0
2021-06-23,23.99,14.55,35.42,0.0
2021-06-24,24.24,16.03,27.56,0.0
2021-06-25,20.63,14.21,24.72,1.28
2021-06-26,20.46,14.55,25.72,2.23
2021-06-27,20.46,15.5,29.51,2.97
2021-06-28,17.69,15.51,22.7,2.88
2021-06-29,22.45,14.28,27.47,0.0
2021-06-30,24.73,14.42,29.73,0.0
2021-07-01,22.97,15.77,31.27,0.0
2021-07-02,25.5,15.26,33.2,0.0
2021-07-03,26.74,21.58,32.23,0.0
2021-07-04,27.14,23.65,35.71,0.0
2021-07-05,24.77,19.08,26.81,1.5
2021-07-06,18.34,15.24,21.47,77.31
2021-07-07,18.88,12.7,23.31,0.0
2021-07-08,17.88,13.71,25.12,0.12
2021-07-09,19.54,17.25,23.29,0.0
2021-07-10,21.45,16.25,27.31,12.33
2021-07-11,22.12,15.86,28.55,0.0
2021-07-12,22.17,16.43,28.54,0.0
2021-07-13,23.57,16.32,29.08,0.0
2021-07-14,21.91,17.06,27.51,1.49
2021-07-15,21.29,12.33,29.59,0.0
2021-07-16,24.12,16.0,28.04,0.0
2021-07-17,22.8,13.46,30.37,0.0
2021-07-18,24.7,17.61,32.9,0.0
2021-07-19,25.25,19.35,30.76,0.0
2021-07-20,24.72,15.96,31.08,0.0
2021-07-21,24.92,19.35,29.99,0.0
2021-07-22,27.16,23.42,32.86,0.0
2021-07-23,28.9,24.61,35.82,0.0
2021-07-24,23.44,17.95,32.79,0.0
2021-07-25,23.64,15.46,30.71,2.05
2021-07-26,24.81,19.15,30.31,0.22
2021-07-27,25.14,18.79,31.24,0.0
2021-07-28,27.73,25.24,31.25,0.0
2021-07-29,23.11,15.48,25.85,0.0
2021-07-30,20.53,18.86,24.75,0.0
2021-07-31,21.07,15.13,28.57,0.0
2021-08-01,19.79,12.23,26.77,0.0
2021-08-02,19.75,10.66,28.26,0.0
2021-08-03,21.69,14.78,30.68,0.0
2021-08-04,21.34,16.47,26.18,2.51
2021-08-05,22.41,18.69,27.58,0.0
2021-08-06,18.49,11.11,27.95,0.0
2021-08-07,22.57,19.29,27.58,11.65
2021-08-08,20.52,19.39,28.94,3.22
2021-08-09,24.88,16.89,31.33,18.63
2021-08-10,22.61,15.77,30.39,0.65
2021-08-11,22.72,14.42,29.48,3.05
2021-08-12,21.18,14.46,26.33,0.0
2021-08-13,17.5,8.26,27.88,0.0
2021-08-14,22.73,12.14,32.62,0.24
2021-08-15,26.68,21.64,33.8,0.0
2021-08-16,26.85,21.01,32.69,0.0
2021-08-17,26.09,21.5,34.72,0.0
2021-08-18,27.62,19.56,34.7,0.0
2021-08-19,27.67,20.77,34.42,0.0
2021-08-20,25.38,17.9,28.94,22.68
2021-08-21,17.11,14.03,24.88,0.0
2021-08-22,16.68,9.56,22.83,6.4
2021-08-23,21.09,14.41,29.79,0.0
2021-08-24,22.82,17.48,28.04,0.0
2021-08-25,17.13,11.97,23.06,0.0
2021-08-26,14.97,11.9,20.5,18.65
2021-08-27,20.93,17.24,23.67,7.11
2021-08-28,20.55,16.3,26.18,9.83
2021-08-29,19.48,12.41,26.96,0.0
2021-08-30,19.05,10.16,28.5,0.0
2021-08-31,20.86,13.58,27.82,0.0
2021-09-01,19.82,13.56,25.31,0.0
2021-09-02,16.49,16.32,18.09,62.07
2021-09-03,16.87,15.74,23.11,0.0
2021-09-04,18.88,11.58,25.31,0.0
2021-09-05,16.4,10.3,25.85,0.0
2021-09-06,21.86,10.61,29.14,0.77
2021-09-07,19.91,12.63,25.94,0.0
2021-09-08,17.47,10.68,25.01,0.0
2021-09-09,18.52,6.77,25.47,0.0
2021-09-10,19.25,9.48,32.31,0.0
2021-09-11,17.81,16.15,20.85,0.8
2021-09-12,15.56,9.92,23.26,0.0
2021-09-13,13.07,9.13,18.1,12.91
2021-09-14,13.68,11.26,21.57,0.0
2021-09-15,18.5,6.44,27.34,0.54
2021-09-16,18.36,14.22,24.91,0.0
2021-09-17,14.96,8.29,23.29,0.0
2021-09-18,18.55,8.35,28.8,0.0
2021-09-19,26.78,20.14,29.07,3.7
2021-09-20,14.29,8.95,21.37,7.57
2021-09-21,13.29,8.99,20.34,0.0
2021-09-22,16.04,7.38,24.9,0.0
2021-09-23,16.97,10.38,24.98,0.0
2021-09-24,12.45,8.7,17.39,0.49
2021-09-25,13.38,5.25,24.05,0.0
2021-09-26,18.49,12.46,31.4,0.0
2021-09-27,17.17,8.73,29.83,0.0
2021-09-28,21.43,11.48,33.58,0.0
2021-09-29,21.6,14.95,29.93,0.58
2021-09-30,19.19,12.6,24.5,0.0
2021-10-01,14.57,11.95,17.05,9.23
2021-10-02,14.87,8.17,22.32,2.94
2021-10-03,15.08,7.54,25.54,0.0
2021-10-04,16.86,9.25,28.45,0.0
2021-10-05,18.09,7.6,28.71,0.0
2021-10-06,17.9,12.45,24.92,0.0
2021-10-07,19.12,13.18,27.81,0.0
2021-10-08,18.29,13.84,26.17,0.74
2021-10-09,16.2,12.28,18.25,41.66
2021-10-10,11.32,8.48,13.16,6.8
2021-10-11,12.53,6.07,21.09,0.0
2021-10-12,8.95,2.5,13.82,0.0
2021-10-13,11.77,8.24,13.5,17.82
2021-10-14,6.57,4.88,9.54,0.0
2021-10-15,6.44,1.35,11.19,0.32
2021-10-16,7.73,3.09,16.8,0.0
2021-10-17,11.3,2.15,19.98,0.0
2021-10-18,14.63,6.12,26.52,0.0
2021-10-19,10.81,8.0,13.78,0.0
2021-10-20,4.9,1.55,6.34,20.6
2021-10-21,0.51,-3.16,6.02,0.0
2021-10-22,3.51,-0.7,8.32,0.88
2021-10-23,2.79,-4.71,9.36,0.0
2021-10-24,4.12,3.51,7.22,9.07
2021-10-25,5.79,0.62,11.23,0.0
2021-10-26,8.16,1.96,10.25,2.05
2021-10-27,9.41,6.45,8.82,11.72
2021-10-28,6.49,2.08,13.64,0.0
2021-10-29,5.87,-1.55,15.7,0.0
2021-10-30,6.3,1.72,9.02,0.0
2021-10-31,2.45,-1.25,8.62,0.0
2021-11-01,0.78,-2.19,4.48,0.58
2021-11-02,-3.3,-6.01,4.41,0.0
2021-11-03,-0.62,-7.65,7.34,0.0
2021-11-04,3.0,-3.53,10.92,0.0
2021-11-05,8.01,-0.69,17.82,0.0
2021-11-06,7.16,3.42,19.48,0.0
2021-11-07,8.02,3.9,18.45,0.0
2021-11-08,7.1,-2.55,11.29,0.0
2021-11-09,3.33,-2.07,12.83,0.0
2021-11-10,5.79,2.67,7.81,7.51
2021-11-11,-1.54,1.13,1.19,4.11
2021-11-12,-2.37,-2.39,0.89,5.48
2021-11-13,-2.73,-4.71,-0.2,5.19
2021-11-14,-3.17,-3.96,0.67,0.0
2021-11-15,-0.93,-1.66,3.31,0.45
2021-11-16,2.75,1.21,7.45,0.0
2021-11-17,0.33,-2.73,1.94,0.0
2021-11-18,-2.68,-6.83,0.4,0.0
2021-11-19,-1.56,-5.72,5.19,0.0
2021-11-20,0.36,-1.8,4.83,0.0
2021-11-21,-3.79,-9.08,2.72,0.0
2021-11-22,-3.12,-8.23,1.78,0.0
2021-11-23,2.29,-4.64,9.25,0.0
2021-11-24,-2.98,-11.87,0.37,0.0
2021-11-25,-11.15,-16.41,-7.88,0.17
2021-11-26,-1.69,-7.46,8.21,0.0
2021-11-27,2.03,-3.41,7.52,1.81
2021-11-28,-1.24,-5.77,4.7,0.0
2021-11-29,4.54,-1.22,9.72,0.0
2021-11-30,4.62,-1.97,5.23,2.16
2021-12-01,5.59,0.58,15.95,0.0
2021-12-02,1.73,-0.58,4.81,0.0
2021-12-03,0.68,-1.43,6.08,0.0
2021-12-04,-2.13,-2.7,0.1,2.93
2021-12-05,-3.65,-7.98,1.73,1.91
2021-12-06,-17.45,-20.0,-13.17,0.0
2021-12-07,-11.12,-16.35,-7.01,0.0
2021-12-08,-10.99,-15.63,-4.75,0.0
2021-12-09,-3.13,-10.03,2.27,0.0
2021-12-10,-4.69,-9.65,1.46,0.0
2021-12-11,-5.3,-8.88,0.89,0.0
2021-12-12,-0.41,-3.06,2.11,0.0
2021-12-13,-0.33,-6.79,4.97,0.0
2021-12-14,-1.48,-3.33,0.42,0.0
2021-12-15,-2.42,-5.13,2.81,3.11
2021-12-16,-11.36,-16.34,-7.68,0.39
2021-12-17,-14.9,-16.1,-12.25,5.07
2021-12-18,-16.64,-25.14,-11.53,0.89
2021-12-19,-7.17,-17.6,-4.67,0.0
2021-12-20,-12.11,-14.87,-6.79,1.39
2021-12-21,-13.03,-16.02,-11.07,1.9
2021-12-22,-7.62,-11.15,-6.26,0.23
2021-12-23,-5.7,-12.18,1.33,0.0
2021-12-24,-2.68,-15.0,3.49,0.0
2021-12-25,-14.56,-17.08,-14.17,6.35
2021-12-26,-11.58,-16.83,-2.27,7.38
2021-12-27,-14.75,-20.26,-4.29,7.14
2021-12-28,-21.72,-28.55,-17.65,3.08
2021-12-29,-21.55,-30.45,-19.55,0.0
2021-12-30,-20.71,-23.77,-18.14,0.0
2021-12-31,-23.08,-27.1,-18.4,0.0
2022-01-01,-27.37,-31.03,-26.7,0.0
2022-01-02,-20.07,-31.22,-11.64,0.0
2022-01-03,-11.96,-18.98,-8.03,0.0
2022-01-04,-14.22,-16.4,-10.17,2.54
2022-01-05,-19.58,-23.62,-15.38,3.38
2022-01-06,-28.33,-32.76,-23.57,0.0
2022-01-07,-23.68,-30.18,-9.29,1.11
2022-01-08,-12.61,-19.05,-5.76,1.22
2022-01-09,-20.88,-23.05,-17.1,0.0
2022-01-10,-20.75,-17.82,-15.1,0.0
2022-01-11,-5.41,-16.72,3.64,0.0
2022-01-12,-3.94,-6.18,2.94,0.68
2022-01-13,-6.26,-9.35,-1.08,0.0
2022-01-14,-11.06,-19.01,-8.39,15.23
2022-01-15,-17.0,-24.59,-8.68,0.0
2022-01-16,-2.72,-8.13,-0.22,0.0
2022-01-17,-3.0,-6.66,-0.6,0.0
2022-01-18,-7.92,-18.25,3.14,0.0
2022-01-19,-20.07,-22.63,-18.11,0.0
2022-01-20,-23.66,-29.81,-17.6,0.0
2022-01-21,-8.25,-20.21,2.16,0.16
2022-01-22,-16.0,-17.72,-11.43,4.49
2022-01-23,-15.89,-25.98,0.42,2.79
2022-01-24,-20.4,-27.25,-2.74,1.36
2022-01-25,-24.74,-27.35,-21.66,0.0
2022-01-26,-9.23,-25.56,0.79,1.2
2022-01-27,-10.25,-25.4,0.92,0.0
2022-01-28,-13.83,-26.53,-8.29,0.0
2022-01-29,-9.19,-15.48,-3.89,0.0
2022-01-30,-11.97,-14.27,-7.22,0.0
2022-01-31,-8.37,-15.11,-1.99,1.61
2022-02-01,-11.21,-20.24,-1.78,0.0
2022-02-02,-21.49,-29.28,-18.31,0.0
2022-02-03,-24.1,-29.67,-17.94,0.0
2022-02-04,-20.92,-22.84,-13.54,0.0
2022-02-05,-8.6,-20.07,-0.13,1.47
2022-02-06,-12.58,-17.74,-6.97,0.21
2022-02-07,-9.84,-16.39,0.53,0.0
2022-02-08,1.15,-9.36,3.75,0.23
2022-02-09,-1.41,-6.72,1.51,0.68
2022-02-10,-2.94,-7.93,4.9,1.55
2022-02-11,-12.93,-22.91,3.98,0.0
2022-02-12,-18.8,-23.43,-10.88,0.0
2022-02-13,-15.85,-25.16,-4.48,1.86
2022-02-14,-14.82,-18.16,-7.56,1.5
2022-02-15,-9.28,-14.41,-3.49,0.0
2022-02-16,-11.34,-15.81,-4.56,0.4
2022-02-17,-16.92,-23.56,-14.08,0.0
2022-02-18,-9.46,-15.63,2.32,1.52
2022-02-19,-10.47,-18.67,0.84,0.0
2022-02-20,-9.41,-16.61,4.62,0.13
2022-02-21,-21.37,-23.61,-19.58,14.66
2022-02-22,-22.37,-22.59,-20.91,4.36
2022-02-23,-22.23,-26.71,-19.97,0.0
2022-02-24,-21.41,-25.39,-18.04,0.0
2022-02-25,-17.35,-22.94,-13.08,0.0
2022-02-26,-10.63,-14.9,-3.1,0.0
2022-02-27,-7.24,-12.9,-0.45,0.0
2022-02-28,-2.48,-11.14,3.78,0.0
2022-03-01,-7.1,-7.97,-4.68,0.45
2022-03-02,-7.21,-12.07,-3.48,0.0
2022-03-03,-13.71,-15.92,-9.1,0.0
2022-03-04,-3.87,-7.99,-1.69,0.0
2022-03-05,-5.03,-5.93,-3.2,0.0
2022-03-06,-7.89,-10.31,-5.15,0.0
2022-03-07,-7.31,-14.25,1.22,0.0
2022-03-08,-5.32,-10.91,-1.7,0.25
2022-03-09,-11.65,-17.71,-10.94,0.0
2022-03-10,-12.27,-20.08,-4.79,0.46
2022-03-11,-18.49,-18.89,-13.5,0.0
2022-03-12,-7.86,-22.92,1.22,0.0
2022-03-14,-2.84,-8.03,-0.99,2.57
2022-03-15,1.26,-5.02,7.04,0.0
2022-03-16,4.11,0.98,11.5,0.0
2022-03-17,3.98,0.41,7.95,0.0
2022-03-18,0.16,-1.44,5.88,0.0
2022-03-19,5.54,0.0,11.73,0.0
2022-03-20,5.8,0.82,9.45,0.0
2022-03-21,5.42,1.66,10.36,0.0
2022-03-22,3.58,1.39,9.72,0.0
2022-03-23,2.27,1.51,0.25,0.0
2022-03-24,3.41,-1.17,8.36,0.0
2022-03-25,2.38,-3.02,3.65,0.0
2022-03-26,-4.57,-10.2,-1.58,0.0
2022-03-27,-8.94,-13.36,-1.67,0.0
2022-03-28,-1.71,-6.95,5.78,0.0
2022-03-29,2.57,-0.8,6.46,0.02
2022-03-30,-1.32,-2.0,-0.15,11.85
2022-03-31,-1.81,-6.46,3.17,0.0
2022-04-01,0.31,-4.37,6.96,1.1
2022-04-02,1.84,-1.95,6.98,0.0
2022-04-03,-0.13,-1.82,1.22,1.69
2022-04-04,0.14,-5.42,9.82,0.0
2022-04-05,7.23,0.77,9.64,4.32
2022-04-06,2.34,1.62,5.52,1.88
2022-04-07,3.11,0.47,3.97,5.54
2022-04-08,2.48,-1.1,9.86,0.0
2022-04-09,3.18,-1.78,12.48,0.0
2022-04-10,3.17,2.08,5.4,21.34
2022-04-11,3.69,-1.3,10.53,1.25
2022-04-12,3.36,-0.22,4.95,17.64
2022-04-13,-0.54,-3.63,2.02,0.0
2022-04-14,-3.93,-6.69,-0.69,4.17
2022-04-15,-6.1,-11.75,-2.89,0.0
2022-04-16,-1.98,-8.31,-0.84,0.0
2022-04-17,-0.61,-5.27,2.84,1.47
2022-04-18,-0.69,-6.34,1.65,0.0
2022-04-19,1.25,-4.24,2.0,0.0
2022-04-20,5.29,1.22,14.48,3.01
2022-04-21,4.42,-0.21,10.26,0.73
2022-04-22,7.82,4.97,10.84,10.65
2022-04-23,9.43,4.41,18.42,2.33
2022-04-24,2.18,-1.25,2.18,6.51
2022-04-25,-1.03,-3.81,1.07,0.0
2022-04-26,-1.55,-3.29,4.82,0.0
2022-04-27,1.05,-3.4,7.64,0.0
2022-04-28,5.13,-0.95,10.59,0.0
2022-04-29,6.27,7.2,9.12,20.22
2022-04-30,4.42,2.22,7.82,22.42
2022-05-01,4.35,0.79,7.07,0.68
2022-05-02,2.98,2.81,5.61,0.0
2022-05-03,6.66,2.3,11.19,0.0
2022-05-04,9.6,3.26,15.67,0.0
2022-05-05,10.38,5.57,17.62,0.4
2022-05-06,12.42,8.33,20.21,0.0
2022-05-07,16.65,11.23,20.84,0.0
2022-05-08,15.29,13.15,20.11,4.21
2022-05-09,13.35,10.62,20.89,17.58
2022-05-10,14.07,9.5,21.73,0.0
2022-05-11,18.03,10.1,19.78,6.99
2022-05-12,15.56,15.24,17.65,14.64
2022-05-13,14.28,10.12,17.71,0.0
2022-05-14,11.76,11.44,18.69,1.33
2022-05-15,15.56,8.88,20.9,1.42
2022-05-16,14.57,9.64,18.51,0.0
2022-05-17,12.0,10.82,14.88,4.86
2022-05-18,14.72,8.59,22.68,0.0
2022-05-19,10.8,8.84,15.15,8.73
2022-05-20,7.26,4.11,10.57,1.93
2022-05-21,7.53,1.54,9.56,1.49
2022-05-22,8.79,4.09,14.93,0.0
2022-05-23,12.86,4.13,19.92,0.02
2022-05-24,13.19,7.08,21.21,1.25
2022-05-25,14.34,10.36,17.23,0.0
2022-05-26,14.66,4.53,23.01,0.0
2022-05-27,19.89,12.32,26.81,0.0
2022-05-28,21.31,13.59,28.82,9.78
2022-05-29,20.12,16.14,25.76,26.92
2022-05-30,18.17,15.89,21.45,20.83
2022-05-31,11.93,8.69,15.82,1.73
2022-06-01,13.94,10.03,20.78,0.0
2022-06-02,17.63,9.83,20.73,0.0
2022-06-03,15.74,7.52,23.63,0.0
2022-06-04,18.89,10.75,23.61,0.0
2022-06-05,18.39,12.39,23.45,0.0
2022-06-06,18.25,12.12,20.81,0.0
2022-06-07,17.94,14.6,22.74,0.0
2022-06-08,18.95,12.97,22.89,0.0
2022-06-09,16.48,11.89,24.03,0.0
2022-06-10,19.94,13.04,24.02,0.0
2022-06-11,21.75,17.29,26.56,11.55
2022-06-12,23.43,18.03,31.54,0.0
2022-06-13,25.81,17.31,31.01,4.21
2022-06-14,21.79,16.12,28.8,0.0
2022-06-15,19.91,18.22,25.36,0.0
2022-06-16,20.13,17.45,24.14,0.0
2022-06-17,21.98,14.51,28.13,0.0
2022-06-18,27.17,19.77,32.37,0.0
2022-06-19,29.01,25.57,36.42,0.0
2022-06-20,28.8,18.38,34.16,0.53
2022-06-21,21.03,15.54,26.15,0.0
2022-06-22,23.42,14.79,26.18,0.0
2022-06-23,27.51,18.26,30.48,0.0
2022-06-24,25.04,19.07,30.56,11.63
2022-06-25,19.26,13.87,18.68,0.0
2022-06-26,17.34,10.78,23.08,0.0
2022-06-27,21.55,13.8,28.14,0.0
2022-06-28,19.51,15.63,23.18,0.0
