2014-08-20,22.55,16.22,27.82,
2014-08-21,21.83,18.62,26.54,
2014-08-22,23.79,21.08,30.0,
2014-08-23,24.79,23.67,26.29,
2014-08-24,24.4,19.8,29.1,
2014-08-25,22.88,20.44,28.29,
2014-08-26,16.85,17.15,22.83,
2014-08-27,16.89,14.79,22.33,
2014-08-28,15.29,14.57,22.36,
2014-08-29,22.19,18.16,29.48,
2014-09-01,17.51,15.81,22.45,
2014-09-02,17.47,14.83,21.37,
2014-09-03,21.57,16.39,27.26,
2014-09-04,23.51,21.11,28.32,
2014-09-05,17.29,9.24,26.55,
2014-09-06,14.64,6.54,22.0,
2014-09-07,17.73,11.44,24.21,
2014-09-08,17.61,10.87,22.46,
2014-09-09,18.18,16.71,25.92,
2014-09-10,16.63,7.84,19.51,
2014-09-11,9.59,7.04,12.94,
2014-09-16,11.0,1.59,17.58,
2014-09-17,13.7,8.61,21.37,
2014-09-18,14.34,8.49,17.92,
2014-09-19,16.51,9.88,21.88,
2014-09-20,20.29,15.03,25.23,
2014-09-21,10.62,10.05,17.95,
2014-09-22,10.67,5.03,21.73,
2014-09-23,14.78,9.94,21.72,
2014-09-24,16.82,12.88,17.64,
2014-09-25,16.05,13.9,23.78,
2014-09-26,18.41,13.17,24.85,
2014-09-27,18.3,15.64,28.07,
2014-09-28,19.91,13.34,26.26,
2014-10-02,17.14,12.96,19.77,
2014-10-03,9.27,3.01,13.22,
2014-10-04,4.52,0.68,8.04,
2014-10-05,4.78,-0.46,11.66,
2014-10-06,9.15,2.72,12.92,
2014-10-07,11.09,6.0,16.88,
2014-10-08,9.23,2.91,15.3,
2014-10-09,6.74,1.04,11.35,
2014-10-10,5.91,-0.04,13.6,
2014-10-11,9.2,0.52,12.84,
2014-10-12,9.54,1.36,12.49,
2014-10-13,9.58,10.58,12.12,
2014-10-14,10.04,9.22,8.35,
2014-10-15,11.41,7.99,13.55,
2014-10-16,11.44,3.45,18.11,
2014-10-17,12.14,6.08,9.84,
2014-10-18,5.34,3.86,9.16,
2014-10-19,9.16,2.96,15.88,
2014-10-20,12.04,7.15,15.7,
2014-10-21,8.88,-0.07,11.92,
2014-10-22,7.88,1.16,15.21,
2014-10-23,7.74,7.15,8.58,
2014-10-24,12.17,8.44,16.86,
2014-10-25,10.57,7.99,19.17,
2014-10-26,8.76,4.98,15.47,
2014-10-27,16.13,14.39,20.41,
2014-10-28,7.29,3.22,14.19,
2014-10-29,5.17,0.29,8.22,
2014-11-02,4.59,-0.35,12.85,
2014-11-03,9.6,2.69,16.29,
2014-11-04,7.43,2.12,11.53,
2014-11-05,4.04,0.78,7.59,
2014-11-06,2.21,-1.6,5.44,
2014-11-07,1.05,-3.03,3.55,
2014-11-09,3.9,0.72,5.79,
2014-11-10,1.93,0.83,8.22,
2014-11-11,-0.53,-7.17,-1.34,
2014-11-12,-7.25,-10.43,-5.06,
2014-11-13,-4.11,-8.53,-2.69,
2014-11-14,-5.83,-12.01,-5.99,
2014-11-15,-7.69,-13.3,-5.31,
2014-11-16,-7.9,-14.26,-4.62,
2014-11-17,-10.66,-12.8,-10.43,
2014-11-18,-10.45,-15.32,-9.43,
2014-11-19,-8.5,-11.15,-5.6,
2014-11-20,-10.88,-14.31,-6.51,
2014-11-21,-6.21,-14.43,0.04,
2014-11-23,10.3,7.38,9.2,
2014-11-24,-1.77,-8.27,5.37,
2014-11-25,-7.48,-9.86,-7.16,
2014-11-26,-6.89,-9.16,-4.08,
2014-11-27,-10.07,-14.19,-4.02,
2014-11-28,-6.09,-11.23,-2.41,
2014-12-01,-16.24,-14.82,-11.05,
2014-12-02,-7.1,-14.55,-2.17,
2014-12-03,-5.5,-8.03,-1.73,
2014-12-05,-1.25,-3.23,0.91,
2014-12-06,-3.81,-6.27,2.12,
2014-12-07,-2.12,-5.61,0.17,
2014-12-08,-0.73,-4.03,0.43,
2014-12-09,-2.42,-4.64,-1.38,
2014-12-10,-2.84,-4.55,-2.73,
2014-12-11,-3.93,-4.55,-2.8,
2014-12-12,-1.02,-3.56,1.15,
2014-12-13,2.85,-1.03,5.22,
2014-12-14,5.82,7.39,7.17,
2014-12-15,5.67,6.77,9.15,
2014-12-16,-1.65,-5.65,5.67,
2014-12-17,-8.76,-10.07,-5.77,
2014-12-18,-6.36,-10.1,-6.23,
2014-12-19,-4.47,-6.89,-2.43,
2014-12-20,-2.91,-2.27,-0.85,
2014-12-21,0.55,-1.9,2.62,
2014-12-22,1.74,0.95,3.93,
2014-12-23,0.05,1.86,2.4,
2014-12-24,0.33,0.19,-1.08,
2014-12-25,-0.3,-3.69,3.53,
2014-12-26,0.96,-1.66,3.73,
2014-12-27,-2.84,-7.34,1.73,
2014-12-28,-6.55,-10.15,-2.03,
2014-12-29,-10.11,-14.44,-8.82,
2015-01-01,-9.24,-12.24,-3.78,
2015-01-02,-5.22,-10.57,-1.43,
2015-01-03,-2.93,-4.45,-1.1,
2015-01-04,-12.7,-21.06,-0.9,
2015-01-05,-20.31,-25.65,-17.37,
2015-01-06,-16.66,-22.17,-12.16,
2015-01-07,-18.92,-22.28,-16.38,
2015-01-08,-18.42,-24.61,-12.88,
2015-01-09,-18.5,-19.61,-13.91,
2015-01-10,-14.75,-21.63,-7.34,
2015-01-11,-7.87,-14.23,-5.96,
2015-01-12,-13.84,-14.29,-9.07,
2015-01-13,-15.27,-18.79,-8.77,
2015-01-14,-7.76,-12.97,-5.77,
2015-01-15,-5.54,-5.36,2.89,
2015-01-16,-1.5,-3.16,0.97,
2015-01-17,-0.23,-2.53,4.24,
2015-01-18,1.01,-3.4,3.31,
2015-01-19,-0.95,-4.35,0.08,
2015-01-20,0.31,-1.47,0.45,
2015-01-21,-1.2,-3.03,-3.53,
2015-01-23,-1.28,-4.64,0.51,
2015-01-24,-0.74,-2.9,5.4,
2015-01-25,-3.26,-9.85,0.82,
2015-01-26,-3.11,-6.42,-1.99,
2015-01-27,-2.3,-3.06,-1.06,
2015-01-28,-2.12,-4.22,-1.21,
2015-01-29,-3.08,-3.6,-1.4,
2015-02-01,-8.55,-12.82,-3.96,
2015-02-02,-14.92,-19.84,-9.69,
2015-02-03,-12.04,-16.87,-10.56,
2015-02-04,-12.98,-18.34,-8.91,
2015-02-05,-15.06,-22.63,-10.51,
2015-02-06,-7.97,-13.57,-2.9,
2015-02-07,-1.49,-7.86,2.84,
2015-02-08,-2.01,-4.31,-0.47,
2015-02-09,-4.65,-8.17,-0.42,
2015-02-10,-3.97,-9.38,-3.4,
2015-02-11,-4.86,-10.51,0.19,
2015-02-12,-15.49,-18.16,-11.95,
2015-02-13,-9.2,-17.73,-3.99,
2015-02-14,-17.25,-21.01,-6.69,
2015-02-15,-18.2,-20.19,-11.89,
2015-02-16,-10.2,-12.42,-9.69,
2015-02-17,-12.79,-14.64,-10.05,
2015-02-18,-20.29,-22.29,-16.75,
2015-02-19,-20.9,-24.35,-14.22,
2015-02-20,-11.29,-19.1,-6.12,
2015-02-21,-6.94,-10.2,-2.39,
2015-02-22,-16.56,-22.79,-11.66,
2015-02-23,-17.04,-25.91,-14.38,
2015-02-24,-5.95,-13.17,-0.63,
2015-02-25,-8.71,-12.1,-8.71,
2015-03-01,-9.13,-14.75,-3.16,
2015-03-02,-6.93,-12.04,-3.34,
2015-03-03,-4.63,-9.84,-1.16,
2015-03-04,-12.44,-17.38,-10.17,
2015-03-06,-9.72,-17.23,-0.49,
2015-03-07,-0.25,-4.09,5.98,
2015-03-09,4.37,-1.09,10.54,
2015-03-10,6.55,-0.95,14.8,
2015-03-11,6.75,0.29,13.09,
2015-03-12,6.79,3.2,14.72,
2015-03-13,9.67,2.78,20.0,
2015-03-14,7.26,0.45,14.34,
2015-03-15,6.95,1.43,15.55,
2015-03-16,12.18,6.8,19.0,
2015-03-17,2.34,-0.07,4.26,
2015-03-18,3.05,-2.86,7.72,
2015-03-19,6.83,-1.2,7.36,
2015-03-21,3.3,0.35,8.36,
2015-03-22,-0.98,-1.66,2.75,
2015-03-25,1.82,-1.14,3.02,
2015-03-26,-0.19,-1.66,0.24,
2015-03-27,-6.05,-10.63,-0.41,
2015-03-28,-0.53,-8.01,3.2,
2015-03-29,1.16,-1.42,7.33,
2015-04-02,12.78,9.71,15.81,
2015-04-03,3.83,-0.18,10.51,
2015-04-04,5.93,-0.65,13.42,
2015-04-05,7.87,2.67,15.43,
2015-04-06,6.28,0.71,13.27,
2015-04-08,3.77,4.8,7.98,
2015-04-09,5.01,3.1,7.7,
2015-04-10,4.11,1.11,8.09,
2015-04-11,8.05,4.88,18.35,
2015-04-16,12.16,1.37,21.56,
2015-04-17,19.43,11.67,25.15,
2015-04-18,15.76,11.32,22.09,
2015-04-19,12.11,9.25,17.01,
2015-04-20,3.9,3.69,9.29,
2015-04-21,3.58,-1.89,4.06,
2015-04-22,2.38,-0.18,6.9,
2015-04-23,5.26,-2.18,10.14,
2015-04-24,4.93,0.78,10.64,
2015-04-25,5.11,3.54,12.39,
2015-04-26,9.81,0.73,15.5,
2015-04-27,11.31,2.11,17.92,
2015-04-28,12.67,1.35,19.99,
2015-05-02,18.34,12.92,24.55,
2015-05-03,19.12,12.99,26.84,
2015-05-04,14.21,13.51,20.78,
2015-05-05,11.54,7.86,12.37,
2015-05-06,16.7,11.05,25.5,
2015-05-07,20.39,15.36,25.1,
2015-05-08,14.9,12.42,18.87,
2015-05-09,14.08,11.89,16.24,
2015-05-10,10.05,11.15,15.31,
2015-05-11,10.95,6.46,15.91,
2015-05-12,8.89,5.68,8.9,
2015-05-13,9.36,2.29,18.39,
2015-05-14,11.91,6.35,16.14,
2015-05-15,16.68,11.03,20.66,
2015-05-16,19.17,14.76,24.37,
2015-05-17,20.9,19.69,24.54,
2015-05-18,10.37,6.7,17.55,
2015-05-19,6.77,2.9,10.44,
2015-05-20,7.08,4.14,12.3,
2015-05-21,12.44,2.78,22.02,
2015-05-22,15.83,6.56,21.18,
2015-05-23,18.33,9.98,24.63,
2015-05-24,14.53,14.42,15.82,
2015-05-25,21.31,14.65,22.85,
2015-05-26,17.44,15.03,17.42,
2015-05-27,17.52,14.37,24.03,
2015-05-28,19.01,16.53,28.51,
2015-05-29,20.8,17.22,26.07,
2015-06-02,15.12,6.49,22.78,
2015-06-03,18.1,11.23,24.85,
2015-06-04,19.55,16.26,23.3,
2015-06-05,18.68,13.74,22.57,
2015-06-06,16.99,9.24,25.48,
2015-06-07,20.65,17.81,25.54,
2015-06-08,22.0,16.17,23.42,
2015-06-09,24.19,14.39,33.32,
2015-06-11,15.71,14.42,17.68,
2015-06-12,17.2,13.08,21.46,
2015-06-13,16.3,13.78,20.26,
2015-06-14,22.16,16.92,27.82,
2015-06-15,21.78,18.2,26.45,
2015-06-16,18.51,12.98,23.38,
2015-06-18,20.06,16.79,25.76,
2015-06-19,20.5,11.69,25.18,
2015-06-21,21.11,18.5,26.48,
2015-06-23,20.69,13.94,25.54,
2015-06-24,19.96,16.18,26.63,
2015-06-26,18.31,15.23,26.41,
2015-06-27,19.65,14.33,25.07,
2015-07-03,19.17,13.05,22.57,
2015-07-04,22.78,13.34,27.82,
2015-07-05,23.05,14.94,27.18,
2015-07-06,20.47,14.86,25.19,
2015-07-07,14.82,11.71,19.77,
2015-07-08,18.67,14.32,21.24,
2015-07-09,17.38,11.11,25.19,
2015-07-10,20.49,16.15,26.5,
2015-07-11,21.24,15.51,24.36,
2015-07-12,24.54,18.44,25.97,
2015-07-13,24.2,16.54,29.47,
2015-07-14,21.22,18.35,26.91,
2015-07-15,18.26,13.57,23.83,
2015-07-16,19.47,14.41,20.98,
2015-07-17,25.17,20.97,30.04,
2015-07-18,23.11,20.0,30.25,
2015-07-19,23.95,15.47,25.07,
2015-07-20,21.27,18.88,25.92,
2015-07-21,19.14,12.73,24.98,
2015-07-22,19.59,15.06,25.66,
2015-07-23,21.67,15.21,25.87,
2015-07-24,22.92,17.48,24.98,
2015-07-25,25.05,18.59,27.87,
2015-07-26,22.85,19.3,26.63,
2015-07-27,24.32,18.73,28.43,
2015-07-28,22.69,18.03,26.59,
2015-07-29,22.2,17.96,26.71,
2015-08-02,24.65,20.42,32.73,
2015-08-03,20.38,13.43,25.43,
2015-08-04,17.95,13.25,23.94,
2015-08-05,19.87,13.17,26.17,
2015-08-06,21.54,15.64,26.4,
2015-08-07,21.26,19.28,26.77,
2015-08-08,18.92,12.83,23.53,
2015-08-09,21.56,17.49,27.79,
2015-08-10,20.51,18.57,26.26,
2015-08-11,21.12,15.01,24.21,
2015-08-12,18.83,11.42,25.45,
2015-08-13,23.61,18.28,30.46,
2015-08-14,26.6,20.7,30.33,
2015-08-15,26.34,20.7,30.76,
2015-08-16,24.54,18.9,28.3,
2015-08-17,22.12,19.13,24.5,
2015-08-18,18.53,19.1,20.16,
2015-08-19,14.54,13.77,19.34,
2015-08-20,14.13,11.88,20.77,
2015-08-21,17.78,13.39,27.08,
2015-08-22,21.96,15.15,25.18,
2015-08-24,14.91,8.52,15.31,
2015-08-25,14.54,11.82,18.11,
2015-08-26,16.36,10.47,22.96,
2015-08-27,18.82,12.61,23.46,
2015-08-28,15.69,12.96,16.74,
2015-08-29,16.66,14.3,21.12,
2015-09-02,24.65,22.85,28.8,
2015-09-03,23.88,18.66,31.42,
2015-09-04,23.59,19.87,31.05,
2015-09-05,24.73,21.36,28.52,
2015-09-06,26.88,22.09,31.77,
2015-09-07,21.6,18.1,25.46,
2015-09-08,19.45,17.44,23.31,
2015-09-09,18.16,12.28,23.64,
2015-09-10,17.72,12.52,20.9,
2015-09-11,12.06,7.87,14.45,
2015-09-12,10.99,6.3,17.38,
2015-09-13,15.2,6.87,21.13,
2015-09-15,20.16,19.09,25.68,
2015-09-16,22.02,16.95,27.5,
2015-09-17,21.18,18.85,23.03,
2015-09-18,17.03,13.52,23.25,
2015-09-19,13.17,9.66,16.85,
2015-09-20,14.93,8.29,20.79,
2015-09-21,16.13,9.03,24.19,
2015-09-22,19.25,14.98,26.82,
2015-09-24,18.65,14.67,24.46,
2015-09-25,17.44,13.62,22.99,
2015-09-26,17.28,14.81,25.47,
2015-09-27,19.7,13.02,26.36,
2015-09-28,20.57,16.23,29.79,
2015-10-04,8.26,6.1,10.89,
2015-10-05,11.09,6.98,16.33,
2015-10-06,13.51,9.21,18.76,
2015-10-07,13.97,9.61,17.49,
2015-10-08,15.35,11.5,24.86,
2015-10-09,12.36,6.96,15.21,
2015-10-10,10.26,2.63,18.82,
2015-10-11,17.76,9.73,27.28,
2015-10-12,13.75,7.84,21.08,
2015-10-13,9.62,5.3,14.59,
2015-10-14,8.67,0.85,19.14,
2015-10-15,10.77,6.07,15.05,
2015-10-16,4.25,-1.55,6.27,
2015-10-17,2.88,-4.36,10.79,
2015-10-18,8.43,-0.24,16.2,
2015-10-19,15.74,10.33,23.24,
2015-10-20,19.24,12.3,23.33,
2015-10-21,14.01,7.87,19.14,
2015-10-22,11.3,3.27,16.86,
2015-10-23,11.51,9.11,12.47,
2015-10-24,9.99,6.85,15.82,
2015-10-25,9.19,2.69,12.67,
2015-10-26,9.69,4.76,15.13,
2015-10-27,7.7,5.09,13.34,
2015-10-28,4.96,2.91,8.76,
2015-10-29,4.59,1.44,10.26,
2015-11-01,10.01,3.7,15.23,
2015-11-02,15.03,7.68,19.88,
2015-11-03,13.78,9.08,22.44,
2015-11-04,14.53,9.73,20.59,
2015-11-05,14.61,9.83,17.81,
2015-11-06,6.36,3.13,8.72,
2015-11-08,6.85,0.85,11.86,
2015-11-09,6.48,1.18,11.69,
2015-11-10,7.39,-1.7,9.75,
2015-11-11,9.44,5.51,11.74,
2015-11-12,4.54,3.0,8.53,
2015-11-13,3.35,-0.74,5.79,
2015-11-15,10.32,5.67,16.14,
2015-11-16,9.21,8.14,12.61,
2015-11-17,10.46,8.71,14.21,
2015-11-18,9.98,2.48,17.08,
2015-11-19,1.91,-0.62,5.37,
2015-11-20,-0.87,-2.04,1.42,
2015-11-21,-3.96,-9.82,-2.99,
2015-11-22,-5.96,-12.4,-1.76,
2015-11-23,-1.48,-6.65,6.88,
2015-11-24,1.53,-2.02,6.88,
2015-11-25,5.83,0.93,5.79,
2015-11-26,5.13,1.36,8.91,
2015-11-27,-2.28,-5.57,1.11,
2015-11-28,-4.68,-8.97,-0.2,
2015-12-01,-1.3,-2.48,2.35,
2015-12-02,-1.22,-1.99,-0.32,
2015-12-03,0.17,-0.17,4.05,
2015-12-04,2.12,-1.01,7.59,
2015-12-07,2.68,3.24,3.64,
2015-12-11,3.16,1.04,3.65,
2015-12-12,3.45,3.0,7.67,
2015-12-13,7.28,4.94,12.78,
2015-12-14,6.77,1.75,11.43,
2015-12-15,-0.16,0.4,4.53,
2015-12-16,2.0,-2.49,8.32,
2015-12-17,-1.02,-4.32,-1.96,
2015-12-18,-7.2,-11.31,-5.01,
2015-12-19,-8.89,-14.19,-3.6,
2015-12-20,2.6,-3.17,6.35,
2015-12-21,2.42,0.49,3.75,
2015-12-22,0.57,0.54,1.88,
2015-12-23,5.49,-0.9,8.76,
2015-12-24,-2.37,-5.2,1.42,
2015-12-25,-3.16,-2.27,-0.84,
2015-12-26,-1.21,-2.88,0.43,
2015-12-27,-2.06,-4.84,-1.14,
2015-12-28,-7.48,-4.6,-4.37,
2015-12-29,-5.47,-6.33,-3.98,
2016-01-01,-7.43,-10.16,-3.86,
2016-01-02,-6.7,-12.11,-0.86,
2016-01-03,-3.05,-5.1,-1.15,
2016-01-04,-6.28,-8.19,-4.05,
2016-01-05,-7.31,-9.25,-0.97,
2016-01-07,0.34,-1.6,1.54,
2016-01-08,2.47,-0.74,0.45,
2016-01-09,-6.32,-13.34,2.28,
2016-01-10,-19.18,-20.71,-16.16,
2016-01-12,-19.07,-21.94,-14.36,
2016-01-13,-13.01,-22.07,-4.56,
2016-01-14,-4.24,-8.91,0.76,
2016-01-15,-4.6,-4.24,-4.12,
2016-01-16,-13.3,-19.86,-6.27,
2016-01-17,-23.26,-24.04,-19.99,
2016-01-18,-25.53,-25.18,-19.62,
2016-01-19,-16.21,-24.53,-10.49,
2016-01-20,-10.3,-13.36,-6.1,
2016-01-21,-6.0,-7.49,-3.85,
2016-01-22,-6.08,-7.05,-4.76,
2016-01-23,-6.12,-11.59,-2.79,
2016-01-24,-3.61,-5.86,-2.6,
2016-01-25,-2.92,-4.66,-1.73,
2016-01-26,-2.05,-5.89,-4.36,
2016-01-27,-3.3,-9.71,2.72,
2016-01-28,-2.17,-7.68,0.03,
2016-01-29,-6.61,-10.45,0.49,
2016-02-01,-3.21,-4.9,0.0,
2016-02-02,-0.74,-3.51,-0.88,
2016-02-03,-3.06,-12.6,0.67,
2016-02-04,-10.75,-15.81,-4.44,
2016-02-05,-5.52,-13.01,-4.23,
2016-02-06,-0.38,-5.59,0.13,
2016-02-07,1.49,-0.07,3.6,
2016-02-08,-7.67,-9.68,-3.64,
2016-02-09,-13.38,-16.1,-11.22,
2016-02-10,-15.25,-18.63,-10.66,
2016-02-11,-13.27,-18.94,-9.45,
2016-02-12,-12.04,-20.05,-9.6,
2016-02-13,-16.83,-22.92,-11.28,
2016-02-14,-10.96,-16.49,-7.35,
2016-02-15,-6.35,-8.68,-5.5,
2016-02-16,-1.95,-3.78,-1.82,
2016-02-17,-7.74,-12.77,-3.93,
2016-02-18,0.06,-4.93,3.06,
2016-02-19,4.86,2.69,7.39,
2016-02-20,4.58,1.16,5.34,
2016-02-21,1.42,-0.31,3.43,
2016-02-22,-2.83,-1.11,0.14,
2016-02-23,0.97,-2.47,4.3,
2016-02-24,1.23,0.56,2.79,
2016-02-25,-1.67,-1.84,1.86,
2016-02-26,-2.08,-4.91,0.21,
2016-02-27,6.94,-1.9,12.62,
2016-03-01,-6.79,-10.32,-5.58,
2016-03-02,-7.54,-13.25,-1.71,
2016-03-03,-5.16,-6.85,-0.64,
2016-03-04,-0.27,-5.34,0.75,
2016-03-05,2.2,-1.05,0.78,
2016-03-06,2.69,-1.62,7.56,
2016-03-07,10.78,4.03,18.6,
2016-03-08,14.2,12.97,19.8,
2016-03-09,8.58,4.3,11.37,
2016-03-11,5.95,-0.1,16.02,
2016-03-12,10.37,5.17,17.88,
2016-03-14,9.83,8.34,12.39,
2016-03-15,7.87,5.47,8.83,
2016-03-16,5.96,4.77,8.34,
2016-03-17,3.94,-1.72,8.14,
2016-03-18,0.69,-1.79,3.36,
2016-03-19,0.06,0.37,0.34,
2016-03-20,1.6,-1.57,2.49,
2016-03-21,1.71,-1.79,7.68,
2016-03-22,7.7,4.06,13.16,
2016-03-23,1.04,-2.21,5.41,
2016-03-24,-1.55,-3.42,2.05,
2016-03-25,1.31,-7.77,6.22,
2016-03-26,3.8,0.87,11.53,
2016-03-27,4.74,2.03,7.06,
2016-03-29,10.19,2.37,15.81,
2016-04-02,-0.75,-3.62,-0.09,
2016-04-03,9.61,-2.53,22.47,
2016-04-04,0.09,-1.88,2.82,
2016-04-05,-2.19,-2.93,2.14,
2016-04-06,3.9,0.83,5.35,
2016-04-07,4.08,0.3,5.8,
2016-04-09,-0.98,-8.09,4.28,
2016-04-10,8.57,0.46,14.78,
2016-04-12,3.67,-3.99,9.17,
2016-04-13,9.42,4.61,15.9,
2016-04-14,12.22,3.44,19.54,
2016-04-15,13.38,7.82,24.42,
2016-04-16,18.93,10.25,27.56,
2016-04-17,19.85,12.79,26.04,
2016-04-18,21.08,12.9,26.98,
2016-04-19,10.61,8.94,17.99,
2016-04-20,12.42,5.15,20.52,
2016-04-21,14.47,7.59,19.32,
2016-04-22,9.67,7.35,15.84,
2016-04-23,11.09,5.52,19.74,
2016-04-24,14.31,8.08,19.78,
2016-04-25,15.77,6.78,25.67,
2016-04-27,6.83,1.43,10.71,
2016-04-28,3.19,1.98,6.39,
2016-05-01,7.71,4.21,10.86,
2016-05-03,13.75,5.36,19.38,
2016-05-04,10.15,4.52,15.38,
2016-05-05,11.53,1.49,19.46,
2016-05-06,22.65,10.38,30.67,
2016-05-07,17.47,13.1,18.93,
2016-05-08,14.46,6.96,22.06,
2016-05-09,14.61,9.12,18.94,
2016-05-10,9.65,8.0,11.45,
2016-05-11,12.6,7.44,16.54,
2016-05-12,14.47,9.13,15.13,
2016-05-13,8.51,4.2,10.62,
2016-05-14,2.93,2.93,5.71,
2016-05-15,6.04,-1.79,15.03,
2016-05-17,12.41,5.16,16.39,
2016-05-19,13.38,5.62,22.67,
2016-05-20,17.2,12.5,24.82,
2016-05-21,18.18,12.74,26.63,
2016-05-22,20.82,15.36,27.73,
2016-05-23,21.68,15.57,29.38,
2016-05-24,21.12,15.0,27.69,
2016-05-25,22.83,17.05,24.58,
2016-05-26,19.23,14.68,25.81,
2016-05-27,19.83,16.18,22.88,
2016-05-28,19.37,19.1,24.28,
2016-05-29,19.87,15.36,23.38,
2016-06-01,20.53,11.93,22.97,
2016-06-02,16.29,9.97,22.88,
2016-06-04,18.34,16.54,23.25,
2016-06-05,20.47,14.39,27.21,
2016-06-06,17.05,14.16,22.12,
2016-06-07,15.14,10.77,17.91,
2016-06-08,15.9,9.1,23.79,
2016-06-09,17.22,16.29,22.21,
2016-06-10,24.84,17.71,31.68,
2016-06-11,26.94,18.06,31.0,
2016-06-12,19.23,12.16,24.15,
2016-06-14,21.04,15.1,24.7,
2016-06-15,20.74,17.86,27.74,
2016-06-16,17.42,15.86,24.39,
2016-06-17,20.25,13.79,26.3,
2016-06-18,23.3,16.58,29.92,
2016-06-19,24.65,17.38,30.26,
2016-06-20,23.55,16.88,26.34,
2016-06-21,20.12,11.81,27.56,
2016-06-22,18.19,17.25,23.57,
2016-06-23,17.38,16.52,21.5,
2016-06-24,20.2,13.66,26.31,
2016-06-25,25.25,20.06,32.17,
2016-06-26,23.95,21.24,28.79,
2016-06-27,20.1,16.55,24.47,
2016-06-28,16.18,12.17,18.63,
2016-07-02,20.76,12.18,24.49,
2016-07-03,17.48,11.07,26.54,
2016-07-04,21.01,13.46,21.18,
2016-07-05,24.57,19.23,29.71,
2016-07-06,23.5,19.38,27.39,
2016-07-07,22.3,17.52,28.61,
2016-07-08,20.55,17.03,23.55,
2016-07-09,19.21,15.56,26.07,
2016-07-10,19.91,16.76,24.53,
2016-07-11,24.73,21.45,30.72,
2016-07-12,24.26,18.63,26.2,
2016-07-13,24.2,19.71,26.6,
2016-07-14,20.94,17.31,23.83,
2016-07-15,17.03,15.12,24.48,
2016-07-16,22.25,13.18,23.51,
2016-07-17,20.01,17.32,26.81,
2016-07-18,23.54,17.99,29.04,
2016-07-19,22.06,17.68,27.08,
2016-07-20,23.47,19.51,30.38,
2016-07-21,26.53,20.26,31.26,
2016-07-22,29.32,21.86,30.93,
2016-07-23,20.01,19.06,25.59,
2016-07-24,24.12,20.66,30.29,
2016-07-25,21.72,17.12,23.78,
2016-07-26,22.9,15.85,28.75,
2016-07-27,23.64,17.76,27.02,
2016-07-28,19.2,17.44,20.4,
2016-07-29,18.86,17.15,21.79,
2016-08-02,21.62,18.81,31.28,
2016-08-03,24.11,18.44,31.42,
2016-08-04,23.65,19.69,29.83,
2016-08-05,19.36,15.82,24.49,
2016-08-06,20.06,13.19,24.94,
2016-08-07,19.11,14.77,26.5,
2016-08-08,18.82,14.76,26.25,
2016-08-09,23.5,18.53,28.59,
2016-08-10,22.48,19.31,30.62,
2016-08-11,24.61,22.57,28.16,
2016-08-12,23.32,20.33,24.65,
2016-08-13,23.44,17.63,26.12,
2016-08-14,21.34,14.99,25.97,
2016-08-15,23.07,16.86,28.78,
2016-08-16,23.65,17.22,27.38,
2016-08-17,22.74,16.54,29.42,
2016-08-18,22.81,17.13,28.58,
2016-08-20,17.78,14.62,19.79,
2016-08-21,16.12,11.97,22.79,
2016-08-22,18.59,12.46,27.85,
2016-08-23,20.73,15.99,25.45,
2016-08-24,20.99,17.72,27.55,
2016-08-25,21.36,15.51,23.29,
2016-08-26,17.01,13.26,20.04,
2016-08-27,15.74,14.61,20.07,
2016-08-28,19.16,14.41,28.42,
2016-09-02,15.02,11.96,23.92,
2016-09-03,18.43,9.92,24.79,
2016-09-04,20.12,13.82,25.76,
2016-09-05,23.29,17.64,30.39,
2016-09-06,24.77,19.65,29.15,
2016-09-07,20.02,18.79,22.97,
2016-09-08,20.47,14.47,24.49,
2016-09-09,15.05,13.39,18.47,
2016-09-10,14.87,11.92,22.68,
2016-09-11,16.76,10.92,24.52,
2016-09-12,21.65,12.6,26.01,
2016-09-13,17.7,14.19,20.71,
2016-09-14,17.52,10.65,22.43,
2016-09-15,17.29,12.41,24.04,
2016-09-16,16.97,16.15,22.09,
2016-09-17,18.83,13.85,23.16,
2016-09-18,17.41,11.78,26.62,
2016-09-19,21.7,11.98,23.71,
2016-09-20,18.29,11.39,28.06,
2016-09-21,17.48,14.4,23.5,
2016-09-22,18.88,17.36,23.7,
2016-09-23,17.44,13.47,19.05,
2016-09-24,18.04,17.04,18.38,
2016-09-25,17.41,13.81,22.53,
2016-09-26,12.7,9.43,21.9,
2016-09-27,10.81,7.26,16.52,
2016-09-28,12.34,6.1,15.26,
2016-10-02,15.13,10.16,21.0,
2016-10-03,13.99,11.12,21.29,
2016-10-04,16.65,13.14,22.4,
2016-10-05,16.69,14.57,21.95,
2016-10-06,15.82,10.14,20.8,
2016-10-07,11.07,3.55,19.54,
2016-10-08,8.15,1.43,14.01,
2016-10-09,8.78,3.18,16.09,
2016-10-10,15.5,6.72,19.94,
2016-10-11,17.29,13.36,23.51,
2016-10-12,7.94,2.6,18.66,
2016-10-13,6.43,-0.98,10.27,
2016-10-14,7.98,3.92,16.12,
2016-10-15,17.15,12.29,18.59,
2016-10-16,17.28,12.16,24.42,
2016-10-17,22.58,17.89,21.4,
2016-10-18,16.1,12.77,20.97,
2016-10-19,12.85,8.39,18.54,
2016-10-20,6.73,1.3,11.64,
2016-10-21,4.59,-0.71,11.8,
2016-10-22,11.17,4.3,17.2,
2016-10-23,9.68,7.49,17.93,
2016-10-24,6.71,3.94,14.27,
2016-10-25,6.13,3.56,9.28,
2016-10-26,6.18,5.04,7.17,
2016-10-27,5.74,3.32,6.69,
2016-10-28,11.09,6.46,17.88,
2016-10-29,12.31,11.39,17.39,
2016-11-02,14.33,8.17,17.38,
2016-11-03,12.24,6.48,18.88,
2016-11-04,10.26,4.27,15.97,
2016-11-05,13.68,6.65,21.54,
2016-11-06,11.82,7.32,20.96,
2016-11-07,10.75,5.78,16.04,
2016-11-08,8.33,5.13,12.96,
2016-11-09,7.07,0.99,12.22,
2016-11-10,11.47,3.86,17.13,
2016-11-11,4.86,1.56,8.57,
2016-11-12,4.33,-1.39,10.04,
2016-11-13,7.48,1.57,14.7,
2016-11-14,8.36,3.69,14.86,
2016-11-15,8.4,4.07,14.25,
2016-11-16,6.94,2.62,13.34,
2016-11-17,14.31,9.2,18.98,
2016-11-18,8.83,-1.12,16.02,
2016-11-19,-0.07,-4.17,1.63,
2016-11-20,-4.51,-6.94,0.84,
2016-11-21,-1.62,-8.44,2.62,
2016-11-22,1.57,-2.35,2.92,
2016-11-23,-0.13,1.68,2.54,
2016-11-25,1.64,2.42,0.96,
2016-11-26,4.39,-1.58,10.03,
2016-11-27,3.08,-1.7,7.07,
2016-11-28,7.85,3.6,7.92,
2016-12-01,2.9,-0.14,2.12,
2016-12-02,0.64,-1.78,1.5,
2016-12-03,-0.64,-3.28,0.26,
2016-12-04,-0.79,-2.94,-0.48,
2016-12-05,-1.39,-0.08,1.26,
2016-12-14,-14.7,-18.84,-12.5,
2016-12-15,-18.05,-22.3,-14.62,
2016-12-16,-13.09,-15.63,-8.1,
2016-12-17,-11.41,-16.84,-7.55,
2016-12-18,-22.09,-25.56,-15.92,
2016-12-19,-17.5,-22.54,-9.02,
2016-12-20,-5.0,-8.82,5.17,
2016-12-21,0.59,-4.01,1.63,
2016-12-22,-3.02,-5.8,-1.06,
2016-12-23,-2.14,-3.99,0.78,
2016-12-24,1.06,0.69,2.49,
2016-12-25,-0.21,-0.99,0.87,
2016-12-26,-0.89,-7.69,3.8,
2016-12-27,-7.04,-9.87,-4.85,
2016-12-28,-0.56,-6.58,3.05,
2016-12-29,-3.0,-4.75,-2.73,
2017-01-01,-4.89,-9.25,0.49,
2017-01-03,-5.31,-16.39,1.27,
2017-01-04,-16.02,-19.06,-15.96,
2017-01-05,-17.63,-21.71,-16.64,
2017-01-06,-19.65,-23.49,-16.6,
2017-01-07,-16.39,-20.36,-13.36,
2017-01-08,-15.45,-21.37,-10.14,
2017-01-09,-8.15,-8.41,-5.41,
2017-01-10,-5.45,-12.5,2.26,
2017-01-11,-10.97,-12.17,-6.76,
2017-01-12,-12.12,-14.19,-8.91,
2017-01-13,-14.49,-19.34,-10.76,
2017-01-14,-7.98,-13.29,-4.42,
2017-01-15,-5.91,-14.3,-1.96,
2017-01-16,-1.74,-3.53,1.4,
2017-01-17,0.53,1.87,1.04,
2017-01-18,-0.26,-1.47,0.74,
2017-01-19,-1.09,-0.96,1.86,
2017-01-20,1.17,1.33,2.39,
2017-01-21,1.32,1.32,4.77,
2017-01-22,0.88,1.55,2.36,
2017-01-23,-0.07,-0.03,0.35,
2017-01-24,-0.12,-1.1,1.12,
2017-01-25,-1.06,-2.57,-0.61,
2017-01-26,-2.05,-3.44,-2.27,
2017-01-27,-4.08,-8.23,-2.11,
2017-01-28,-4.61,-6.86,-3.7,
2017-01-29,-6.29,-10.55,-2.74,
2017-02-01,-5.28,-15.69,-1.82,
2017-02-05,-5.17,-7.93,0.25,
2017-02-06,-3.56,-10.33,5.42,
2017-02-07,-0.26,-4.66,1.65,
2017-02-08,-8.83,-12.59,-7.69,
2017-02-09,-10.63,-15.84,-8.15,
2017-02-10,-2.82,-9.2,5.78,
2017-02-11,3.65,1.27,4.04,
2017-02-12,-0.89,-1.11,2.89,
2017-02-13,-0.56,-3.63,6.74,
2017-02-14,3.42,0.27,3.86,
2017-02-15,-1.66,-7.22,1.14,
2017-02-16,-0.64,-3.51,1.58,
2017-02-17,5.18,-0.31,12.8,
2017-02-18,5.96,0.16,13.82,
2017-02-19,9.56,4.43,14.74,
2017-02-20,10.62,6.93,12.42,
2017-02-21,9.55,3.77,14.56,
2017-02-22,10.88,7.72,15.77,
2017-02-23,3.95,0.68,9.68,
2017-02-24,-4.55,-7.96,1.79,
2017-02-25,-8.59,-11.63,-4.33,
2017-02-26,-4.1,-5.49,2.37,
2017-03-01,-1.6,-5.3,4.38,
2017-03-02,-5.91,-8.8,-2.96,
2017-03-03,-6.6,-12.5,-1.25,
2017-03-04,-0.1,-5.67,6.56,
2017-03-05,4.73,-2.91,11.77,
2017-03-06,10.75,8.88,17.05,
2017-03-07,4.61,-0.5,10.22,
2017-03-08,1.7,-2.5,3.59,
2017-03-09,-1.44,-3.82,1.84,
2017-03-10,-9.31,-9.64,-5.41,
2017-03-11,-8.37,-12.82,-4.65,
2017-03-13,-5.08,-6.14,-1.78,
2017-03-14,-9.37,-17.8,-2.27,
2017-03-15,-5.62,-12.82,-0.94,
2017-03-16,-0.9,-9.74,1.73,
2017-03-17,3.75,1.61,10.26,
2017-03-18,1.6,-2.31,3.13,
2017-03-19,4.59,-2.9,11.32,
2017-03-20,6.98,2.66,15.09,
2017-03-21,2.44,-2.85,7.44,
2017-03-22,-1.1,-8.31,4.7,
2017-03-23,1.69,-1.41,4.47,
2017-03-24,4.68,0.36,8.1,
2017-03-25,2.05,2.01,2.96,
2017-03-26,4.14,1.02,4.96,
2017-03-27,4.96,3.78,7.77,
2017-03-28,7.17,5.45,14.56,
2017-03-29,4.82,2.45,7.52,
2017-04-03,7.77,7.7,8.31,
2017-04-04,7.52,6.14,14.13,
2017-04-05,6.86,4.03,9.11,
2017-04-06,4.89,1.04,11.74,
2017-04-08,12.04,5.05,22.51,
2017-04-09,17.96,12.51,24.93,
2017-04-10,13.22,4.25,19.79,
2017-04-11,2.74,1.89,7.35,
2017-04-12,7.96,0.31,13.29,
2017-04-13,8.74,5.59,14.04,
2017-04-14,10.31,7.57,18.13,
2017-04-15,17.43,14.39,21.68,
2017-04-16,15.01,10.63,17.37,
2017-04-17,13.54,9.97,21.12,
2017-04-18,12.67,5.36,19.47,
2017-04-21,7.02,0.68,13.39,
2017-04-22,12.68,4.41,16.64,
2017-04-23,11.78,5.4,20.52,
2017-04-24,13.94,5.09,20.02,
2017-04-25,18.48,11.56,22.09,
2017-04-26,11.51,4.8,14.62,
2017-04-27,3.42,1.68,4.86,
2017-04-28,4.37,-0.51,9.58,
2017-05-02,5.05,2.8,12.44,
2017-05-03,9.69,3.9,17.7,
2017-05-04,12.43,4.78,18.32,
2017-05-05,12.7,5.35,20.09,
2017-05-06,9.55,6.69,16.77,
2017-05-07,11.19,3.58,17.55,
2017-05-08,12.12,3.23,19.8,
2017-05-09,11.12,5.17,13.05,
2017-05-10,12.61,9.64,19.45,
2017-05-11,16.51,6.6,22.19,
2017-05-12,15.84,6.39,21.21,
2017-05-13,20.24,14.4,26.24,
2017-05-15,15.59,10.94,21.04,
2017-05-16,22.29,14.17,26.82,
2017-05-17,20.64,14.43,24.6,
2017-05-18,11.59,5.99,15.06,
2017-05-19,5.45,5.44,11.51,
2017-05-20,7.55,5.45,9.63,
2017-05-21,9.45,6.98,10.33,
2017-05-22,12.15,5.31,20.94,
2017-05-23,11.95,11.93,13.91,
2017-05-24,10.13,9.72,14.13,
2017-05-25,14.75,11.35,23.22,
2017-05-26,15.2,12.3,20.1,
2017-05-27,19.8,12.5,22.48,
2017-05-28,15.99,12.06,21.09,
2017-05-29,13.45,9.45,19.91,
2017-06-03,24.58,19.58,31.59,
2017-06-04,24.34,18.07,28.86,
2017-06-05,21.15,13.78,26.17,
2017-06-06,18.83,13.9,23.89,
2017-06-07,19.39,15.83,27.88,
2017-06-08,22.09,13.76,28.43,
2017-06-09,22.33,13.82,29.2,
2017-06-10,25.1,18.84,32.14,
2017-06-11,27.06,23.33,33.49,
2017-06-12,26.67,18.05,32.12,
2017-06-13,24.03,19.28,28.83,
2017-06-14,22.8,19.6,27.74,
2017-06-15,22.86,16.82,29.0,
2017-06-16,20.38,16.54,28.57,
2017-06-20,15.64,10.11,20.45,
2017-06-21,21.03,12.39,25.48,
2017-06-22,22.17,17.6,22.59,
2017-06-23,19.02,14.78,22.64,
2017-06-24,13.05,10.76,18.95,
2017-06-25,12.09,8.92,17.96,
2017-06-26,15.58,8.06,19.69,
2017-06-27,18.45,10.66,23.3,
2017-06-28,18.78,15.96,21.47,
2017-07-02,21.59,15.78,26.18,
2017-07-03,20.05,14.43,26.58,
2017-07-04,22.19,14.81,27.75,
2017-07-05,22.91,18.38,30.13,
2017-07-06,23.77,17.81,33.36,
2017-07-07,21.85,18.86,26.72,
2017-07-08,20.5,15.58,26.6,
2017-07-09,23.13,16.86,26.47,
2017-07-10,22.77,17.06,28.02,
2017-07-11,22.26,20.57,26.9,
2017-07-12,24.43,19.64,30.97,
2017-07-13,20.33,14.94,23.76,
2017-07-14,15.9,13.03,19.52,
2017-07-15,21.91,11.56,29.17,
2017-07-16,20.11,19.19,26.95,
2017-07-17,19.96,15.93,26.19,
2017-07-18,23.0,17.4,31.84,
2017-07-21,19.89,18.34,22.43,
2017-07-22,22.95,20.0,26.83,
2017-07-23,21.02,17.99,26.11,
2017-07-24,16.56,14.26,21.71,
2017-07-25,17.63,15.43,24.58,
2017-07-26,24.65,21.01,27.37,
2017-07-27,23.14,17.77,27.01,
2017-07-28,20.59,17.64,26.54,
2017-07-29,22.11,14.25,26.5,
2017-08-02,22.25,16.73,28.15,
2017-08-03,19.02,11.69,20.35,
2017-08-04,15.32,10.38,21.98,
2017-08-05,18.11,10.93,21.98,
2017-08-06,16.75,15.58,20.65,
2017-08-08,20.72,14.04,25.27,
2017-08-09,20.04,13.5,24.7,
2017-08-10,20.45,16.23,24.74,
2017-08-11,18.88,14.93,22.07,
2017-08-12,17.91,9.88,24.92,
2017-08-13,17.61,10.29,23.44,
2017-08-14,18.46,15.64,23.04,
2017-08-15,17.47,15.17,20.99,
2017-08-16,21.43,16.73,25.42,
2017-08-18,18.47,14.83,22.22,
2017-08-19,20.16,15.17,25.5,
2017-08-21,20.14,16.05,24.87,
2017-08-22,18.85,14.05,19.67,
2017-08-23,18.4,9.71,21.38,
2017-08-24,16.53,13.5,21.67,
2017-08-25,14.08,11.77,19.5,
2017-08-26,16.91,12.22,18.21,
2017-08-27,17.27,14.56,23.37,
2017-08-28,19.91,14.46,19.92,
2017-08-29,19.01,15.56,21.75,
2017-09-02,15.64,9.74,21.86,
2017-09-03,18.7,12.71,27.07,
2017-09-04,18.68,9.59,20.17,
2017-09-07,14.27,6.78,15.3,
2017-09-08,10.55,11.07,16.18,
2017-09-09,15.46,9.66,23.4,
2017-09-10,15.33,10.93,24.33,
2017-09-11,17.17,11.66,24.1,
2017-09-13,19.02,14.61,29.56,
2017-09-14,21.83,14.24,27.68,
2017-09-16,21.4,20.23,28.33,
2017-09-17,18.8,10.18,21.19,
2017-09-18,15.2,9.54,20.39,
2017-09-19,18.64,13.93,25.28,
2017-09-20,20.95,18.52,28.19,
2017-09-21,20.47,15.08,30.04,
2017-09-22,24.81,20.25,32.5,
2017-09-23,25.68,21.66,31.65,
2017-09-25,21.46,16.74,31.22,
2017-09-26,17.43,13.52,19.42,
2017-09-27,11.34,7.56,15.45,
2017-09-28,15.64,6.26,21.06,
2017-10-02,20.23,12.82,27.12,
2017-10-03,22.34,16.85,21.49,
2017-10-04,12.81,9.34,19.34,
2017-10-05,12.1,7.27,19.68,
2017-10-06,14.79,9.14,14.08,
2017-10-07,15.01,12.9,19.05,
2017-10-08,14.53,10.74,22.12,
2017-10-09,14.07,10.08,19.23,
2017-10-10,8.0,5.22,10.86,
2017-10-11,11.05,7.25,12.98,
2017-10-12,12.58,11.78,13.39,
2017-10-13,11.08,9.8,15.05,
2017-10-15,7.79,6.17,10.28,
2017-10-16,9.6,2.18,16.11,
2017-10-17,15.04,9.63,20.08,
2017-10-18,14.89,9.12,24.04,
2017-10-19,14.18,7.17,20.5,
2017-10-20,15.04,11.91,22.06,
2017-10-21,17.8,14.43,21.24,
2017-10-22,10.71,8.0,16.39,
2017-10-23,9.0,5.27,12.95,
2017-10-24,7.13,3.28,9.17,
2017-10-25,5.37,0.49,11.06,
2017-10-28,0.67,-0.94,1.61,
2017-10-29,2.54,-1.24,8.54,
2017-11-02,4.98,1.93,7.55,
2017-11-03,2.88,-3.12,3.44,
2017-11-04,1.93,-0.3,6.45,
2017-11-05,3.8,-2.68,8.17,
2017-11-07,-1.24,-1.48,5.41,
2017-11-08,-1.39,-5.16,3.86,
2017-11-09,-3.6,-11.04,4.25,
2017-11-10,-7.33,-12.25,-1.38,
2017-11-11,1.28,-4.46,-0.45,
2017-11-12,-1.15,-0.37,5.44,
2017-11-13,-0.62,-4.08,3.2,
2017-11-14,4.39,1.21,2.99,
2017-11-15,4.64,-2.19,8.05,
2017-11-16,-1.31,-2.68,0.88,
2017-11-17,-0.89,-1.14,2.59,
2017-11-18,2.46,-2.37,2.54,
2017-11-19,-4.04,-9.84,0.95,
2017-11-20,4.34,-3.15,8.23,
2017-11-21,-0.91,-7.2,6.4,
2017-11-22,-6.62,-10.77,-1.24,
2017-11-23,0.43,-1.21,7.18,
2017-11-24,9.84,2.01,16.99,
2017-11-25,1.55,-0.11,6.33,
2017-11-26,2.62,-4.25,12.35,
2017-11-27,7.51,1.37,12.96,
2017-11-28,8.43,3.69,12.82,
2017-12-01,4.03,-2.26,10.14,
2017-12-02,2.6,1.0,8.8,
2017-12-03,5.41,-0.89,9.89,
2017-12-04,12.04,2.55,14.51,
2017-12-05,-5.38,-5.77,1.16,
2017-12-06,-9.38,-8.87,-2.23,
2017-12-07,-9.1,-9.15,-5.24,
2017-12-09,-7.69,-7.73,-1.64,
2017-12-13,-5.98,-8.33,-1.34,
2017-12-14,-8.23,-13.02,-3.87,
2017-12-15,-4.78,-7.86,-0.72,
2017-12-16,-1.47,-4.03,-0.03,
2017-12-17,-1.25,-2.94,0.9,
2017-12-18,0.62,-1.25,2.36,
2017-12-19,2.25,-1.52,4.21,
2017-12-20,-6.17,-7.06,-2.94,
2017-12-21,-1.99,-7.18,-2.33,
2017-12-22,-4.18,-8.22,-1.37,
2017-12-23,-8.6,-12.72,-6.55,
2017-12-25,-13.58,-22.11,-9.69,
2017-12-26,-20.06,-21.41,-15.49,
2017-12-27,-20.85,-23.04,-17.16,
2017-12-28,-17.04,-19.06,-12.7,
2017-12-29,-13.57,-15.41,-12.33,
2018-01-03,-14.54,-17.97,-9.22,
2018-01-05,-20.04,-22.51,-13.2,
2018-01-06,-16.95,-21.99,-12.52,
2018-01-07,-7.63,-13.01,-2.35,
2018-01-08,0.28,-3.68,4.62,
2018-01-09,-0.86,-2.95,5.24,
2018-01-10,2.28,-0.54,4.01,
2018-01-11,-3.73,-13.51,6.56,
2018-01-12,-14.23,-17.55,-10.84,
2018-01-13,-18.58,-21.22,-13.56,
2018-01-14,-14.88,-19.3,-7.63,
2018-01-15,-9.7,-16.85,-6.78,
2018-01-17,-12.67,-22.15,-4.01,
2018-01-18,-4.01,-8.0,2.1,
2018-01-20,2.61,-0.97,6.53,
2018-01-21,1.03,-1.56,5.11,
2018-01-23,-5.72,-6.79,-1.25,
2018-01-24,-4.99,-8.86,-4.08,
2018-01-25,0.65,-7.48,0.42,
2018-01-26,4.36,1.71,6.19,
2018-01-27,0.77,-2.54,2.37,
2018-01-28,-6.52,-10.73,-3.18,
2018-01-29,-9.31,-14.92,-5.31,
2018-02-01,-12.98,-15.69,0.09,
2018-02-02,-13.35,-17.67,-8.15,
2018-02-03,-6.08,-10.01,-4.46,
2018-02-04,-14.31,-20.34,-8.13,
2018-02-05,-15.76,-22.51,-13.53,
2018-02-06,-14.29,-20.09,-11.62,
2018-02-07,-11.21,-16.04,-9.9,
2018-02-08,-12.63,-16.05,-6.84,
2018-02-09,-13.94,-17.83,-9.68,
2018-02-11,-12.91,-14.52,-8.25,
2018-02-12,-12.46,-19.29,-9.89,
2018-02-13,-3.87,-10.54,-0.74,
2018-02-14,-0.81,-3.96,8.77,
2018-02-15,2.28,-0.52,5.06,
2018-02-16,-7.47,-10.19,-0.5,
2018-02-17,-5.6,-11.12,-2.26,
2018-02-18,-1.81,-8.04,3.38,
2018-02-19,2.57,-1.2,2.87,
2018-02-20,0.28,-7.3,-1.36,
2018-02-22,-4.32,-8.31,2.14,
2018-02-23,-0.81,-4.72,1.89,
2018-02-24,-1.67,-7.47,0.33,
2018-02-25,-1.84,-9.01,-0.12,
2018-02-26,0.79,-5.74,6.88,
2018-03-01,1.82,-0.44,8.33,
2018-03-02,0.54,-5.63,5.94,
2018-03-03,2.24,1.05,6.74,
2018-03-04,3.84,-1.27,8.04,
2018-03-05,1.1,-2.68,-0.29,
2018-03-06,-0.63,-3.89,-0.26,
2018-03-07,-8.61,-11.71,-4.1,
2018-03-08,-7.68,-13.88,-0.62,
2018-03-09,-4.15,-12.77,2.98,
2018-03-12,-0.15,-1.57,2.43,
2018-03-13,-3.56,-3.96,-1.29,
2018-03-14,0.53,-7.81,6.24,
2018-03-15,0.7,-2.85,4.6,
2018-03-16,-1.73,-5.33,3.7,
2018-03-17,4.03,-4.29,11.26,
2018-03-18,4.11,-0.32,11.29,
2018-03-19,2.66,0.17,8.82,
2018-03-20,-1.02,-3.6,2.77,
2018-03-21,-0.3,-6.8,5.22,
2018-03-22,2.35,-3.28,7.67,
2018-03-23,0.97,-2.95,4.65,
2018-03-24,0.5,-2.57,4.75,
2018-03-25,-0.01,-4.74,7.61,
2018-03-27,1.89,1.33,4.57,
2018-03-29,3.36,-0.17,7.7,
2018-04-01,-6.02,-11.21,-1.4,
2018-04-02,-1.03,-5.21,2.97,
2018-04-03,-2.15,-3.09,-0.25,
2018-04-04,-6.68,-6.88,-2.76,
2018-04-05,-3.58,-10.62,5.69,
2018-04-06,-4.45,-8.87,3.24,
2018-04-07,-6.21,-12.92,-0.77,
2018-04-08,-4.28,-7.53,-0.3,
2018-04-12,7.68,5.79,13.48,
2018-04-13,3.33,2.99,5.0,
2018-04-15,-4.98,-3.73,-3.71,
2018-04-16,-2.46,-4.03,-1.9,
2018-04-17,-0.12,-3.3,1.9,
2018-04-18,-2.21,-2.96,1.26,
2018-04-19,1.42,-4.9,8.7,
2018-04-20,2.47,-0.79,10.35,
2018-04-21,7.43,5.33,14.06,
2018-04-22,10.28,4.26,16.18,
2018-04-23,10.59,3.52,17.95,
2018-04-24,13.32,5.73,20.53,
2018-04-25,8.45,3.16,14.48,
2018-04-26,13.25,2.68,19.23,
2018-04-27,8.87,2.84,16.27,
2018-04-28,4.76,-0.19,13.94,
2018-05-02,14.33,11.72,17.7,
2018-05-03,15.85,11.14,20.0,
2018-05-04,14.93,11.92,21.75,
2018-05-05,22.27,13.46,25.12,
2018-05-06,14.54,9.06,20.5,
2018-05-07,19.27,10.34,25.91,
2018-05-11,5.49,1.91,10.34,
2018-05-12,9.04,5.7,15.2,
2018-05-13,10.49,5.22,13.34,
2018-05-15,20.53,13.51,25.5,
2018-05-16,19.54,11.2,27.98,
2018-05-17,20.21,14.04,27.5,
2018-05-18,19.58,10.29,27.31,
2018-05-19,17.49,12.63,23.83,
2018-05-20,14.28,8.54,14.29,
2018-05-21,12.01,11.96,14.95,
2018-05-23,19.22,12.73,25.56,
2018-05-24,23.72,17.63,29.16,
2018-05-25,23.61,17.88,29.51,
2018-05-26,23.69,17.06,32.73,
2018-05-27,28.69,21.42,33.27,
2018-05-28,27.85,19.6,32.85,
2018-05-29,26.48,18.22,34.35,
2018-06-01,22.11,18.17,27.82,
2018-06-02,15.43,10.72,18.96,
2018-06-03,16.23,11.6,18.77,
2018-06-04,18.97,10.43,27.31,
2018-06-05,20.9,16.5,25.62,
2018-06-06,21.75,13.55,25.97,
2018-06-07,20.75,16.54,27.49,
2018-06-08,17.48,13.5,22.8,
2018-06-09,20.78,15.42,26.48,
2018-06-11,19.46,16.49,23.99,
2018-06-13,20.19,16.68,24.29,
2018-06-14,18.94,13.56,23.99,
2018-06-15,24.71,18.63,31.49,
2018-06-16,25.32,20.76,32.07,
2018-06-17,26.26,24.4,33.82,
2018-06-18,25.85,19.74,28.33,
2018-06-19,17.99,15.19,18.65,
2018-06-20,18.56,18.22,23.53,
2018-06-21,15.01,14.14,18.27,
2018-06-22,17.88,16.72,26.96,
2018-06-23,20.15,16.55,24.68,
2018-06-24,21.47,15.16,25.57,
2018-06-25,22.1,15.01,24.37,
2018-06-26,20.79,16.57,23.67,
2018-06-28,24.27,16.24,28.79,
2018-07-01,23.54,15.99,28.34,
2018-07-02,22.92,16.67,28.5,
2018-07-03,24.03,18.34,30.29,
2018-07-04,23.23,21.04,31.95,
2018-07-05,24.53,19.64,28.05,
2018-07-06,19.43,12.23,26.19,
2018-07-07,19.44,12.4,26.16,
2018-07-08,22.14,13.44,28.07,
2018-07-09,22.96,16.56,29.1,
2018-07-10,22.1,19.34,27.58,
2018-07-12,23.49,20.39,31.66,
2018-07-13,24.29,20.22,28.36,
2018-07-14,23.35,19.14,25.62,
2018-07-15,25.26,19.89,30.02,
2018-07-16,23.65,20.27,25.43,
2018-07-17,21.38,16.63,25.38,
2018-07-18,19.79,14.12,28.58,
2018-07-19,20.2,15.96,22.66,
2018-07-20,18.37,19.19,21.33,
2018-07-21,18.79,18.65,24.55,
2018-07-22,21.32,17.2,25.14,
2018-07-24,23.47,15.82,25.06,
2018-07-25,20.85,15.7,26.53,
2018-07-26,17.73,15.66,20.21,
2018-07-27,18.0,12.81,22.26,
2018-07-28,19.15,11.89,26.07,
2018-07-29,20.15,12.02,25.27,
2018-08-02,17.98,12.84,18.56,
2018-08-03,20.51,12.22,27.36,
2018-08-04,25.15,19.95,27.11,
2018-08-05,23.22,18.6,26.81,
2018-08-06,21.01,19.31,25.09,
2018-08-07,19.9,16.71,22.62,
2018-08-08,22.57,15.42,26.46,
2018-08-09,25.58,21.1,30.04,
2018-08-10,24.03,17.29,28.26,
2018-08-11,22.7,18.63,29.02,
2018-08-12,23.93,17.15,30.52,
2018-08-13,24.31,17.6,28.67,
2018-08-14,22.71,15.87,28.45,
2018-08-15,24.41,18.77,29.07,
2018-08-16,21.81,18.65,29.89,
2018-08-17,22.85,19.87,27.78,
2018-08-18,21.91,20.1,26.7,
2018-08-20,22.31,18.48,22.09,
2018-08-24,16.92,16.22,18.85,
2018-08-25,21.4,17.03,27.63,
2018-08-26,21.51,19.6,25.3,
2018-08-27,25.14,21.34,30.01,
2018-08-28,21.42,15.86,27.13,
2018-09-01,22.43,19.07,26.54,
2018-09-02,18.9,19.75,22.87,
2018-09-05,20.49,15.4,22.8,
2018-09-06,18.65,11.74,21.61,
2018-09-11,18.73,11.57,25.92,
2018-09-12,21.49,15.25,27.49,
2018-09-13,20.55,12.61,27.77,
2018-09-14,23.17,17.71,30.51,
2018-09-15,25.52,17.1,30.19,
2018-09-21,13.29,6.97,18.47,
2018-09-22,10.52,2.92,17.63,
2018-09-23,17.41,8.08,21.88,
2018-09-24,16.24,9.67,24.67,
2018-09-26,9.57,5.96,17.64,
2018-10-01,9.07,7.04,9.94,
2018-10-03,19.35,11.66,28.29,
2018-10-04,7.23,2.81,15.31,
2018-10-05,8.25,7.17,11.07,
2018-10-07,8.54,5.7,7.38,
2018-10-10,15.49,4.82,20.61,
2018-10-11,3.04,1.82,6.67,
2018-10-12,1.24,0.7,5.1,
2018-10-13,2.54,-1.74,13.56,
2018-10-14,3.89,0.08,9.05,
2018-10-17,4.01,-0.71,9.43,
2018-10-19,10.53,7.65,13.49,
2018-10-20,4.39,-2.76,8.68,
2018-10-21,4.29,-4.9,10.67,
2018-10-22,10.15,0.36,14.95,
2018-10-24,5.35,0.71,10.01,
2018-10-27,6.38,6.18,10.29,
2018-10-28,5.99,6.05,9.3,
2018-10-29,7.41,2.19,10.86,
2018-11-03,4.07,1.39,6.86,
2018-11-04,5.97,2.91,9.9,
2018-11-06,3.08,-0.64,5.43,
2018-11-07,-0.65,-0.14,2.34,
2018-11-08,-3.35,-3.0,-1.5,
2018-11-09,-4.46,-9.8,-0.6,
2018-11-10,-7.21,-12.67,-3.79,
2018-11-11,-2.62,-3.62,0.9,
2018-11-12,-4.43,-10.02,-4.95,
2018-11-13,-9.59,-9.81,-5.12,
2018-11-14,-4.29,-10.16,1.48,
2018-11-15,-3.12,-4.93,3.4,
2018-11-17,-4.0,-9.0,-0.95,
2018-11-18,-7.26,-13.87,-1.05,
2018-11-21,-4.08,-3.78,-2.5,
2018-11-22,-0.42,-4.2,4.27,
2018-11-23,6.04,2.12,7.18,
2018-11-25,-1.84,-4.07,0.18,
2018-11-27,-8.05,-9.95,-7.98,
2018-12-02,0.71,-2.52,1.09,
2018-12-03,-3.86,-2.78,-0.78,
2018-12-05,-3.72,-6.74,1.25,
2018-12-06,-8.05,-11.13,-3.66,
2018-12-08,-7.26,-6.41,-3.75,
2018-12-09,-6.99,-10.92,-1.8,
2018-12-10,-7.73,-11.29,-3.94,
2018-12-11,-4.34,-12.76,0.8,
2018-12-12,-2.1,-3.25,-1.86,
2018-12-13,-3.51,-5.99,-1.29,
2018-12-15,0.45,-4.49,6.7,
2018-12-16,1.49,-3.38,4.51,
2018-12-17,-2.17,-3.57,0.17,
2018-12-19,4.15,1.26,6.83,
2018-12-21,-1.6,-3.93,-1.29,
2018-12-22,-2.6,-3.97,-2.5,
2018-12-23,-2.06,-4.02,1.16,
2018-12-24,-5.46,-8.52,-2.42,
2018-12-25,-3.32,-6.43,-0.52,
2018-12-26,-0.36,-2.03,2.86,
2018-12-29,-5.6,-9.04,-5.35,
2019-01-01,-7.79,-10.19,-5.47,
2019-01-02,-7.35,-8.8,-6.5,
2019-01-05,1.58,-3.55,7.43,
2019-01-06,-0.3,-5.68,3.62,
2019-01-09,-10.94,-12.11,-7.2,
2019-01-11,-4.1,-10.29,-1.38,
2019-01-12,-2.46,-1.37,-0.02,
2019-01-13,-3.47,-4.93,0.3,
2019-01-14,-3.41,-6.1,-2.55,
2019-01-15,-2.65,-3.12,0.97,
2019-01-16,-5.05,-7.23,-1.68,
2019-01-17,-4.98,-8.91,-3.62,
2019-01-18,-9.55,-11.83,-9.78,
2019-01-19,-13.93,-14.21,-8.72,
2019-01-20,-18.0,-21.4,-14.89,
2019-01-21,-17.53,-22.48,-9.03,
2019-01-22,-6.59,-11.05,-7.1,
2019-01-23,-10.2,-10.98,-5.9,
2019-01-24,-11.93,-22.14,-8.32,
2019-01-25,-20.87,-25.84,-16.57,
2019-01-27,-18.56,-24.45,-15.74,
2019-01-28,-12.93,-16.03,-9.03,
2019-01-29,-22.51,-29.97,-16.9,
2019-02-05,-9.27,-9.94,-3.8,
2019-02-06,-4.48,-7.24,-3.22,
2019-02-07,-6.52,-16.24,-4.65,
2019-02-08,-18.5,-21.59,-14.85,
2019-02-09,-14.85,-24.52,-9.37,
2019-02-10,-8.93,-13.14,-2.92,
2019-02-11,-4.26,-5.28,-2.04,
2019-02-12,-5.63,-10.55,-2.71,
2019-02-13,-8.8,-11.95,-5.01,
2019-02-14,-3.87,-11.79,4.48,
2019-02-15,-17.45,-20.53,-8.25,
2019-02-16,-12.18,-18.95,-3.02,
2019-02-17,-6.74,-9.12,-4.26,
2019-02-18,-7.51,-14.64,-3.89,
2019-02-19,-9.53,-16.71,-3.56,
2019-02-20,-2.82,-6.66,1.91,
2019-02-21,-9.28,-14.24,-3.11,
2019-02-22,-4.53,-12.55,1.19,
2019-02-23,-1.62,-1.85,1.76,
2019-02-24,-8.63,-17.62,-0.13,
2019-02-25,-18.28,-17.43,-13.37,
2019-03-02,-7.23,-12.39,-4.76,
2019-03-03,-18.57,-23.37,-12.03,
2019-03-05,-15.24,-18.73,-9.25,
2019-03-07,-12.52,-17.53,-6.29,
2019-03-08,-4.3,-11.65,5.22,
2019-03-09,-2.83,-3.04,2.9,
2019-03-11,-5.87,-9.73,0.38,
2019-03-12,-0.42,-7.93,5.1,
2019-03-16,-2.11,-5.93,1.9,
2019-03-17,-3.88,-3.51,0.67,
2019-03-18,1.36,-2.57,4.47,
2019-03-19,2.71,-1.07,8.03,
2019-03-20,0.6,-0.31,5.55,
2019-03-21,4.92,1.9,7.32,
2019-03-22,2.53,0.84,9.33,
2019-03-23,5.02,-4.42,13.73,
2019-03-24,6.3,2.2,11.62,
2019-03-25,1.5,-0.79,6.39,
2019-03-26,1.9,-2.96,9.54,
2019-03-27,9.2,3.87,15.33,
2019-03-28,7.29,1.2,11.32,
2019-04-01,2.91,-0.78,9.01,
2019-04-03,4.44,-2.33,12.21,
2019-04-04,1.25,2.49,6.5,
2019-04-05,8.15,2.68,15.24,
2019-04-06,12.77,8.38,20.55,
2019-04-07,12.87,12.2,14.1,
2019-04-09,10.45,3.65,14.86,
2019-04-10,-2.63,0.33,3.1,
2019-04-13,0.44,-0.42,2.24,
2019-04-14,2.8,0.0,7.24,
2019-04-15,5.98,-2.78,13.4,
2019-04-16,10.31,6.34,17.86,
2019-04-17,11.31,10.18,15.64,
2019-04-19,8.77,2.11,15.0,
2019-04-20,11.79,4.61,20.34,
2019-04-21,20.33,10.01,27.55,
2019-04-22,18.29,7.52,21.59,
2019-04-23,12.77,4.65,17.03,
2019-04-24,13.47,5.69,20.21,
2019-04-25,10.85,6.83,12.52,
2019-04-27,2.22,0.12,4.83,
2019-05-03,9.31,6.16,13.5,
2019-05-04,12.58,4.77,19.86,
2019-05-05,14.42,9.58,22.4,
2019-05-07,10.56,6.85,16.25,
2019-05-08,6.09,4.46,7.96,
2019-05-10,9.31,0.28,14.72,
2019-05-11,10.99,5.69,13.87,
2019-05-12,10.9,1.45,14.12,
2019-05-13,12.5,4.19,16.41,
2019-05-14,14.01,7.95,20.91,
2019-05-16,18.57,15.56,24.56,
2019-05-17,14.04,10.39,17.94,
2019-05-20,6.56,1.59,14.64,
2019-05-21,10.23,6.3,10.73,
2019-05-23,15.55,9.9,18.8,
2019-05-24,15.16,10.09,22.64,
2019-05-26,16.05,10.49,23.72,
2019-06-02,16.03,9.24,22.14,
2019-06-03,15.82,8.04,22.21,
2019-06-04,17.92,14.42,25.63,
2019-06-07,21.89,15.96,28.07,
2019-06-08,22.02,15.03,28.14,
2019-06-10,18.33,12.72,23.25,
2019-06-11,16.51,10.15,20.77,
2019-06-14,17.62,11.92,24.65,
2019-06-15,19.11,10.32,26.26,
2019-06-16,12.09,8.32,15.71,
2019-06-17,16.18,15.72,24.74,
2019-06-18,18.69,15.91,22.41,
2019-06-21,16.82,14.96,21.56,
2019-06-23,17.96,17.81,21.33,
2019-07-04,25.88,19.27,30.66,
2019-07-05,25.09,21.43,29.22,
2019-07-06,22.64,17.82,25.06,
2019-07-07,21.49,15.07,26.22,
2019-07-08,22.28,15.1,28.24,
2019-07-10,24.19,20.4,27.89,
2019-07-12,22.54,13.49,30.23,
2019-07-14,24.1,17.4,32.23,
2019-07-18,25.03,19.84,30.11,
2019-07-19,27.72,22.17,33.28,
2019-07-20,23.81,18.5,28.25,
2019-07-22,19.25,14.99,22.45,
2019-07-23,19.44,14.54,25.48,
2019-07-24,21.05,14.6,26.27,
2019-07-26,22.79,21.36,26.37,
2019-07-27,26.26,19.61,28.9,
2019-07-28,22.2,17.83,28.23,
2019-07-29,20.6,18.74,24.78,
2019-08-02,22.27,16.5,26.87,
2019-08-04,22.57,17.98,28.29,
2019-08-08,20.11,15.76,22.71,
2019-08-10,17.94,16.82,21.8,
2019-08-14,19.12,15.18,20.82,
2019-08-16,18.83,17.52,23.41,
2019-08-17,20.96,15.96,27.66,
2019-08-18,19.69,15.71,24.63,
2019-08-20,21.87,15.35,27.52,
2019-08-22,17.92,10.14,22.56,
2019-08-23,18.57,15.56,21.6,
2019-08-24,16.59,11.63,21.73,
2019-08-25,16.56,10.63,19.34,
2019-08-26,15.23,15.48,21.75,
2019-08-28,16.59,9.19,19.7,
2019-09-03,21.38,16.9,23.89,
2019-09-04,13.98,10.6,19.89,
2019-09-06,17.95,14.04,20.48,
2019-09-08,12.32,12.14,14.92,
2019-09-10,21.88,17.6,27.76,
2019-09-14,16.58,10.84,22.34,
2019-09-15,21.41,17.37,25.04,
2019-09-18,19.61,17.0,26.94,
2019-09-21,20.91,20.59,20.45,
2019-09-25,18.73,11.09,21.21,
2019-09-26,14.29,5.8,20.79,
2019-09-27,15.15,13.92,19.43,
2019-09-28,10.94,9.39,17.33,
2019-10-01,17.7,16.17,24.43,
2019-10-02,10.8,9.41,15.22,
2019-10-06,11.08,8.14,18.83,
2019-10-08,13.37,7.47,19.11,
2019-10-09,14.4,9.07,20.89,
2019-10-11,7.77,4.14,17.96,
2019-10-12,1.62,-0.46,6.79,
2019-10-13,0.65,1.0,3.55,
2019-10-14,3.05,-1.1,8.68,
2019-10-18,8.27,4.5,16.13,
2019-10-21,10.38,7.79,16.43,
2019-10-24,3.28,0.24,6.45,
2019-11-02,2.91,-2.46,1.64,
2019-11-03,2.41,1.49,6.67,
2019-11-04,4.69,-0.81,6.41,
2019-11-07,-10.22,-14.06,-5.42,
2019-11-08,-6.62,-14.39,-0.48,
2019-11-09,0.1,-2.92,3.87,
2019-11-10,-0.88,-5.0,3.01,
2019-11-11,-8.38,-12.99,-5.28,
2019-11-12,-13.61,-16.44,-8.75,
2019-11-14,-4.81,-4.72,-2.2,
2019-11-15,-1.84,-6.21,2.87,
2019-11-16,1.26,-3.39,3.35,
2019-11-17,-0.64,-1.19,1.57,
2019-11-18,-0.67,-1.26,0.07,
2019-12-01,0.83,-1.87,1.13,
2019-12-02,-3.76,-6.9,0.38,
2019-12-03,-1.02,-3.02,2.74,
2019-12-04,-1.74,-1.87,2.77,
2019-12-05,-0.77,-3.82,4.97,
2019-12-06,-1.98,-5.75,0.73,
2019-12-07,-0.99,-4.17,2.34,
2019-12-08,1.25,1.17,4.76,
2019-12-10,-14.71,-18.43,-9.42,
2019-12-12,-3.9,-10.98,0.66,
2019-12-13,-5.88,-5.62,-2.05,
2019-12-14,-6.75,-10.29,-3.28,
2019-12-15,-12.8,-17.17,-8.2,
2019-12-16,-6.25,-10.6,-4.93,
2019-12-17,-6.63,-11.3,-3.09,
2019-12-18,-12.79,-18.52,-7.7,
2019-12-19,-5.55,-12.11,-2.15,
2019-12-20,-1.58,-4.6,4.19,
2019-12-21,1.86,-5.68,7.31,
2019-12-23,3.63,-2.14,3.55,
2019-12-24,2.84,1.17,4.75,
2019-12-25,5.26,1.34,9.54,
2019-12-26,2.44,0.66,5.63,
2019-12-27,-2.19,-2.79,1.1,
2019-12-28,2.44,-4.07,0.18,
2019-12-29,7.04,2.17,9.27,
2020-01-01,-2.41,-11.26,4.63,
2020-01-02,1.4,-0.07,4.58,
2020-01-03,-1.73,-3.75,-0.16,
2020-01-04,-3.98,-5.14,-1.34,
2020-01-06,0.05,-7.01,3.18,
2020-01-07,-3.53,-9.2,-2.29,
2020-01-08,-11.55,-15.71,-8.12,
2020-01-10,-3.62,-7.22,-0.53,
2020-01-12,-8.24,-12.99,-4.61,
2020-01-13,-4.41,-4.3,-3.76,
2020-01-14,-2.02,-9.66,-0.91,
2020-01-15,-8.21,-12.54,-1.24,
2020-01-16,-16.47,-18.92,-14.35,
2020-01-17,-9.87,-20.67,-4.01,
2020-01-18,-8.14,-18.32,-1.48,
2020-01-19,-14.78,-19.27,-8.95,
2020-01-20,-7.92,-14.2,-4.75,
2020-01-21,-8.64,-15.28,-8.42,
2020-01-22,-3.72,-7.86,-1.3,
2020-01-23,-2.25,-3.91,-0.75,
2020-01-24,-0.74,-3.01,0.66,
2020-01-25,-1.45,-1.84,0.11,
2020-01-26,-3.55,-2.43,-0.1,
2020-01-28,-6.56,-6.92,-3.48,
2020-01-29,-6.15,-6.49,-3.71,
2020-01-30,-3.49,-7.48,-2.01,
2020-01-31,-1.99,-2.21,0.08,
2020-02-01,0.04,-0.49,3.37,
2020-02-02,2.8,-0.24,8.6,
2020-02-03,-1.12,-4.67,1.88,
2020-02-04,-4.95,-10.22,-2.64,
2020-02-05,-8.19,-11.19,-2.33,
2020-02-06,-5.66,-9.84,-3.59,
2020-02-07,-3.95,-8.06,-0.83,
2020-02-08,-5.95,-10.17,-3.72,
2020-02-09,-8.31,-11.77,-5.13,
2020-02-10,-8.88,-15.26,-1.93,
2020-02-11,-6.61,-10.6,-2.2,
2020-02-12,-2.25,-6.29,1.63,
2020-02-13,-15.95,-23.1,-8.57,
2020-02-15,-4.28,-12.95,-0.6,
2020-02-16,-5.39,-8.37,-2.23,
2020-02-18,-3.52,-11.45,-1.95,
2020-02-19,-13.89,-16.65,-9.83,
2020-02-20,-18.05,-23.1,-10.16,
2020-02-21,-5.05,-17.37,0.39,
2020-02-22,0.0,-4.4,5.84,
2020-02-23,2.52,-1.91,9.5,
2020-02-24,0.17,-5.78,0.53,
2020-02-25,-0.73,-0.85,2.7,
2020-02-26,-3.72,-6.97,-2.85,
2020-02-27,-5.45,-8.87,-3.21,
2020-02-28,-8.31,-11.21,-5.53,
2020-02-29,-5.86,-12.57,0.86,
2020-03-01,4.35,-1.24,7.38,
2020-03-02,0.19,-4.64,3.58,
2020-03-03,0.69,-2.45,4.12,
2020-03-04,-1.04,-3.67,4.14,
2020-03-05,0.89,-2.59,4.57,
2020-03-06,-0.28,-6.79,2.43,
2020-03-07,3.69,-3.9,11.38,
2020-03-09,6.64,0.95,10.59,
2020-03-10,2.88,-2.8,7.51,
2020-03-12,5.66,1.49,8.63,
2020-03-13,0.02,-3.57,4.11,
2020-03-14,-0.38,-0.1,0.09,
2020-03-15,-0.45,-5.73,3.36,
2020-03-16,-0.4,-1.99,1.18,
2020-03-18,1.64,-1.54,2.95,
2020-03-20,-2.18,-3.03,1.82,
2020-03-21,-3.31,-9.05,2.11,
2020-03-22,0.26,-3.1,4.56,
2020-03-24,4.74,4.98,8.79,
2020-03-25,4.98,3.35,8.5,
2020-03-26,5.62,2.06,8.34,
2020-03-27,6.24,1.72,13.93,
2020-03-28,5.61,2.56,8.03,
2020-03-29,6.11,1.85,8.49,
2020-03-30,5.92,1.98,13.63,
2020-03-31,3.12,-1.33,5.72,
2020-04-01,7.37,-0.94,11.82,
2020-04-02,10.23,3.51,16.89,
2020-04-03,7.03,-1.65,12.56,
2020-04-04,0.39,-5.31,5.54,
2020-04-05,5.59,-1.32,12.92,
2020-04-06,9.01,3.13,10.13,
2020-04-07,14.55,7.5,18.39,
2020-04-08,7.66,5.81,10.18,
2020-04-09,3.03,-2.04,5.3,
2020-04-10,2.88,-1.94,9.49,
2020-04-11,7.99,2.01,13.67,
2020-04-12,3.28,-0.74,5.69,
2020-04-13,0.01,-2.42,1.22,
2020-04-14,-4.1,-3.89,-0.25,
2020-04-15,-2.74,-9.26,1.22,
2020-04-16,-2.53,-6.09,4.06,
2020-04-17,3.37,-0.35,6.39,
2020-04-18,9.17,-0.93,17.64,
2020-04-19,9.55,3.77,13.84,
2020-04-20,7.51,-1.14,15.14,
2020-04-21,3.39,-3.32,7.79,
2020-04-22,9.58,6.09,22.82,
2020-04-23,6.65,3.13,9.01,
2020-04-24,10.36,4.71,13.02,
2020-04-25,12.45,4.27,16.6,
2020-04-26,13.05,5.75,21.4,
2020-04-27,14.14,9.03,19.68,
2020-04-28,14.24,9.09,19.54,
2020-04-29,8.27,5.19,11.77,
2020-04-30,12.1,2.71,19.44,
2020-05-01,12.9,6.03,22.34,
2020-05-02,18.08,11.52,23.07,
2020-05-03,14.46,10.73,21.73,
2020-05-04,8.43,0.59,13.95,
2020-05-05,5.85,2.08,10.34,
2020-05-06,11.26,4.19,18.13,
2020-05-07,7.81,4.3,15.86,
2020-05-08,4.13,-0.54,7.88,
2020-05-09,7.44,-1.35,15.73,
2020-05-10,5.4,0.85,6.44,
2020-05-11,7.3,1.01,10.65,
2020-05-12,9.04,3.26,13.68,
2020-05-13,11.77,3.79,17.27,
2020-05-14,13.27,10.37,17.79,
2020-05-15,14.11,9.76,22.33,
2020-05-16,15.6,9.06,22.9,
2020-05-17,11.37,9.35,16.53,
2020-05-18,12.25,8.25,10.01,
2020-05-19,10.86,7.67,15.44,
2020-05-20,17.67,10.06,22.64,
2020-05-21,14.69,10.8,21.15,
2020-05-22,17.16,13.11,20.46,
2020-05-23,16.37,13.48,20.6,
2020-05-24,21.21,15.75,24.99,
2020-05-25,22.16,19.33,28.34,
2020-05-26,24.33,20.26,29.93,
2020-05-27,21.04,20.55,26.24,
2020-05-30,14.65,10.8,19.85,
2020-05-31,14.99,3.86,22.15,
2020-06-01,19.28,14.13,27.35,
2020-06-02,26.2,16.7,32.75,
2020-06-03,23.65,17.23,30.03,
2020-06-04,23.68,14.01,28.73,
2020-06-05,22.87,18.24,27.2,
2020-06-06,19.56,14.59,26.09,
2020-06-07,19.98,12.38,29.15,
2020-06-08,25.46,18.91,31.67,
2020-06-09,21.39,18.5,24.59,
2020-06-10,16.55,12.86,19.62,
2020-06-11,17.27,13.34,25.57,
2020-06-12,18.16,14.15,25.93,
2020-06-13,15.0,7.36,19.42,
2020-06-14,14.03,7.66,22.56,
2020-06-15,17.9,12.57,25.05,
2020-06-16,20.81,14.89,25.0,
2020-06-17,24.23,15.61,29.61,
2020-06-18,21.62,18.56,28.43,
2020-06-19,21.34,16.67,26.04,
2020-06-20,20.91,17.24,22.76,
2020-06-21,20.58,11.91,26.47,
2020-06-22,16.71,17.15,20.84,
2020-06-23,16.65,13.48,21.88,
2020-06-24,15.45,11.22,22.82,
2020-06-25,21.5,11.4,26.86,
2020-06-26,20.6,16.75,24.86,
2020-06-27,23.4,15.26,29.3,
2020-06-28,21.89,19.41,29.2,
2020-06-29,21.04,22.49,25.77,
2020-06-30,24.75,18.41,29.96,
2020-07-01,25.21,19.79,29.6,
2020-07-02,23.9,19.53,31.48,
2020-07-03,23.01,18.28,30.58,
2020-07-04,24.72,19.32,29.0,
2020-07-05,24.82,21.11,30.68,
2020-07-06,27.21,21.77,30.98,
2020-07-07,23.16,19.83,32.1,
2020-07-08,25.68,19.43,31.67,
2020-07-09,23.58,17.63,28.89,
2020-07-10,23.41,19.11,24.94,
2020-07-11,21.4,17.74,28.0,
2020-07-12,21.76,16.52,25.72,
2020-07-13,22.53,17.06,27.91,
2020-07-14,22.16,20.22,27.04,
2020-07-15,18.57,15.03,21.04,
2020-07-16,18.81,12.1,25.99,
2020-07-17,23.28,16.75,27.88,
2020-07-18,24.58,22.27,28.82,
2020-07-19,24.61,18.73,27.74,
2020-07-20,19.57,16.76,23.63,
2020-07-21,20.57,16.0,26.19,
2020-07-22,19.51,14.52,19.23,
2020-07-23,19.11,13.08,23.63,
2020-07-24,21.2,15.32,29.1,
2020-07-25,26.4,20.31,31.91,
2020-07-26,25.91,22.35,28.66,
2020-07-27,23.78,20.12,26.34,
2020-07-28,23.81,15.05,28.0,
2020-07-29,22.27,16.63,27.53,
2020-07-30,20.29,16.14,26.61,
2020-07-31,20.62,15.12,25.68,
2020-08-01,20.19,16.16,26.33,
2020-08-02,18.14,15.85,22.51,
2020-08-03,15.65,11.26,19.33,
2020-08-04,16.3,9.05,21.28,
2020-08-05,18.13,13.82,22.33,
2020-08-06,19.0,11.81,26.04,
2020-08-07,20.1,14.55,24.58,
2020-08-08,25.04,19.54,30.06,
2020-08-09,22.38,22.35,27.64,
2020-08-10,23.17,15.38,23.08,
2020-08-11,21.61,12.32,25.97,
2020-08-12,21.64,14.02,27.14,
2020-08-13,21.8,17.54,29.22,
2020-08-14,23.28,17.1,28.11,
2020-08-15,18.75,12.81,22.15,
2020-08-16,19.39,15.27,29.36,
2020-08-17,21.2,16.74,24.56,
2020-08-18,17.04,11.47,24.7,
2020-08-19,17.23,12.79,27.78,
2020-08-20,20.34,14.15,24.88,
2020-08-21,21.48,16.29,26.47,
2020-08-22,23.53,17.8,26.08,
2020-08-23,23.96,17.04,31.37,
2020-08-24,23.9,19.67,30.89,
2020-08-25,28.3,21.19,32.02,
2020-08-26,24.71,22.14,32.79,
2020-08-27,26.64,20.32,33.0,
2020-08-28,20.61,19.55,30.47,
2020-08-29,17.26,14.79,26.09,
2020-08-30,17.59,11.97,23.24,
2020-08-31,16.36,11.63,20.77,
2020-09-01,16.67,9.15,21.15,
2020-09-02,19.11,12.32,25.72,
2020-09-03,17.86,11.43,20.32,
2020-09-04,14.89,8.42,21.2,
2020-09-05,15.48,10.5,22.89,
2020-09-06,19.91,13.34,23.57,
2020-09-07,12.05,9.53,19.01,
2020-09-08,8.07,5.87,9.88,
2020-09-09,6.92,7.76,8.13,
2020-09-10,10.85,6.92,11.65,
2020-09-11,11.4,7.69,13.48,
2020-09-12,16.53,15.14,17.37,
2020-09-13,13.57,11.42,20.12,
2020-09-14,16.17,10.46,21.61,
2020-09-15,19.96,12.86,26.23,
2020-09-16,16.64,12.61,22.27,
2020-09-17,12.09,9.48,16.96,
2020-09-18,8.05,5.8,16.37,
2020-09-19,11.75,3.19,17.64,
2020-09-20,14.81,8.12,18.35,
2020-09-21,15.36,9.59,22.03,
2020-09-22,20.65,13.1,24.64,
2020-09-23,19.74,12.76,24.67,
2020-09-24,16.02,14.51,19.59,
2020-09-25,20.55,17.15,24.69,
2020-09-26,20.12,17.3,24.35,
2020-09-27,14.6,12.02,20.66,
2020-09-28,7.94,8.27,10.57,
2020-09-29,11.72,4.77,14.38,
2020-09-30,10.36,6.89,16.64,
2020-10-01,8.18,5.01,10.66,
2020-10-02,3.82,0.82,7.94,
2020-10-03,6.44,2.8,7.69,
2020-10-04,1.77,0.28,11.77,
2020-10-05,9.17,2.77,17.45,
2020-10-06,16.53,8.06,23.56,
2020-10-07,13.33,6.98,20.45,
2020-10-08,10.74,2.14,20.42,
2020-10-09,18.67,10.56,25.98,
2020-10-10,14.48,9.69,21.96,
2020-10-12,15.04,7.27,18.52,
2020-10-13,12.21,5.39,16.25,
2020-10-14,11.38,7.19,16.49,
2020-10-15,6.3,2.66,9.17,
2020-10-16,4.47,0.14,6.6,
2020-10-17,8.14,2.58,17.23,
2020-10-18,1.75,-0.61,8.17,
2020-10-20,2.0,-1.27,5.89,
2020-10-21,4.02,0.24,4.19,
2020-10-22,3.23,1.6,3.82,
2020-10-23,2.04,0.37,3.95,
2020-10-24,0.87,-1.55,1.69,
2020-10-25,-1.18,-2.5,0.59,
2020-10-26,-2.34,-4.31,-0.23,
2020-10-27,-3.46,-6.12,1.24,
2020-10-29,2.78,-0.19,5.95,
2020-10-30,0.23,-3.16,6.85,
2020-10-31,6.75,-2.11,15.25,
2020-11-01,-0.05,-3.66,2.26,
2020-11-03,11.8,4.39,22.37,
2020-11-04,14.16,6.82,20.05,
2020-11-05,14.05,7.94,23.54,
2020-11-06,14.81,9.0,21.84,
2020-11-07,14.9,13.5,21.08,
2020-11-08,16.51,12.52,20.66,
2020-11-09,18.69,9.0,20.2,
2020-11-11,0.78,-2.77,6.29,
2020-11-13,-1.32,-7.28,-0.71,
2020-11-14,0.41,-3.66,6.52,
2020-11-15,1.17,-4.17,8.81,
2020-11-16,0.35,-3.9,4.39,
2020-11-17,-0.42,-6.39,3.86,
2020-11-18,5.45,-0.19,10.54,
2020-11-19,10.27,5.79,15.46,
2020-11-20,5.25,0.72,8.28,
2020-11-21,-0.09,-4.77,5.76,
2020-11-22,0.38,-3.31,6.35,
2020-11-23,-1.46,-2.41,3.48,
2020-11-24,-0.13,-0.45,0.38,
2020-11-25,1.08,4.16,0.04,
2020-11-26,0.8,0.73,3.82,
2020-11-27,-0.82,-4.33,3.34,
2020-11-28,2.36,-4.68,10.28,
2020-11-29,-0.26,-3.84,4.1,
2020-11-30,-3.9,-9.56,-0.6,
2020-12-01,-3.75,-12.24,-0.59,
2020-12-02,-0.36,-5.37,5.04,
2020-12-03,1.57,-3.41,4.5,
2020-12-04,0.65,-4.01,5.95,
2020-12-05,-1.31,-5.49,0.93,
2020-12-06,-0.68,-6.59,1.86,
2020-12-07,-1.08,-2.36,0.32,
2020-12-08,-1.4,-2.91,0.07,
2020-12-09,0.88,-2.97,10.8,
2020-12-10,5.82,-1.09,9.69,
2020-12-11,2.07,-0.11,2.75,
2020-12-12,-0.01,-5.69,-0.38,
2020-12-13,-5.2,-8.01,-2.77,
2020-12-14,-5.14,-9.22,-4.31,
2020-12-15,-8.05,-10.6,-5.5,
2020-12-16,-6.22,-9.33,-1.91,
2020-12-17,-3.15,-6.02,-0.58,
2020-12-18,-2.43,-6.19,-0.44,
2020-12-19,0.9,-0.92,2.23,
2020-12-20,-2.99,-8.23,-0.67,
2020-12-21,1.12,-2.75,2.8,
2020-12-23,2.58,-11.42,9.9,
2020-12-24,-13.44,-18.16,-8.99,
2020-12-25,-14.3,-19.62,-6.79,
2020-12-26,-8.79,-12.92,-2.77,
2020-12-27,-3.82,-8.18,-2.73,
2020-12-28,-9.31,-10.85,-3.57,
2020-12-29,-9.46,-14.09,-5.99,
2020-12-30,-4.21,-5.75,-1.18,
2020-12-31,-7.83,-9.65,-6.32,
2021-01-01,-6.56,-7.87,-4.17,
2021-01-02,-5.84,-8.94,-4.66,0.0
2021-01-03,-4.81,-6.64,-5.17,0.0
2021-01-04,-6.24,-8.35,-1.66,0.0
2021-01-05,-3.29,-8.85,0.92,0.0
2021-01-06,-3.15,-9.58,-3.79,0.0
2021-01-07,-3.49,-4.21,-1.55,0.0
2021-01-08,-4.33,-7.24,-3.86,0.0
2021-01-09,-4.34,-7.24,-3.33,0.0
2021-01-10,-6.81,-8.53,-4.83,0.39
2021-01-11,-3.43,-6.24,-0.35,0.0
2021-01-12,-2.67,-7.5,2.53,0.0
2021-01-13,0.87,-3.08,1.63,0.0
2021-01-14,0.74,-1.16,1.57,12.81
2021-01-15,0.0,-1.02,0.09,2.17
2021-01-16,-0.9,-3.93,-0.67,1.27
2021-01-17,-1.33,-3.25,-1.78,0.76
2021-01-18,-6.07,-8.34,-4.85,0.0
2021-01-19,-7.56,-13.8,-4.15,0.44
2021-01-20,-10.69,-18.05,1.39,0.0
2021-01-21,-1.34,-9.84,4.08,0.0
2021-01-22,-13.21,-16.97,-9.27,0.0
2021-01-23,-12.64,-19.87,-7.28,3.22
2021-01-24,-7.07,-8.6,-2.13,1.24
2021-01-25,-8.91,-12.88,-5.89,0.03
2021-01-26,-9.28,-10.82,-5.15,1.88
2021-01-27,-9.96,-14.77,-7.1,0.0
2021-01-28,-11.45,-17.39,-7.67,0.0
2021-01-29,-7.67,-10.71,-5.05,0.0
2021-01-30,-0.54,-4.32,-0.32,4.99
2021-01-31,-1.27,-4.36,-0.14,4.41
2021-02-01,-1.0,-5.38,-1.37,0.0
2021-02-02,-4.42,-8.26,-0.97,0.0
2021-02-03,-5.45,-9.17,-1.92,0.0
2021-02-04,-2.57,-11.43,1.34,11.89
2021-02-05,-15.29,-16.09,-12.26,0.0
2021-02-06,-18.5,-23.31,-16.35,0.0
2021-02-07,-25.26,-30.94,-18.54,0.0
2021-02-08,-19.99,-26.49,-15.07,1.23
2021-02-09,-20.4,-26.06,-13.0,0.0
2021-02-10,-18.66,-21.93,-11.39,0.0
2021-02-11,-19.11,-25.0,-17.58,0.85
2021-02-12,-19.9,-21.35,-17.8,2.18
2021-02-13,-20.91,-23.79,-18.57,1.41
2021-02-14,-22.91,-25.89,-20.34,0.0
2021-02-15,-20.31,-25.76,-16.36,0.0
2021-02-16,-15.95,-26.55,-10.25,0.0
2021-02-17,-14.05,-18.41,-10.26,0.0
2021-02-18,-9.92,-13.0,-5.78,0.0
2021-02-19,-12.66,-16.69,-8.2,0.0
2021-02-20,-10.37,-19.72,-4.44,0.0
2021-02-21,-4.63,-7.46,-3.3,5.28
2021-02-22,-0.76,-5.36,4.01,0.29
2021-02-23,1.83,0.45,7.91,0.4
2021-02-24,0.92,-2.29,3.08,0.0
2021-02-25,-0.65,-6.0,1.44,0.0
2021-02-26,0.42,-7.3,3.56,1.54
2021-02-27,2.11,-3.02,6.94,0.0
2021-02-28,1.65,-6.63,2.02,5.59
2021-03-01,-6.16,-7.8,-3.4,0.26
2021-03-02,-0.05,-8.9,3.97,0.0
2021-03-03,4.1,-1.85,9.13,0.0
2021-03-04,1.44,-2.15,6.48,0.0
2021-03-05,0.6,-3.32,3.78,0.0
2021-03-06,3.21,-3.65,7.59,0.0
2021-03-07,4.05,-1.28,9.92,0.0
2021-03-08,9.5,3.66,12.41,0.0
2021-03-09,11.25,4.03,18.18,0.0
2021-03-10,13.42,9.18,14.94,15.56
2021-03-11,1.46,2.41,8.99,0.0
2021-03-12,2.6,-0.06,6.85,0.0
2021-03-13,6.8,1.66,13.59,0.0
2021-03-15,-1.66,-1.16,-1.42,7.14
2021-03-16,-0.94,-2.01,1.17,0.0
2021-03-17,-0.21,-1.41,2.03,0.66
2021-03-18,4.15,1.05,11.5,0.0
2021-03-19,2.01,-5.24,10.51,0.0
2021-03-20,2.51,0.9,14.33,0.0
2021-03-21,10.39,4.71,18.44,0.0
2021-03-22,10.98,8.12,14.42,1.08
2021-03-23,10.94,5.83,14.56,6.06
2021-03-24,8.96,4.21,11.84,9.69
2021-03-25,5.01,-0.37,6.34,2.15
2021-03-26,3.77,0.43,10.81,0.0
2021-03-27,4.26,2.76,5.51,7.05
2021-03-28,2.67,-0.77,6.32,0.16
2021-03-29,9.01,-0.86,19.76,0.0
2021-03-30,6.16,1.14,12.08,0.06
2021-03-31,-1.15,-2.83,2.04,0.0
2021-04-01,-1.05,-7.45,4.35,0.0
2021-04-02,2.97,-1.85,11.26,0.0
2021-04-03,11.68,5.06,22.74,0.0
2021-04-04,16.37,7.98,24.31,0.0
2021-04-05,16.93,12.37,25.63,0.0
2021-04-06,19.57,13.17,26.54,5.35
2021-04-07,18.77,13.6,21.85,1.35
2021-04-08,14.2,9.75,15.54,4.62
2021-04-09,10.19,7.27,13.88,5.1
2021-04-10,7.97,6.94,10.8,12.13
2021-04-11,6.48,7.56,7.98,4.69
2021-04-12,6.59,2.74,7.22,1.7
2021-04-13,3.13,1.97,7.15,0.9
2021-04-14,0.99,-0.95,4.23,0.0
2021-04-15,4.78,-0.32,9.25,0.0
2021-04-16,9.49,0.03,14.73,0.0
2021-04-17,8.39,2.06,14.39,0.0
2021-04-18,10.46,5.17,14.79,0.0
2021-04-19,1.56,-1.15,10.12,1.48
2021-04-20,1.94,-1.69,4.09,0.54
2021-04-21,2.46,-1.78,5.49,0.0
2021-04-22,7.99,-1.14,18.24,0.0
2021-04-23,7.98,6.32,14.78,0.77
2021-04-24,7.06,2.67,9.48,3.55
2021-04-25,3.43,-1.8,9.86,0.0
2021-04-26,9.78,1.02,17.0,0.52
2021-04-27,14.65,5.87,22.43,38.61
2021-04-28,9.76,6.22,14.35,3.4
2021-04-29,14.31,6.98,21.03,2.74
2021-04-30,11.77,8.31,14.4,0.0
2021-05-01,18.47,10.01,30.84,1.04
2021-05-02,19.89,15.2,25.8,10.69
2021-05-03,15.98,12.62,17.4,15.61
2021-05-04,9.83,6.26,16.47,0.0
2021-05-05,11.88,4.63,14.11,1.79
2021-05-06,9.34,3.37,14.09,6.4
2021-05-07,6.06,2.05,12.79,0.0
2021-05-08,6.93,0.57,12.95,0.0
2021-05-09,10.28,2.49,15.51,0.0
2021-05-10,8.24,4.8,11.45,0.0
2021-05-11,7.65,1.21,14.73,0.0
2021-05-12,11.9,2.97,16.22,0.0
2021-05-13,13.54,6.6,18.56,0.0
2021-05-14,14.41,8.08,19.99,2.42
2021-05-15,13.14,10.55,15.39,0.65
2021-05-16,15.88,10.9,22.09,0.0
2021-05-17,16.41,10.4,24.55,0.0
2021-05-18,16.72,11.88,22.27,8.39
2021-05-19,18.25,16.72,20.02,7.94
2021-05-20,17.95,19.8,22.48,10.35
2021-05-21,21.77,20.07,21.76,7.41
2021-05-22,21.66,18.37,24.83,0.13
2021-05-23,21.39,18.85,24.64,18.99
2021-05-24,21.88,19.06,26.55,17.12
2021-05-25,20.22,16.16,25.92,7.6
2021-05-26,16.9,12.77,18.75,0.0
2021-05-27,6.46,1.97,11.85,14.94
2021-05-28,7.11,1.41,11.46,1.04
2021-05-29,8.87,3.81,15.89,0.0
2021-05-30,12.35,8.19,16.05,1.87
2021-05-31,16.04,12.59,23.39,2.26
2021-06-01,18.52,10.56,25.1,0.0
2021-06-02,21.83,12.63,26.29,0.0
2021-06-03,22.18,17.08,28.96,0.0
2021-06-04,25.99,20.7,33.15,0.0
2021-06-05,27.48,20.47,33.69,0.0
2021-06-06,23.24,20.13,31.11,0.0
2021-06-07,24.9,17.87,31.25,0.1
2021-06-08,25.06,17.83,32.65,0.0
2021-06-09,26.09,19.61,32.48,0.35
2021-06-10,28.07,20.91,32.43,0.0
2021-06-11,26.66,20.17,32.76,4.42
2021-06-12,23.07,19.31,27.09,3.66
2021-06-13,21.93,14.22,32.32,0.0
2021-06-14,19.69,13.74,27.08,0.0
2021-06-15,20.66,15.76,26.57,0.0
2021-06-16,20.25,14.58,27.35,0.0
2021-06-17,22.45,18.31,32.05,35.51
2021-06-18,25.2,19.88,30.58,2.53
2021-06-19,22.29,18.33,25.26,0.55
2021-06-20,19.08,15.37,23.53,8.54
2021-06-21,15.16,13.25,19.51,1.09
2021-06-22,16.91,9.92,20.66,0.0
2021-06-23,20.91,13.68,26.78,0.0
2021-06-24,21.9,20.03,27.33,8.61
2021-06-25,23.22,21.95,27.16,0.0
2021-06-26,21.16,20.73,22.87,13.48
2021-06-27,22.46,14.7,25.43,0.53
2021-06-28,21.92,18.48,26.37,0.0
2021-06-29,21.1,20.4,23.84,6.97
2021-06-30,20.6,18.55,24.75,0.15
2021-07-01,23.03,18.12,28.09,0.0
2021-07-02,19.35,12.84,25.28,0.0
2021-07-03,23.63,16.51,27.69,0.0
2021-07-04,25.62,17.41,29.28,0.0
2021-07-05,26.1,22.99,29.66,1.95
2021-07-06,23.41,21.07,28.96,0.0
2021-07-07,18.32,16.19,20.47,24.09
2021-07-08,17.18,13.89,19.76,0.0
2021-07-09,18.03,14.72,22.04,0.0
2021-07-10,18.63,12.98,22.76,0.0
2021-07-11,19.66,11.16,27.07,0.0
2021-07-12,19.27,15.76,23.92,0.58
2021-07-13,21.17,16.04,27.03,0.0
2021-07-14,18.57,18.3,23.23,97.46
2021-07-15,17.62,18.76,22.82,1.52
2021-07-16,19.72,16.03,26.34,0.3
2021-07-17,19.76,15.43,26.15,0.0
2021-07-18,21.7,15.15,26.08,0.0
2021-07-19,22.58,14.53,25.96,0.0
2021-07-20,24.66,17.08,28.97,0.0
2021-07-21,20.41,18.16,22.37,0.0
2021-07-22,23.5,19.56,28.91,0.67
2021-07-23,24.52,21.08,29.82,0.0
2021-07-24,24.1,23.34,29.06,3.99
2021-07-25,24.09,16.2,29.5,0.0
2021-07-26,24.06,14.85,28.36,0.0
2021-07-27,23.87,17.41,26.7,10.88
2021-07-28,23.16,17.67,28.38,10.05
2021-07-29,21.39,18.42,27.17,5.82
2021-07-30,20.91,17.28,22.54,0.0
2021-07-31,18.69,14.13,24.14,1.07
2021-08-01,19.61,16.06,22.73,0.0
2021-08-02,18.3,12.58,24.55,0.0
2021-08-03,20.82,13.77,25.59,0.0
2021-08-04,20.65,17.12,27.18,0.0
2021-08-05,20.96,15.48,21.81,1.97
2021-08-06,19.35,17.4,27.38,4.78
2021-08-07,19.7,18.89,21.04,37.67
2021-08-08,23.64,19.12,25.5,46.46
2021-08-09,22.92,17.94,26.19,30.86
2021-08-10,23.11,19.29,31.93,31.41
2021-08-11,23.81,18.23,27.15,24.53
2021-08-12,19.59,13.87,26.1,0.0
2021-08-13,20.13,12.57,23.54,0.0
2021-08-14,16.03,11.84,25.53,0.0
2021-08-15,19.81,11.96,23.88,0.0
2021-08-16,20.68,12.35,25.93,0.0
2021-08-17,21.43,15.75,26.46,0.0
2021-08-18,21.24,14.78,28.97,0.0
2021-08-19,23.45,16.09,30.01,0.0
2021-08-20,22.77,18.51,28.47,0.0
2021-08-21,20.62,15.93,25.89,14.73
2021-08-22,18.07,14.29,25.68,0.0
2021-08-23,23.44,18.3,28.17,17.15
2021-08-24,20.94,18.62,25.77,24.19
2021-08-25,24.57,18.2,28.6,0.0
2021-08-26,21.04,16.99,26.91,3.58
2021-08-27,20.87,21.2,27.2,50.35
2021-08-28,22.15,18.26,26.62,66.65
2021-08-29,21.25,19.03,24.06,0.0
2021-08-30,20.2,13.24,25.2,0.0
2021-08-31,20.16,14.53,26.14,0.0
2021-09-01,18.64,13.81,24.72,0.0
2021-09-02,15.49,8.03,19.93,0.0
2021-09-03,16.66,15.99,16.62,13.2
2021-09-04,18.21,12.77,21.24,0.15
2021-09-05,17.52,11.09,25.76,0.0
2021-09-06,20.53,12.55,24.04,0.0
2021-09-07,21.58,14.54,22.58,0.4
2021-09-08,15.94,11.18,21.71,0.0
2021-09-09,15.29,8.01,23.02,0.0
2021-09-10,17.4,11.62,24.8,0.0
2021-09-11,20.1,13.4,27.41,0.0
2021-09-12,17.85,17.38,21.96,22.68
2021-09-13,17.56,14.39,17.19,16.88
2021-09-14,18.46,15.4,20.07,9.82
2021-09-15,15.37,9.4,23.83,0.0
2021-09-16,20.76,14.0,25.75,0.0
2021-09-17,16.93,12.26,22.16,2.62
2021-09-18,15.94,9.3,23.53,0.0
2021-09-19,21.57,14.6,29.5,0.0
2021-09-20,19.97,17.19,27.83,30.23
2021-09-21,13.76,10.37,18.28,0.0
2021-09-22,13.51,6.26,17.92,0.0
2021-09-23,14.18,7.6,16.75,0.0
2021-09-24,12.25,7.19,21.45,7.4
2021-09-25,11.88,5.44,17.53,0.3
2021-09-26,18.15,10.39,24.55,0.0
2021-09-27,17.9,12.7,26.44,0.0
2021-09-28,18.15,11.66,25.58,0.0
2021-09-29,19.32,11.75,27.07,0.0
2021-09-30,21.22,16.78,27.85,0.0
2021-10-01,21.89,12.85,27.74,0.86
2021-10-02,18.53,16.85,24.64,3.23
2021-10-03,17.79,15.85,16.98,1.89
2021-10-04,16.01,12.64,20.04,0.0
2021-10-05,17.14,13.62,20.4,0.0
2021-10-06,19.55,15.49,22.77,0.6
2021-10-07,17.21,12.3,16.27,10.94
2021-10-08,16.83,16.49,18.5,6.87
2021-10-09,18.4,14.27,24.42,1.16
2021-10-10,19.59,16.81,23.22,1.22
2021-10-11,13.12,12.08,16.64,21.22
2021-10-12,14.61,12.69,16.85,0.14
2021-10-13,13.68,12.21,16.07,9.81
2021-10-14,11.51,9.11,16.55,0.0
2021-10-15,10.32,6.1,15.2,0.0
2021-10-16,8.74,4.71,15.54,0.0
2021-10-17,9.62,3.01,17.4,0.0
2021-10-18,16.02,4.85,21.96,0.0
2021-10-19,16.65,9.38,21.04,0.0
2021-10-20,15.82,9.11,19.56,2.39
2021-10-21,8.67,2.01,12.22,1.99
2021-10-22,2.78,-0.45,9.06,0.0
2021-10-23,5.32,-1.37,9.78,0.0
2021-10-24,6.43,0.95,9.08,3.23
2021-10-25,7.69,1.6,12.82,1.27
2021-10-26,8.18,1.51,13.42,0.0
2021-10-27,9.03,6.22,13.31,0.0
2021-10-28,7.19,7.55,9.47,6.85
2021-10-29,8.0,6.72,10.28,5.5
2021-10-30,7.53,3.75,13.42,0.0
2021-10-31,6.35,1.16,7.66,0.0
2021-11-01,2.91,-2.75,4.32,0.0
2021-11-02,1.79,-0.7,4.92,0.0
2021-11-03,-0.48,-3.65,4.67,0.0
2021-11-04,4.93,-0.03,9.3,2.63
2021-11-05,5.79,1.07,12.21,0.0
2021-11-06,8.09,5.4,14.98,0.0
2021-11-07,13.82,6.46,18.99,0.0
2021-11-08,10.68,8.59,17.15,0.0
2021-11-09,7.86,2.1,13.9,0.0
2021-11-10,6.94,-1.68,11.73,13.6
2021-11-11,6.24,-0.47,12.25,17.65
2021-11-12,0.7,-0.13,1.44,1.25
2021-11-13,1.02,-2.56,1.95,2.37
2021-11-14,-0.94,-2.47,0.42,0.55
2021-11-15,-1.75,-3.54,1.34,0.0
2021-11-16,0.77,-3.37,7.22,0.0
2021-11-17,2.2,-0.04,7.28,0.0
2021-11-18,-1.86,-3.08,-0.41,0.0
2021-11-19,-1.9,-7.62,2.66,0.0
2021-11-20,2.22,-0.84,6.96,0.0
2021-11-21,0.46,-7.6,4.53,0.0
2021-11-22,-3.62,-9.55,-1.26,0.0
2021-11-23,-0.29,-4.77,8.85,0.0
2021-11-24,6.44,2.95,10.35,0.0
2021-11-25,-4.92,-10.55,1.06,2.19
2021-11-26,-5.08,-10.93,-0.31,0.0
2021-11-27,-0.77,-4.26,5.45,0.68
2021-11-28,0.18,-2.25,2.26,0.0
2021-11-29,3.06,-3.62,7.73,0.0
2021-11-30,0.1,-1.56,6.57,0.0
2021-12-01,5.38,-0.49,7.51,1.57
2021-12-02,5.82,1.72,10.72,1.29
2021-12-03,1.58,0.32,5.11,1.3
2021-12-04,-0.38,-2.77,2.18,0.0
2021-12-05,-0.38,0.3,-0.33,1.72
2021-12-06,-8.85,-16.06,-0.97,0.0
2021-12-07,-10.57,-14.23,-3.1,1.89
2021-12-08,-5.96,-10.66,-2.85,0.0
2021-12-09,-2.17,-3.64,1.21,0.41
2021-12-10,-2.92,-1.94,-0.21,7.42
2021-12-11,-2.17,-5.44,-0.98,8.77
2021-12-12,0.23,-5.63,6.09,0.0
2021-12-13,3.93,0.4,3.93,0.0
2021-12-14,4.3,-0.41,8.69,0.7
2021-12-15,12.56,6.98,19.37,14.28
2021-12-16,-2.38,-4.31,10.8,0.0
2021-12-17,-3.75,-7.55,-2.87,0.0
2021-12-18,-2.86,-6.38,-3.06,0.0
2021-12-19,-5.17,-7.54,-3.66,0.0
2021-12-20,-2.45,-8.65,2.23,0.0
2021-12-21,-5.5,-11.63,-2.87,0.0
2021-12-22,-11.09,-13.18,-5.67,0.0
2021-12-23,-1.92,-4.47,4.68,0.71
2021-12-24,3.97,-1.4,5.82,0.0
2021-12-25,-1.27,-4.01,3.49,0.0
2021-12-26,-1.61,-6.05,1.3,6.06
2021-12-27,-2.72,-10.22,-1.05,1.58
2021-12-28,-4.95,-7.86,-1.54,3.0
2021-12-29,-10.85,-17.12,-2.6,0.0
2021-12-30,-6.1,-9.17,-3.77,0.89
2021-12-31,-3.57,-9.01,-4.1,0.0
2022-01-01,-14.97,-18.35,-9.79,0.0
2022-01-02,-17.42,-22.46,-15.62,0.0
2022-01-03,-13.26,-17.27,-5.87,0.0
2022-01-04,-6.6,-8.8,0.92,1.68
2022-01-05,-10.66,-13.57,-1.75,2.32
2022-01-06,-16.28,-24.13,-14.78,2.21
2022-01-07,-19.85,-25.68,-12.89,0.0
2022-01-08,-7.52,-12.56,-4.76,0.25
2022-01-09,-15.23,-16.12,-3.06,0.0
2022-01-10,-19.51,-19.93,-14.16,0.0
2022-01-11,-8.79,-15.45,2.32,0.0
2022-01-12,0.96,-2.1,5.43,0.0
2022-01-13,0.47,-3.19,2.82,0.0
2022-01-14,-6.73,-11.63,-2.58,2.92
2022-01-15,-12.42,-15.0,-7.78,0.0
2022-01-16,-9.7,-15.44,-5.47,2.63
2022-01-17,-3.93,-5.0,-2.54,0.0
2022-01-18,-0.92,-2.84,2.82,0.0
2022-01-19,-13.22,-16.73,-5.31,0.0
2022-01-20,-20.37,-22.27,-17.32,0.0
2022-01-21,-15.53,-21.11,-12.15,0.71
2022-01-22,-9.58,-12.38,-4.39,5.58
2022-01-23,-15.92,-19.05,-11.85,0.0
2022-01-24,-13.4,-17.34,-10.59,0.48
2022-01-25,-22.06,-22.44,-18.35,0.0
2022-01-26,-19.74,-24.66,-11.61,0.0
2022-01-27,-7.11,-15.33,-0.28,0.61
2022-01-28,-13.78,-19.14,-12.2,0.0
2022-01-29,-9.41,-14.95,-4.31,0.0
2022-01-30,-8.02,-10.72,-5.33,0.0
2022-01-31,-5.4,-11.98,-1.41,0.0
2022-02-01,-3.84,-11.33,1.31,0.0
2022-02-02,-15.15,-17.69,-11.71,0.0
2022-02-03,-15.08,-22.82,-14.23,0.0
2022-02-04,-17.12,-21.79,-14.13,0.3
2022-02-05,-10.02,-21.49,-4.53,0.0
2022-02-06,-2.94,-10.55,0.9,1.02
2022-02-07,-8.74,-16.62,-6.34,0.0
2022-02-08,-4.04,-9.07,1.51,0.0
2022-02-09,0.5,-3.37,3.33,0.58
2022-02-10,-5.12,-7.08,0.47,2.05
2022-02-11,-1.72,-11.84,2.1,2.92
2022-02-12,-16.96,-17.8,-12.71,0.0
2022-02-13,-14.78,-19.41,-13.18,0.65
2022-02-14,-10.6,-15.67,-6.63,0.57
2022-02-15,-5.56,-12.01,1.1,0.0
2022-02-16,0.91,-2.88,6.01,1.41
2022-02-17,-12.14,-17.62,-3.35,0.0
2022-02-18,-10.1,-15.79,4.14,2.2
2022-02-19,-13.55,-19.12,-8.83,0.0
2022-02-20,1.64,-6.45,6.39,0.0
2022-02-21,-2.18,-7.26,2.05,0.4
2022-02-22,-8.46,-14.93,-7.71,7.62
2022-02-23,-14.64,-18.52,-9.72,0.0
2022-02-24,-8.45,-14.27,-5.88,3.85
2022-02-25,-10.49,-12.55,-6.17,0.0
2022-02-26,-7.31,-15.11,-2.08,0.0
2022-02-27,-2.03,-7.47,1.29,0.0
2022-02-28,0.33,-5.74,6.44,0.0
2022-03-01,1.94,1.77,6.14,0.39
2022-03-02,0.47,-3.12,4.64,0.0
2022-03-03,-3.76,-6.02,-1.98,0.0
2022-03-04,-1.1,-4.47,3.11,0.0
2022-03-05,4.72,0.08,8.74,20.39
2022-03-06,-1.36,-0.73,8.72,0.35
2022-03-07,-4.21,-5.78,-2.49,2.29
2022-03-08,-1.95,-7.71,4.25,0.0
2022-03-09,-3.88,-10.12,-0.64,0.0
2022-03-10,-8.62,-13.17,-3.0,0.0
2022-03-11,-8.45,-13.61,-8.42,0.0
2022-03-12,-11.39,-15.83,-5.28,0.0
2022-03-14,4.51,-1.04,9.5,0.0
2022-03-15,2.46,-3.05,10.19,0.0
2022-03-16,9.07,3.92,17.8,0.0
2022-03-17,7.03,5.85,12.21,1.84
2022-03-18,-0.36,0.83,4.0,15.04
2022-03-19,3.66,0.23,7.59,0.82
2022-03-20,8.4,-0.53,12.95,0.0
2022-03-21,11.34,5.49,22.59,0.01
2022-03-22,4.99,2.53,7.83,8.84
2022-03-23,2.99,1.61,6.99,3.56
2022-03-24,0.65,1.41,4.24,1.71
2022-03-25,2.44,-0.37,4.44,1.64
2022-03-26,-4.01,-8.14,-1.79,0.0
2022-03-27,-3.95,-7.73,0.1,0.0
2022-03-28,-2.05,-7.6,2.28,0.0
2022-03-29,2.3,-0.3,2.24,2.82
2022-03-30,1.24,-0.08,4.23,10.35
2022-03-31,0.98,-2.03,-1.61,3.72
2022-04-01,0.89,-4.56,8.44,0.0
2022-04-02,1.61,-0.81,3.63,5.26
2022-04-03,2.39,-2.11,9.14,1.48
2022-04-04,2.35,1.86,4.32,6.2
2022-04-05,5.18,1.24,9.18,7.62
2022-04-06,2.38,2.08,8.18,2.25
2022-04-07,1.5,0.0,5.23,5.4
2022-04-08,1.02,-3.09,1.3,2.32
2022-04-09,4.43,-3.68,11.78,0.0
2022-04-10,9.35,2.63,15.67,4.7
2022-04-11,10.29,4.99,15.26,0.0
2022-04-12,9.87,4.78,16.16,25.2
2022-04-13,6.84,0.77,16.86,7.44
2022-04-14,0.58,-0.73,2.64,0.0
2022-04-15,-1.65,-2.31,4.3,0.0
2022-04-16,-0.01,-2.8,3.6,0.0
2022-04-17,1.98,-5.46,7.59,0.76
2022-04-18,1.06,-2.21,0.47,2.32
2022-04-19,4.14,-2.11,5.92,0.0
2022-04-20,6.31,4.83,8.27,4.45
2022-04-21,8.98,3.85,15.38,0.0
2022-04-22,6.54,3.89,13.14,19.01
2022-04-23,16.35,10.06,21.73,4.42
2022-04-24,10.65,7.06,15.93,1.71
2022-04-25,3.41,1.39,6.01,0.0
2022-04-26,0.87,-1.27,4.33,0.0
2022-04-27,1.76,-1.19,3.98,0.0
2022-04-28,6.54,0.77,10.93,0.0
2022-04-29,9.39,2.82,15.68,1.7
2022-04-30,10.77,8.79,14.67,20.18
2022-05-01,6.37,5.96,6.98,2.07
2022-05-02,7.14,5.57,8.89,0.0
2022-05-03,8.39,5.08,10.0,13.25
2022-05-04,7.76,2.01,17.13,0.0
2022-05-05,9.12,6.18,14.95,0.0
2022-05-06,13.13,6.45,18.69,0.0
2022-05-07,12.82,6.61,19.03,0.0
2022-05-08,11.4,6.53,14.54,3.53
2022-05-09,20.19,12.6,28.65,1.69
2022-05-10,22.09,16.72,21.31,2.68
2022-05-11,23.39,14.61,28.53,0.28
2022-05-12,26.01,21.41,31.55,0.45
2022-05-13,23.18,17.9,27.68,0.0
2022-05-14,19.09,12.96,24.98,0.0
2022-05-15,18.1,13.45,21.55,0.0
2022-05-16,15.78,8.7,22.1,0.0
2022-05-17,15.3,8.77,20.1,0.0
2022-05-18,17.77,10.28,22.43,3.61
2022-05-19,17.58,13.81,23.04,2.49
2022-05-20,15.64,14.34,19.78,25.13
2022-05-21,8.2,4.31,11.9,0.0
2022-05-22,8.26,5.02,12.26,0.0
2022-05-23,11.35,1.88,16.26,0.0
2022-05-24,11.24,6.76,18.31,3.67
2022-05-25,10.0,5.83,13.37,24.79
2022-05-26,11.45,10.99,13.67,4.51
2022-05-27,13.07,10.79,21.4,0.0
2022-05-28,17.39,14.49,23.77,0.4
2022-05-29,20.34,16.52,25.6,0.13
2022-05-30,23.0,20.33,28.1,0.0
2022-05-31,23.05,18.19,26.59,6.77
2022-06-01,14.32,9.6,18.35,0.0
2022-06-02,17.22,8.08,23.13,0.0
2022-06-03,16.88,8.88,21.75,0.0
2022-06-04,12.44,11.77,15.71,5.97
2022-06-05,15.72,13.83,17.03,30.9
2022-06-06,14.66,13.4,19.03,13.58
2022-06-07,16.9,13.32,20.7,3.1
2022-06-08,16.28,13.18,20.54,11.92
2022-06-09,19.55,11.83,21.92,0.0
2022-06-10,17.76,13.45,24.68,1.01
2022-06-11,17.39,15.91,20.09,9.23
2022-06-12,18.64,15.08,22.12,0.0
2022-06-13,18.6,12.7,24.55,0.88
2022-06-14,27.54,20.04,34.31,0.0
2022-06-15,23.34,15.71,29.21,31.51
2022-06-16,21.01,13.96,24.21,0.0
2022-06-17,20.71,14.75,26.39,0.0
2022-06-18,20.15,12.32,25.71,0.0
2022-06-19,20.57,13.68,28.34,0.0
2022-06-20,27.12,21.13,31.02,0.0
2022-06-21,27.08,21.52,32.63,1.33
2022-06-22,21.84,16.41,26.47,0.0
2022-06-23,23.09,17.05,29.48,0.0
2022-06-24,23.59,17.69,29.2,0.0
2022-06-25,22.27,17.88,20.98,8.4
