2010-12-25,-8.81,-10.19,-7.41,
2010-12-26,-5.96,-8.24,-3.85,
2010-12-27,-4.08,-11.22,1.51,
2010-12-28,-1.55,-9.74,-1.62,
2010-12-29,-9.48,-12.39,-3.89,
2010-12-30,-16.05,-17.8,-12.6,
2010-12-31,-18.54,-25.17,-19.27,
2011-01-01,-21.8,-23.4,-18.49,
2011-01-02,-10.33,-18.5,-6.43,
2011-01-03,-15.95,-20.09,-14.81,
2011-01-04,-7.82,-17.13,-4.67,
2011-01-05,-2.48,-6.48,1.78,
2011-01-06,-2.57,-6.35,2.2,
2011-01-07,-5.57,-8.79,-2.04,
2011-01-08,-11.18,-13.75,-9.06,
2011-01-09,-15.94,-22.92,-13.97,
2011-01-10,-25.56,-32.59,-20.15,
2011-01-12,-24.17,-32.45,-13.14,
2011-01-13,-15.91,-18.25,-12.82,
2011-01-18,-19.2,-27.48,-16.11,
2011-01-19,-17.17,-24.91,-8.76,
2011-01-25,-4.23,-8.74,-1.7,
2011-01-26,-2.78,-7.93,0.23,
2011-01-27,-2.59,-2.74,2.93,
2011-01-28,-2.38,-5.0,2.43,
2011-01-29,-11.5,-16.29,-4.88,
2011-01-30,-19.88,-21.95,-15.37,
2011-02-03,-4.76,-8.95,-1.06,
2011-02-04,-0.96,-5.64,3.16,
2011-02-05,0.02,-2.5,0.75,
2011-02-06,-5.17,-15.96,-0.72,
2011-02-07,-22.51,-29.67,-15.01,
2011-02-08,-25.04,-32.89,-18.61,
2011-02-09,-19.4,-21.84,-14.53,
2011-02-10,-9.45,-19.83,-4.56,
2011-02-14,-0.71,-8.65,7.57,
2011-02-16,-1.71,-8.74,1.12,
2011-02-18,-18.75,-20.87,-18.19,
2011-02-19,-14.24,-18.7,-16.89,
2011-02-20,-18.06,-20.27,-18.54,
2011-02-21,-21.06,-27.17,-18.3,
2011-02-22,-11.39,-19.62,-4.22,
2011-02-23,-13.87,-20.12,-10.1,
2011-02-25,-23.44,-28.51,-22.32,
2011-02-26,-20.79,-30.19,-7.76,
2011-02-28,-9.51,-15.23,0.59,
2011-03-01,-17.4,-20.81,-4.61,
2011-03-02,-17.96,-20.93,-16.25,
2011-03-03,-13.57,-18.45,-7.48,
2011-03-04,-14.83,-18.07,-13.24,
2011-03-07,-20.26,-28.13,-12.14,
2011-03-11,-3.51,-8.49,2.97,
2011-03-12,-10.5,-13.44,-7.9,
2011-03-16,2.05,-0.5,4.51,
2011-03-19,-3.09,-6.57,2.13,
2011-03-20,-0.72,-3.24,1.81,
2011-03-21,-1.67,-4.74,0.65,
2011-03-22,-1.3,-4.91,1.56,
2011-03-23,-4.97,-13.32,-2.07,
2011-03-24,-12.92,-14.85,-6.29,
2011-03-26,-9.61,-8.8,-3.17,
2011-03-27,-4.2,-9.77,-3.71,
2011-03-28,-4.84,-6.63,-1.37,
2011-04-03,1.24,0.94,0.3,
2011-04-16,0.37,-7.25,7.98,
2011-04-17,-0.66,-2.14,-0.45,
2011-04-18,-1.95,-5.37,2.13,
2011-04-19,-1.45,-5.17,0.46,
2011-04-20,2.27,-7.07,10.3,
2011-04-22,2.16,-0.31,4.52,
2011-04-23,5.59,-1.95,12.88,
2011-04-24,7.87,0.44,17.06,
2011-04-27,8.54,-2.76,16.71,
2011-04-28,9.32,0.72,22.5,
2011-05-03,10.66,2.85,18.31,
2011-05-04,8.38,6.26,14.39,
2011-05-05,10.75,0.37,16.43,
2011-05-07,8.89,1.84,18.23,
2011-05-08,10.05,2.73,16.41,
2011-05-09,12.67,8.96,11.19,
2011-06-22,15.47,10.27,22.69,
2011-06-24,18.68,15.44,24.94,
2011-06-25,16.55,14.21,24.0,
2011-06-27,15.84,9.52,21.14,
2011-06-28,19.93,9.12,28.83,
2011-06-29,25.61,18.48,35.13,
2011-06-30,23.64,18.71,27.22,
2011-07-01,21.48,15.36,23.77,
2011-07-02,16.96,8.28,29.34,
2011-07-04,23.35,16.42,26.94,
2011-07-05,20.01,9.17,27.7,
2011-07-06,22.17,15.88,26.69,
2011-07-07,21.45,12.94,30.64,
2011-07-08,17.87,16.76,24.81,
2011-07-09,21.09,13.41,25.69,
2011-07-10,20.2,11.33,27.49,
2011-07-11,18.92,9.9,25.03,
2011-07-12,19.49,13.53,24.88,
2011-07-13,18.72,16.3,22.81,
2011-07-14,19.66,16.26,24.48,
2011-07-18,25.93,22.55,32.04,
2011-07-21,18.93,12.75,30.06,
2011-07-22,19.46,12.09,26.45,
2011-07-23,18.86,14.1,23.48,
2011-07-24,21.11,11.7,25.58,
2011-07-25,21.28,11.19,29.26,
2011-07-26,20.29,17.24,21.85,
2011-07-28,19.82,11.52,27.36,
2011-07-31,25.67,13.6,32.99,
2011-08-01,24.65,20.61,27.24,
2011-08-02,22.41,10.4,29.84,
2011-08-03,26.01,16.51,33.9,
2011-08-04,24.58,16.68,28.0,
2011-08-05,17.94,14.9,19.37,
2011-08-06,18.91,16.01,24.22,
2011-08-07,21.29,13.48,30.12,
2011-08-08,18.83,12.37,23.45,
2011-08-09,18.38,8.35,22.66,
2011-08-10,17.75,7.37,27.65,
2011-08-13,16.96,9.31,25.46,
2011-08-14,22.26,11.73,32.43,
2011-08-15,22.12,17.63,29.09,
2011-08-16,18.05,12.75,22.18,
2011-08-17,17.67,7.88,30.91,
2011-08-19,16.02,9.83,20.28,
2011-08-20,17.32,5.76,22.75,
2011-08-22,26.66,16.1,38.43,
2011-08-23,22.91,13.7,33.91,
2011-08-24,20.88,12.31,27.01,
2011-08-27,20.27,15.12,28.48,
2011-08-28,22.67,12.73,30.52,
2011-08-30,21.4,12.64,26.06,
2011-09-03,14.6,9.8,19.03,
2011-09-04,12.58,2.36,20.86,
2011-09-05,18.6,8.98,29.25,
2011-09-08,18.29,6.25,30.03,
2011-09-09,18.34,9.96,29.81,
2011-09-10,19.94,7.15,28.22,
2011-09-11,18.44,6.94,30.81,
2011-09-12,12.42,7.81,18.83,
2011-09-13,10.48,1.61,17.56,
2011-09-14,4.35,-6.07,13.0,
2011-09-16,9.48,6.94,18.57,
2011-09-17,11.81,5.39,13.04,
2011-09-19,12.91,4.28,23.99,
2011-09-21,8.42,5.36,13.44,
2011-09-22,10.78,3.22,18.79,
2011-09-24,18.11,8.82,29.16,
2011-09-26,17.01,11.74,24.78,
2011-09-27,14.29,5.87,29.81,
2011-09-28,14.22,7.73,22.48,
2011-09-29,9.28,5.61,14.88,
2011-10-01,16.91,5.81,29.93,
2011-10-02,18.46,10.79,28.06,
2011-10-03,16.26,10.46,26.28,
2011-10-08,8.67,-0.05,10.68,
2011-10-09,5.62,-1.28,10.13,
2011-10-10,7.99,4.49,14.69,
2011-10-11,7.61,-0.4,16.29,
2011-10-12,11.71,4.88,17.47,
2011-10-13,7.97,2.96,13.1,
2011-10-14,3.48,0.83,9.13,
2011-10-15,3.7,-0.18,10.1,
2011-10-16,3.64,-0.92,9.03,
2011-10-17,5.72,-0.12,13.25,
2011-10-18,4.13,-4.37,12.78,
2011-10-19,3.38,-4.79,11.82,
2011-10-20,7.7,-1.42,17.0,
2011-10-21,5.74,-0.48,14.96,
2011-10-23,8.06,2.52,15.78,
2011-10-24,3.54,-2.95,6.66,
2011-10-26,0.45,-4.78,6.46,
2011-10-27,1.75,-5.16,8.68,
2011-10-28,0.74,-4.68,9.8,
2011-10-29,5.2,-0.06,11.54,
2011-11-08,-3.98,-11.85,3.47,
2011-11-09,-3.48,-6.52,0.65,
2011-11-10,-3.49,-10.03,7.44,
2011-11-11,4.39,0.91,12.71,
2011-11-13,1.27,-0.3,8.83,
2011-11-14,-0.46,-4.1,4.35,
2011-11-18,-8.52,-13.82,3.89,
2011-11-19,-15.21,-18.73,-12.33,
2011-11-20,-11.49,-18.66,-3.22,
2011-11-22,-0.58,-9.0,6.67,
2011-11-23,6.31,-0.34,17.37,
2011-11-24,5.59,-2.65,14.02,
2011-11-25,-0.62,-3.73,6.25,
2011-11-26,-5.64,-10.4,0.44,
2011-11-27,-1.99,-11.23,9.55,
2011-11-28,0.2,-8.29,9.24,
2011-11-29,-0.04,-9.82,7.4,
2011-11-30,-1.37,-2.46,1.26,
2011-12-01,-5.73,-8.7,-2.92,
2011-12-02,-0.96,-3.09,1.81,
2011-12-03,-6.08,-9.23,-0.89,
2011-12-05,-15.04,-23.67,-12.34,
2011-12-06,-7.2,-16.89,1.61,
2011-12-07,-2.41,-11.64,2.42,
2011-12-09,-12.88,-21.35,-3.08,
2011-12-10,-3.16,-8.43,3.7,
2011-12-11,-4.26,-10.26,1.17,
2011-12-12,-6.97,-11.29,-6.23,
2011-12-14,-6.64,-4.88,-3.68,
2011-12-15,-4.45,-7.75,-5.28,
2011-12-16,-7.02,-9.04,-5.0,
2011-12-17,-2.61,-10.38,3.51,
2011-12-18,1.07,-1.87,7.17,
2011-12-19,-5.83,-8.89,2.22,
2011-12-21,-2.38,-9.58,0.94,
2011-12-22,-6.58,-12.19,0.68,
2011-12-23,-1.75,-7.06,3.8,
2011-12-24,1.55,-2.74,4.8,
2011-12-25,-2.36,-7.84,3.26,
2011-12-26,0.52,-0.58,4.99,
2011-12-27,-1.88,-2.4,0.93,
2011-12-28,1.04,-6.21,7.69,
2011-12-29,-0.35,-5.34,6.1,
2011-12-30,0.94,-1.31,5.89,
2011-12-31,1.25,-2.11,4.93,
2012-01-01,-5.4,-13.41,-3.99,
2012-01-02,-7.04,-15.66,-0.11,
2012-01-03,2.6,-2.92,7.87,
2012-01-04,0.94,-2.65,11.84,
2012-01-05,7.6,1.36,14.06,
2012-01-06,1.44,-6.7,4.42,
2012-01-07,-6.46,-10.1,3.41,
2012-01-08,-1.87,-10.61,5.42,
2012-01-09,3.12,-2.09,10.26,
2012-01-10,0.97,-2.12,5.11,
2012-01-11,-12.65,-16.63,-0.48,
2012-01-12,-10.49,-19.42,-4.85,
2012-01-13,-4.38,-9.74,1.15,
2012-01-14,-4.67,-11.87,0.33,
2012-01-16,-18.86,-22.32,-15.26,
2012-01-17,-17.77,-24.62,-15.76,
2012-01-18,-21.92,-27.18,-15.77,
2012-01-20,-16.48,-18.18,-14.48,
2012-01-21,-13.02,-15.27,-5.89,
2012-01-25,2.54,-6.53,9.01,
2012-01-26,0.19,-5.16,6.72,
2012-01-27,-3.23,-5.46,-0.38,
2012-01-28,-6.08,-8.39,-3.1,
2012-01-29,-2.91,-12.33,4.96,
2012-01-30,4.52,0.31,9.58,
2012-02-01,-1.06,-4.62,6.24,
2012-02-02,0.18,-6.63,3.85,
2012-02-03,-3.84,-4.51,-1.4,
2012-02-04,-5.5,-9.92,-2.27,
2012-02-06,-6.44,-9.56,-2.63,
2012-02-07,-7.99,-13.32,-5.16,
2012-02-08,-9.94,-18.07,2.78,
2012-02-09,-10.09,-12.61,-5.14,
2012-02-10,-17.95,-23.37,-11.4,
2012-02-11,-16.91,-24.31,-7.1,
2012-02-12,-8.74,-17.77,0.45,
2012-02-13,-2.26,-8.14,2.53,
2012-02-15,-5.25,-7.05,-3.04,
2012-02-16,-2.62,-9.51,0.96,
2012-02-17,-7.05,-11.0,-0.76,
2012-02-18,-2.42,-12.56,8.21,
2012-02-20,-3.68,-8.92,6.42,
2012-02-21,-2.04,-9.17,1.83,
2012-02-22,0.04,-5.14,5.72,
2012-02-25,-6.81,-14.73,-2.85,
2012-02-26,-12.8,-17.74,-10.45,
2012-03-05,6.01,-0.63,14.06,
2012-03-06,1.93,-1.07,7.17,
2012-03-09,4.8,-7.01,19.25,
2012-03-10,9.19,-0.26,21.0,
2012-03-12,4.29,-2.41,8.65,
2012-03-13,8.55,-3.79,20.78,
2012-03-14,6.22,-3.49,14.28,
2012-03-15,6.83,-4.19,17.62,
2012-03-16,14.93,2.58,22.73,
2012-03-17,9.18,-0.2,20.25,
2012-03-18,13.16,2.51,21.86,
2012-03-19,10.95,0.86,18.8,
2012-03-22,8.54,-3.3,23.59,
2012-03-23,11.23,0.52,21.03,
2012-03-24,2.94,-4.58,5.81,
2012-03-25,0.54,-4.51,8.98,
2012-03-26,8.54,3.28,12.71,
2012-03-27,5.94,-1.5,11.12,
2012-03-28,3.06,-7.32,14.2,
2012-03-30,8.32,-3.56,21.98,
2012-03-31,14.49,9.14,20.09,
2012-04-01,14.92,8.63,21.84,
2012-04-02,6.06,-0.27,11.57,
2012-04-03,7.5,-7.23,18.67,
2012-04-04,9.89,1.39,16.56,
2012-04-05,13.0,3.07,21.59,
2012-04-06,7.15,3.88,14.99,
2012-04-07,3.62,0.79,8.4,
2012-04-09,-0.21,-7.72,7.37,
2012-04-10,-0.45,-11.84,9.29,
2012-04-11,2.49,-5.42,12.9,
2012-04-12,10.93,6.69,18.16,
2012-04-13,9.87,2.22,17.93,
2012-04-15,6.7,3.65,12.66,
2012-04-16,1.33,-2.4,4.68,
2012-04-17,5.92,-3.84,16.62,
2012-04-18,4.8,-2.93,12.27,
2012-04-19,5.57,2.24,9.79,
2012-04-20,5.16,0.04,11.51,
2012-04-21,7.26,3.08,11.22,
2012-04-22,8.7,-3.89,18.64,
2012-04-23,17.62,3.99,26.6,
2012-04-24,19.18,4.76,31.4,
2012-04-25,13.7,6.4,20.91,
2012-08-28,24.19,13.54,38.72,
2012-08-31,18.92,11.88,27.81,
2012-09-01,24.36,17.96,33.82,
2012-09-04,14.66,8.59,23.89,
2012-09-06,14.5,8.99,20.83,
2012-09-07,10.77,2.79,21.28,
2012-09-08,13.92,7.42,21.31,
2012-09-09,18.45,5.45,33.98,
2012-09-10,20.42,6.72,31.21,
2012-09-11,16.37,9.91,19.58,
2012-09-12,9.82,1.05,17.94,
2012-09-13,12.95,-0.4,26.54,
2012-09-14,14.46,0.53,26.15,
2012-09-15,18.85,7.48,28.28,
2012-09-16,11.07,8.28,14.38,
2012-09-17,7.9,0.01,13.88,
2012-09-19,12.81,7.02,19.45,
2012-09-20,14.09,6.96,22.04,
2012-09-21,9.91,0.57,19.06,
2012-09-22,6.68,-4.31,16.74,
2012-09-24,13.7,3.4,25.32,
2012-09-25,11.75,2.0,24.81,
2012-09-27,16.06,9.67,24.96,
2012-09-29,19.69,11.21,29.12,
2012-09-30,12.48,9.5,22.8,
2012-10-01,10.88,1.02,17.31,
2012-10-02,15.05,8.72,22.88,
2012-10-03,6.34,2.27,10.47,
2012-10-04,2.0,-2.6,4.61,
2012-10-05,0.79,-2.84,5.04,
2012-10-06,0.76,-4.8,8.01,
2012-10-07,4.16,-2.2,11.56,
2012-10-08,8.49,2.86,11.43,
2012-10-09,2.19,-0.25,6.31,
2012-10-10,5.34,-2.37,10.62,
2012-10-11,2.17,-2.52,4.49,
2012-10-12,6.45,1.34,16.61,
2012-10-13,6.39,-0.83,13.85,
2012-10-14,6.72,-1.12,19.06,
2012-10-15,16.78,10.72,23.12,
2012-10-16,11.54,5.97,15.47,
2012-10-20,8.26,0.63,19.1,
2012-10-21,5.98,4.24,14.06,
2012-10-22,3.34,2.78,5.25,
2012-10-25,-2.23,-2.51,-0.82,
2012-10-26,-3.74,-7.57,-0.93,
2012-10-27,-2.94,-5.42,-1.17,
2012-10-31,2.69,-1.09,5.0,
2012-11-03,-0.08,-1.47,0.52,
2012-11-04,1.47,-2.09,4.63,
2012-11-05,5.46,0.16,14.23,
2012-11-06,4.34,0.14,8.31,
2012-11-07,7.88,0.37,13.3,
2012-11-08,2.41,-2.54,7.65,
2012-11-09,-3.55,-7.45,-0.37,
2012-11-10,-7.23,-13.93,-8.66,
2012-11-11,-10.71,-16.27,-9.77,
2012-11-12,-12.73,-20.33,-5.3,
2012-11-13,-4.26,-8.15,0.89,
2012-11-15,-6.03,-13.92,1.96,
2012-11-16,-0.38,-2.34,5.07,
2012-11-18,1.45,-5.17,6.7,
2012-11-19,2.9,-4.47,7.14,
2012-11-21,4.91,-3.41,12.22,
2012-11-22,-4.67,-9.58,1.28,
2012-11-23,-9.32,-14.24,-1.64,
2012-11-24,-1.28,-2.18,5.17,
2012-11-25,-10.27,-15.02,-2.58,
2012-11-26,-8.27,-16.23,-1.35,
2012-11-27,-7.08,-10.71,-1.65,
2012-11-28,-4.69,-13.34,1.03,
2012-11-29,-7.56,-9.62,-5.75,
2012-11-30,-3.32,-9.09,0.14,
2012-12-01,-1.98,-2.7,2.39,
2012-12-02,0.95,-4.24,7.54,
2012-12-03,3.17,-5.35,8.24,
2012-12-04,-7.36,-11.04,-4.24,
2012-12-05,2.81,-5.12,9.47,
2012-12-06,-0.02,-10.45,3.64,
2012-12-07,-7.85,-10.13,-8.21,
2012-12-08,-11.33,-17.67,-8.23,
2012-12-10,-7.86,-15.11,-4.48,
2012-12-11,-6.13,-8.22,2.03,
2012-12-12,-4.94,-12.51,-2.08,
2012-12-13,-7.5,-11.08,2.6,
2012-12-14,-8.82,-13.99,-1.02,
2012-12-15,-8.4,-14.53,-4.8,
2012-12-16,-9.31,-13.54,-6.57,
2012-12-17,-10.6,-17.48,-7.35,
2012-12-18,-5.72,-10.98,-0.13,
2012-12-19,-10.21,-19.73,-9.6,
2012-12-20,-16.62,-21.28,-11.97,
2012-12-21,-11.42,-15.84,-4.63,
2012-12-22,-15.57,-15.79,-9.35,
2012-12-23,-14.84,-17.84,-11.95,
2012-12-24,-15.65,-21.46,-15.64,
2012-12-26,-19.38,-28.51,-13.36,
2012-12-27,-16.65,-24.59,-12.44,
2012-12-28,-17.14,-23.08,-14.01,
2012-12-29,-10.18,-17.73,-4.2,
2012-12-30,-9.21,-13.53,-4.92,
2013-01-01,-7.17,-12.73,-2.56,
2013-01-02,-3.83,-11.88,-1.37,
2013-01-03,-9.04,-14.58,-4.32,
2013-01-05,-8.94,-13.52,-3.63,
2013-01-06,-8.34,-17.22,-1.29,
2013-01-07,-4.81,-12.9,-1.58,
2013-01-08,-2.44,-14.9,2.51,
2013-01-11,-12.18,-16.03,-8.73,
2013-01-12,-18.44,-20.6,-15.43,
2013-01-13,-19.56,-20.56,-15.22,
2013-01-14,-15.15,-21.46,-10.67,
2013-01-15,-4.52,-17.14,1.48,
2013-01-16,-0.36,-5.01,3.48,
2013-01-18,0.45,-4.09,3.54,
2013-01-20,-20.57,-20.57,-14.47,
2013-01-21,-19.8,-23.3,-16.83,
2013-01-22,-14.12,-16.45,-6.86,
2013-01-23,-14.84,-17.51,-14.28,
2013-01-24,-11.2,-17.44,-2.35,
2013-01-25,-11.77,-14.66,-7.47,
2013-01-26,-7.96,-11.22,-0.69,
2013-01-29,-11.19,-21.09,-7.72,
2013-01-30,-21.04,-24.4,-20.37,
2013-01-31,-24.33,-29.0,-15.91,
2013-02-01,-9.3,-15.85,-4.43,
2013-02-02,-6.62,-13.35,-0.37,
2013-02-04,-1.42,-8.79,1.95,
2013-02-05,-0.82,-4.31,-0.69,
2013-02-06,-2.8,-8.85,0.86,
2013-02-07,-4.77,-4.66,-0.74,
2013-02-08,-3.16,-8.21,-0.1,
2013-02-09,-8.1,-12.25,0.86,
2013-02-10,-6.01,-7.21,-2.85,
2013-02-11,-6.84,-7.11,-2.26,
2013-02-12,-5.13,-7.88,1.91,
2013-02-13,0.1,-2.22,2.8,
2013-02-14,-4.21,-7.53,-0.69,
2013-02-15,-7.08,-15.01,-2.56,
2013-02-17,-0.51,-6.65,2.75,
2013-02-18,-11.4,-21.0,-8.22,
2013-02-19,-19.61,-26.35,-15.21,
2013-02-20,-14.15,-19.54,-10.14,
2013-02-21,-9.46,-16.05,-3.94,
2013-02-22,-5.29,-10.16,1.63,
2013-02-23,-2.66,-9.09,3.64,
2013-02-24,-0.89,-4.81,0.16,
2013-02-25,-2.19,-8.14,5.47,
2013-02-26,-1.9,-7.76,2.81,
2013-02-27,-3.59,-3.88,-3.25,
2013-02-28,-2.91,-7.02,-1.55,
2013-03-01,-4.32,-8.21,0.54,
2013-03-02,-0.99,-6.44,5.16,
2013-03-03,-0.88,-2.32,1.88,
2013-03-04,-6.13,-8.37,-0.42,
2013-03-05,-9.54,-12.79,-8.11,
2013-03-06,-8.5,-11.83,-5.69,
2013-03-08,-6.95,-14.37,-1.76,
2013-03-09,-5.37,-8.48,-3.54,
2013-03-11,-3.73,-6.42,-0.88,
2013-03-12,-8.95,-12.63,-5.99,
2013-03-13,0.21,-8.17,6.91,
2013-03-14,4.21,-2.21,7.24,
2013-03-16,-12.95,-16.39,-9.44,
2013-03-18,-12.43,-16.13,-7.5,
2013-03-19,-11.1,-15.02,-12.23,
2013-03-20,-9.23,-19.29,-0.22,
2013-03-21,-8.31,-10.28,-4.94,
2013-03-22,-7.1,-9.54,-3.19,
2013-03-23,-13.6,-18.94,-7.0,
2013-03-25,-10.65,-19.84,-3.58,
2013-03-26,-6.74,-11.86,2.32,
2013-03-27,-3.58,-7.84,0.31,
2013-03-28,-2.33,-9.27,3.7,
2013-03-30,3.26,-3.4,3.79,
2013-04-02,0.94,-6.92,9.25,
2013-04-03,3.95,-0.36,9.9,
2013-04-04,-0.73,-2.03,5.31,
2013-04-05,2.52,-2.61,12.62,
2013-04-06,1.95,-1.65,6.0,
2013-04-07,3.24,-0.47,13.12,
2013-04-08,-5.33,-11.47,-0.53,
2013-04-09,-7.72,-14.16,-0.59,
2013-04-10,-2.6,-8.29,4.13,
2013-04-12,-0.71,-1.72,2.53,
2013-04-13,-1.1,-7.8,6.77,
2013-04-14,-2.69,-3.77,-0.63,
2013-04-15,-2.85,-2.16,-0.33,
2013-04-16,-2.43,-4.13,-2.15,
2013-04-17,-0.53,-6.04,-0.13,
2013-04-19,0.72,-1.73,3.13,
2013-04-20,-1.53,-2.75,3.92,
2013-04-22,-3.19,-7.4,0.67,
2013-04-23,-0.65,-6.03,10.16,
2013-04-25,7.63,-3.35,19.79,
2013-04-26,12.18,0.62,25.87,
2013-04-28,12.65,3.05,17.39,
2013-04-29,10.89,5.86,16.43,
2013-05-01,2.2,-6.22,6.61,
2013-05-02,3.47,-4.21,13.5,
2013-05-03,8.14,-0.31,17.1,
2013-05-04,7.72,-3.75,15.85,
2013-05-05,7.72,-2.72,16.95,
2013-05-06,12.53,0.07,22.93,
2013-05-07,15.73,3.34,23.9,
2013-05-08,10.43,5.54,16.58,
2013-05-10,9.39,1.07,17.58,
2013-05-11,5.72,-5.44,12.19,
2013-05-12,16.03,0.46,24.25,
2013-05-19,11.59,10.54,16.05,
2013-05-22,12.29,0.33,18.79,
2013-05-24,15.22,11.86,18.95,
2013-05-25,13.72,7.15,18.24,
2013-05-27,14.93,13.67,19.18,
2013-05-28,14.36,11.64,18.46,
2013-05-29,13.92,9.13,19.73,
2013-05-30,11.08,11.92,13.44,
2013-05-31,11.61,9.28,12.22,
2013-06-01,11.88,7.68,17.29,
2013-06-02,10.92,3.48,18.06,
2013-06-05,12.12,6.51,16.74,
2013-06-06,13.89,8.44,22.28,
2013-06-08,14.97,11.57,17.8,
2013-06-09,16.5,8.24,23.45,
2013-06-10,17.09,10.74,23.79,
2013-06-12,17.81,13.96,22.28,
2013-06-13,19.69,14.76,22.56,
2013-06-14,17.34,12.18,20.68,
2013-06-15,15.21,8.0,21.31,
2013-06-16,16.36,8.52,21.03,
2013-06-17,14.2,9.26,19.53,
2013-06-19,22.7,17.49,27.47,
2013-06-20,20.61,18.38,22.4,
2013-06-22,15.47,15.13,20.37,
2013-06-23,16.09,12.6,22.39,
2013-06-24,19.62,8.17,25.49,
2013-06-25,20.95,17.54,24.76,
2013-06-26,19.2,11.59,26.27,
2013-06-29,18.83,8.02,22.11,
2013-06-30,18.6,11.66,22.23,
2013-07-03,22.03,13.7,30.75,
2013-07-06,18.71,13.72,28.06,
2013-07-07,18.53,11.38,24.05,
2013-07-08,21.53,15.72,28.86,
2013-07-09,17.08,12.12,20.81,
2013-07-10,18.19,8.15,25.47,
2013-07-11,20.99,12.87,31.65,
2013-07-13,20.98,13.99,31.02,
2013-07-14,16.45,11.3,18.88,
2013-07-15,19.35,11.9,27.39,
2013-07-19,18.83,10.82,29.98,
2013-07-20,15.51,10.48,24.26,
2013-07-22,15.5,10.39,22.46,
2013-07-25,16.5,13.23,17.39,
2013-07-26,13.69,7.86,18.78,
2013-07-27,13.89,4.03,23.85,
2013-07-28,15.36,7.0,22.46,
2013-07-29,17.44,13.21,22.97,
2013-07-31,16.78,8.53,23.79,
2013-08-01,16.67,7.79,26.67,
2013-08-02,15.65,9.04,22.23,
2013-08-03,19.88,14.16,22.76,
2013-08-04,16.73,12.69,23.17,
2013-08-05,16.46,9.61,27.06,
2013-08-06,15.17,13.75,21.4,
2013-08-07,15.31,11.92,21.32,
2013-08-08,17.85,4.5,23.93,
2013-08-09,14.52,9.96,20.52,
2013-08-10,14.67,9.7,26.06,
2013-08-11,17.37,8.05,23.65,
2013-08-14,20.54,12.35,26.94,
2013-08-15,23.27,13.38,31.44,
2013-08-16,23.36,15.41,31.12,
2013-08-17,24.6,14.62,33.1,
2013-08-18,22.43,13.88,27.17,
2013-08-19,22.8,11.62,32.75,
2013-08-20,21.97,9.27,31.42,
2013-08-23,23.33,15.56,33.2,
2013-08-24,26.8,18.07,34.17,
2013-08-25,20.44,11.09,33.99,
2013-08-26,25.31,15.84,34.19,
2013-08-27,23.65,17.98,29.69,
2013-08-28,23.47,16.72,33.58,
2013-09-01,18.15,13.27,23.94,
2013-09-02,19.54,10.04,30.75,
2013-09-03,26.66,17.3,32.56,
2013-09-04,20.8,15.94,28.56,
2013-09-05,24.64,18.55,33.93,
2013-09-06,26.44,16.62,33.13,
2013-09-08,18.35,14.32,25.39,
2013-09-09,19.56,12.65,23.57,
2013-09-10,17.09,9.56,26.74,
2013-09-11,16.74,8.93,26.2,
2013-09-12,13.62,5.44,25.35,
2013-09-14,18.23,8.72,23.84,
2013-09-15,10.45,7.05,18.86,
2013-09-16,15.1,6.72,23.44,
2013-09-18,18.16,16.51,25.09,
2013-09-19,7.37,4.02,13.03,
2013-09-22,13.46,4.34,22.82,
2013-09-26,10.46,8.11,11.07,
2013-09-27,7.59,7.87,9.92,
2013-09-28,9.84,1.92,16.06,
2013-09-30,13.78,3.11,24.99,
2013-10-01,9.95,3.54,17.91,
2013-10-02,10.45,3.92,18.7,
2013-10-03,7.27,3.19,15.03,
2013-10-04,4.69,-0.44,5.29,
2013-10-05,1.62,-5.48,10.15,
2013-10-06,7.53,-4.38,21.77,
2013-10-07,11.31,0.18,23.79,
2013-10-09,10.94,5.64,16.99,
2013-10-10,10.88,3.1,17.69,
2013-10-11,7.26,5.18,9.68,
2013-10-13,3.24,-3.63,12.17,
2013-10-15,4.24,-0.24,9.21,
2013-10-16,4.45,-2.26,11.05,
2013-10-17,3.18,1.31,5.88,
2013-10-18,4.19,2.55,8.3,
2013-10-20,2.49,-2.35,6.11,
2013-10-21,2.19,-2.7,2.51,
2013-10-24,0.18,-4.7,4.63,
2013-10-25,6.35,-0.33,14.59,
2013-10-26,3.49,-4.3,10.85,
2013-10-27,1.03,-1.84,5.32,
2013-10-28,-2.67,-6.81,-2.69,
2013-10-31,3.62,-2.87,10.52,
2013-11-03,3.79,-4.26,9.75,
2013-11-04,-1.58,-4.89,0.1,
2013-11-05,-5.39,-9.28,5.55,
2013-11-08,4.4,-0.22,10.74,
2013-11-10,-4.82,-9.34,0.17,
2013-11-11,-9.39,-16.02,-4.97,
2013-11-12,-4.46,-13.14,9.27,
2013-11-13,5.4,-1.6,12.97,
2013-11-14,0.12,-2.87,8.06,
2013-11-15,-1.34,-6.4,8.62,
2013-11-16,0.36,-2.38,2.98,
2013-11-17,-1.89,-7.68,-0.9,
2013-11-18,-3.47,-13.03,7.79,
2013-11-20,-9.94,-15.5,-7.31,
2013-11-21,-17.03,-28.95,-12.84,
2013-11-22,-15.67,-27.77,-9.27,
2013-11-23,-15.82,-27.67,-4.3,
2013-11-24,-0.37,-7.52,2.52,
2013-11-25,-2.2,-6.98,-1.7,
2013-11-26,-10.64,-14.39,-7.22,
2013-11-27,-5.66,-10.42,-2.31,
2013-11-28,-7.46,-11.25,-5.17,
2013-11-29,-3.96,-13.1,0.77,
2013-11-30,-1.8,-8.69,4.28,
2013-12-01,-0.17,-3.17,3.26,
2013-12-02,-6.72,-9.35,1.87,
2013-12-08,-26.47,-32.01,-20.78,
2013-12-09,-18.28,-24.09,-8.24,
2013-12-10,-16.6,-24.27,-7.77,
2013-12-11,-18.81,-27.61,-9.0,
2013-12-12,-5.66,-12.45,0.28,
2013-12-13,-15.98,-17.61,-13.36,
2013-12-14,-13.04,-18.21,-10.54,
2013-12-15,-9.83,-13.56,2.63,
2013-12-17,-4.77,-9.12,-0.93,
2013-12-18,-4.9,-16.08,2.04,
2013-12-19,-19.45,-23.82,-17.95,
2013-12-21,-18.96,-23.11,-16.93,
2013-12-22,-23.0,-31.77,-19.67,
2013-12-24,-4.25,-10.18,1.61,
2013-12-25,-3.48,-8.09,-0.47,
2013-12-26,-2.96,-5.98,2.28,
2013-12-27,1.57,-0.73,3.36,
2013-12-28,-10.2,-20.16,4.71,
2013-12-29,-15.47,-20.2,-11.17,
2013-12-30,-16.22,-19.19,-9.39,
2014-01-01,-19.74,-18.59,-17.17,
2014-01-02,-16.84,-26.31,-7.27,
2014-01-03,-0.66,-12.68,4.52,
2014-01-04,-19.21,-20.64,-12.96,
2014-01-05,-24.82,-28.05,-21.28,
2014-01-06,-24.49,-29.37,-17.44,
2014-01-07,-15.42,-18.45,-14.12,
2014-01-09,-2.52,-8.3,1.36,
2014-01-10,-2.36,-6.57,2.22,
2014-01-11,-4.42,-12.03,5.29,
2014-01-13,-3.25,-9.81,2.83,
2014-01-15,0.87,-5.84,4.71,
2014-01-17,-3.29,-7.57,3.47,
2014-01-18,-0.22,-0.31,2.5,
2014-01-20,-9.75,-16.11,-0.04,
2014-01-21,-6.72,-14.24,-1.9,
2014-01-22,-15.38,-22.22,-3.41,
2014-01-24,2.46,1.1,4.97,
2014-01-26,-12.44,-20.75,3.83,
2014-01-27,-20.9,-25.1,-17.3,
2014-01-28,-16.94,-24.53,-8.86,
2014-01-29,-9.02,-13.23,-4.96,
2014-01-31,-15.12,-18.72,-7.58,
2014-02-01,-14.32,-18.72,-11.95,
2014-02-02,-11.26,-18.82,-7.18,
2014-02-04,-19.98,-19.51,-13.47,
2014-02-05,-20.96,-22.43,-16.73,
2014-02-06,-17.09,-21.83,-16.21,
2014-02-07,-18.8,-22.03,-8.99,
2014-02-08,-15.26,-19.57,-11.92,
2014-02-09,-19.33,-23.26,-16.03,
2014-02-10,-16.42,-26.77,-7.21,
2014-02-11,-7.29,-15.66,2.05,
2014-02-12,-8.9,-19.97,5.28,
2014-02-13,-14.26,-18.78,-1.09,
2014-02-16,-4.29,-12.25,0.48,
2014-02-17,0.0,-5.75,5.55,
2014-02-18,0.11,-1.45,7.36,
2014-02-20,-7.56,-12.64,-0.32,
2014-02-21,-11.65,-15.3,-7.86,
2014-02-22,-10.4,-17.43,-8.45,
2014-02-23,-15.44,-18.34,-12.19,
2014-02-24,-19.01,-19.56,-14.71,
2014-02-25,-18.11,-20.75,-15.05,
2014-02-27,-14.93,-24.68,-5.97,
2014-02-28,-16.09,-24.72,-6.47,
2014-03-02,-22.21,-25.85,-16.86,
2014-03-03,-14.99,-20.1,-9.01,
2014-03-04,-11.2,-14.61,-10.35,
2014-03-05,-3.56,-15.4,7.76,
2014-03-06,-3.86,-9.94,-0.83,
2014-03-08,-0.61,-10.34,10.96,
2014-03-10,3.25,-1.14,8.08,
2014-03-11,2.6,-3.14,4.93,
2014-03-12,5.43,-2.55,10.84,
2014-03-13,4.64,0.29,12.99,
2014-03-14,2.42,-3.03,6.2,
2014-03-15,-2.77,-6.44,-0.21,
2014-03-17,2.28,1.14,7.57,
2014-03-19,1.7,-3.82,7.75,
2014-03-20,2.75,-1.39,10.79,
2014-03-21,-6.28,-11.8,-0.29,
2014-03-22,-11.45,-15.05,-5.64,
2014-03-23,-8.99,-16.34,-1.5,
2014-03-24,-7.13,-11.24,-2.94,
2014-03-25,-7.54,-15.81,-1.69,
2014-03-26,-1.47,-4.35,1.7,
2014-03-27,-3.99,-11.24,2.03,
2014-03-28,-4.43,-7.9,-1.31,
2014-03-29,4.17,-9.85,15.58,
2014-03-30,1.32,-2.85,6.13,
2014-03-31,-7.24,-10.13,-5.49,
2014-04-01,-11.04,-19.7,-2.33,
2014-04-02,-5.32,-11.47,-2.52,
2014-04-03,-0.02,-5.98,0.46,
2014-04-05,4.12,-3.08,12.93,
2014-04-06,5.02,-0.87,12.86,
2014-04-07,4.39,-2.04,14.45,
2014-04-08,6.86,-2.71,20.7,
2014-04-09,8.43,5.53,21.46,
2014-04-10,6.29,-2.96,13.21,
2014-04-11,7.2,-3.27,13.96,
2014-04-12,2.45,-3.25,6.25,
2014-04-13,-0.98,-4.53,2.72,
2014-04-14,-1.97,-7.18,1.79,
2014-04-15,-0.09,-6.7,8.25,
2014-04-16,-2.88,-3.51,1.72,
2014-04-18,6.02,0.11,12.03,
2014-04-19,8.19,-1.65,15.4,
2014-04-20,8.21,-3.82,20.76,
2014-04-21,6.38,0.55,18.33,
2014-04-22,11.16,1.82,20.4,
2014-04-23,10.31,3.52,13.05,
2014-04-24,3.97,-2.19,12.9,
2014-04-25,10.97,0.62,20.92,
2014-04-26,9.31,3.44,14.9,
2014-04-27,4.95,1.63,5.99,
2014-04-29,2.88,0.62,10.2,
2014-04-30,5.93,-0.66,12.71,
2014-05-01,9.54,0.56,19.15,
2014-05-02,9.94,6.21,14.99,
2014-05-03,5.24,-0.1,8.13,
2014-05-04,1.41,0.48,3.2,
2014-05-05,8.76,-1.47,16.55,
2014-05-07,5.13,1.53,10.06,
2014-05-08,5.97,-0.32,11.17,
2014-05-09,10.11,-4.57,16.48,
2014-05-10,12.02,3.09,14.92,
2014-05-13,7.4,0.59,14.82,
2014-05-14,4.99,-5.05,11.47,
2014-05-15,7.03,-3.59,17.68,
2014-05-16,11.88,8.83,12.57,
2014-05-17,9.32,-0.46,19.57,
2014-05-18,14.99,6.27,24.67,
2014-05-19,15.74,9.4,19.92,
2014-05-20,10.42,4.55,14.42,
2014-05-21,11.98,1.66,21.21,
2014-05-22,16.42,5.01,27.63,
2014-05-23,22.05,8.25,29.95,
2014-05-24,20.75,14.13,27.48,
2014-05-25,17.68,12.09,24.28,
2014-05-26,15.89,10.87,26.22,
2014-05-27,19.26,14.79,24.75,
2014-05-28,20.11,13.91,26.87,
2014-05-29,22.59,17.88,27.33,
2014-05-30,17.7,11.14,23.27,
2014-05-31,16.96,10.08,23.44,
2014-06-01,16.94,10.79,18.99,
2014-06-02,12.99,10.1,15.98,
2014-06-03,16.07,7.24,22.45,
2014-06-05,15.14,9.52,24.65,
2014-06-06,10.48,4.35,15.17,
2014-06-07,13.59,5.3,20.79,
2014-06-08,14.36,6.4,19.11,
2014-06-09,18.69,5.32,26.52,
2014-06-10,16.56,9.99,23.28,
2014-06-13,13.42,7.88,24.12,
2014-06-15,15.17,7.34,18.47,
2014-06-17,17.55,14.3,21.16,
2014-06-19,16.54,8.89,21.5,
2014-06-22,16.86,9.56,21.07,
2014-06-25,14.19,5.17,19.76,
2014-06-29,17.37,13.7,21.23,
2014-06-30,13.27,11.73,16.07,
2014-07-01,14.97,11.18,21.54,
2014-07-02,14.72,5.72,22.48,
2014-07-03,17.1,7.71,24.48,
2014-07-04,23.22,15.19,33.09,
2014-07-11,19.94,14.52,25.19,
2014-07-14,14.25,6.34,20.05,
2014-07-15,15.3,5.22,23.2,
2014-07-21,20.99,15.35,24.54,
2014-07-22,19.38,12.48,27.15,
2014-07-23,22.0,18.3,29.55,
2014-07-25,18.9,10.17,28.46,
2014-07-26,16.6,9.95,21.92,
2014-07-29,19.86,11.71,28.49,
2014-08-01,21.88,12.33,28.16,
2014-08-02,20.88,12.12,26.97,
2014-08-04,19.71,18.38,24.5,
2014-08-06,17.48,16.33,23.12,
2014-08-08,22.8,15.11,30.92,
2014-08-09,19.14,15.83,27.61,
2014-08-11,20.09,7.57,28.24,
2014-08-12,24.41,13.74,35.51,
2014-08-13,23.98,16.72,33.44,
2014-08-14,27.51,19.19,32.2,
2014-08-16,20.48,16.56,26.59,
2014-08-17,20.64,19.18,27.99,
2014-08-18,21.66,13.89,27.63,
2014-08-19,21.9,14.12,31.37,
2014-08-20,21.53,15.38,26.9,
2014-08-21,18.32,10.76,24.4,
2014-08-22,14.89,15.25,18.83,
2014-08-23,12.06,12.85,16.84,
2014-08-24,11.1,10.47,15.08,
2014-08-25,8.58,7.06,15.59,
2014-08-26,12.06,4.88,19.79,
2014-08-27,18.68,8.51,27.12,
2014-08-29,14.68,13.5,22.68,
2014-08-30,13.76,7.48,24.55,
2014-08-31,17.48,10.76,21.95,
2014-09-01,14.22,7.7,22.37,
2014-09-02,16.79,9.06,22.99,
2014-09-03,16.75,5.89,26.93,
2014-09-04,11.61,6.23,14.68,
2014-09-05,11.01,3.16,23.41,
2014-09-06,15.43,6.41,26.27,
2014-09-07,18.04,6.3,30.07,
2014-09-09,8.09,3.12,12.76,
2014-09-13,5.71,1.11,13.48,
2014-09-14,5.21,-2.31,13.44,
2014-09-15,8.13,-0.08,20.35,
2014-09-16,12.54,0.69,22.83,
2014-09-17,11.48,0.49,24.06,
2014-09-18,18.9,7.62,27.87,
2014-09-19,19.54,12.3,27.84,
2014-09-20,16.28,8.44,20.54,
2014-09-21,13.23,1.67,22.9,
2014-09-22,15.36,5.34,28.31,
2014-09-23,18.15,6.44,29.44,
2014-09-25,22.83,15.64,35.75,
2014-09-26,24.47,13.87,31.54,
2014-09-27,17.15,11.97,22.77,
2014-09-28,10.46,8.91,10.87,
2014-09-29,7.67,4.0,10.85,
2014-09-30,8.42,8.79,11.1,
2014-10-01,12.26,6.88,13.63,
2014-10-02,4.54,3.7,9.41,
2014-10-04,4.07,-5.39,8.84,
2014-10-05,8.65,3.86,13.65,
2014-10-07,9.31,2.27,13.35,
2014-10-09,4.88,-1.54,10.86,
2014-10-10,5.15,-3.62,15.49,
2014-10-11,12.69,4.08,23.06,
2014-10-12,10.22,5.04,15.75,
2014-12-10,-2.06,-8.35,7.93,
2014-12-11,1.76,-4.17,10.57,
2014-12-12,2.88,-4.1,12.32,
2014-12-13,3.39,-0.78,7.4,
2014-12-14,-0.16,-3.47,0.54,
2014-12-15,-1.57,-4.07,-2.59,
2014-12-16,-5.85,-5.85,-6.12,
2014-12-17,-6.39,-9.48,-5.94,
2014-12-19,-5.55,-10.26,2.56,
2014-12-20,-1.96,-11.39,3.57,
2014-12-21,-2.12,-8.53,4.7,
2014-12-22,-3.59,-2.71,0.82,
2014-12-24,-3.03,-11.12,1.58,
2014-12-25,-5.04,-6.81,-4.13,
2014-12-26,-9.62,-10.02,-5.55,
2014-12-27,-7.02,-13.15,-3.48,
2014-12-29,-20.58,-26.26,-18.2,
2014-12-30,-20.37,-24.55,-17.31,
2015-01-02,-1.26,-9.31,1.35,
2015-01-03,-16.34,-20.93,-11.78,
2015-01-05,-22.39,-25.83,-17.26,
2015-01-06,-18.7,-24.05,-13.66,
2015-01-07,-20.26,-29.69,-10.66,
2015-01-08,-11.36,-17.87,-7.92,
2015-01-09,-19.67,-21.69,-15.46,
2015-01-10,-17.86,-22.24,-12.01,
2015-01-11,-15.6,-21.99,-14.01,
2015-01-12,-23.14,-30.69,-11.57,
2015-01-13,-12.79,-18.21,-6.26,
2015-01-14,-6.31,-10.99,0.56,
2015-01-15,-3.32,-5.17,2.87,
2015-01-16,-3.91,-12.45,4.6,
2015-01-17,0.99,-2.26,4.45,
2015-01-18,-1.49,-9.16,2.83,
2015-01-19,0.09,-0.69,4.11,
2015-01-20,-0.31,-3.31,0.18,
2015-01-21,-6.32,-9.0,-1.45,
2015-01-22,0.13,-9.24,3.47,
2015-01-23,1.46,-1.59,5.27,
2015-01-25,3.2,-0.56,6.07,
2015-01-26,3.19,-0.12,7.21,
2015-01-27,3.69,-2.74,11.02,
2015-01-28,0.1,-0.36,3.0,
2015-01-29,-2.45,-5.61,-0.03,
2015-01-30,-1.71,-7.1,3.71,
2015-02-01,-17.05,-25.21,-13.84,
2015-02-02,-12.43,-14.88,-10.22,
2015-02-03,-13.99,-18.89,-9.35,
2015-02-05,-7.41,-13.63,-0.04,
2015-02-07,-0.23,-7.0,6.58,
2015-02-11,-13.52,-20.1,-12.06,
2015-02-12,-8.34,-16.87,-0.56,
2015-02-13,-0.28,-5.87,4.23,
2015-02-14,-15.6,-14.75,-8.16,
2015-02-15,-8.36,-15.95,-1.25,
2015-02-16,-6.56,-16.72,-0.15,
2015-02-17,-15.4,-20.14,-11.06,
2015-02-18,-16.3,-22.94,-10.07,
2015-02-19,-4.52,-11.71,2.01,
2015-02-20,-1.95,-6.64,1.14,
2015-02-21,-15.37,-23.96,-7.21,
2015-02-22,-22.49,-27.64,-14.44,
2015-02-23,-6.93,-21.0,0.66,
2015-02-25,-13.35,-22.14,-5.82,
2015-02-27,-16.23,-24.91,-3.46,
2015-02-28,-12.79,-17.09,-8.81,
2015-03-01,-9.85,-14.3,-4.27,
2015-03-02,-7.52,-17.45,4.55,
2015-03-03,-13.04,-16.86,-7.89,
2015-03-04,-19.74,-23.94,-13.38,
2015-03-05,-10.7,-22.82,2.73,
2015-03-06,-0.7,-10.74,8.8,
2015-03-07,1.36,-2.78,4.15,
2015-03-09,4.84,-3.0,16.27,
2015-03-10,3.44,-3.02,9.8,
2015-03-11,4.46,-0.79,16.03,
2015-03-12,7.41,-0.75,15.79,
2015-03-13,7.14,0.16,17.51,
2015-03-14,8.64,-1.52,18.89,
2015-03-15,12.77,4.67,16.73,
2015-03-17,-1.26,-9.09,5.43,
2015-03-18,-0.39,-0.6,2.33,
2015-03-19,2.08,-0.52,10.29,
2015-03-20,2.14,-1.53,9.79,
2015-03-21,2.29,-2.65,6.81,
2015-03-22,2.26,-1.71,12.92,
2015-03-23,0.3,-7.88,7.04,
2015-03-24,-0.95,-2.74,0.76,
2015-03-26,0.49,-3.79,4.28,
2015-03-27,5.09,0.85,14.38,
2015-03-28,10.38,-1.8,26.25,
2015-03-29,7.89,2.48,16.53,
2015-03-30,9.06,5.09,18.01,
2015-03-31,11.44,-0.5,23.94,
2015-04-01,9.71,1.79,12.91,
2015-04-02,-2.11,-5.33,4.99,
2015-04-03,0.28,-8.02,8.26,
2015-04-05,-4.09,-3.99,1.34,
2015-04-06,-1.24,-5.0,0.2,
2015-04-07,1.47,-1.32,9.97,
2015-04-08,1.01,-7.1,5.96,
2015-04-09,5.99,-4.12,16.44,
2015-04-10,7.46,-6.25,17.79,
2015-04-11,14.29,3.73,22.32,
2015-04-12,9.3,-1.69,12.02,
2015-04-13,5.69,-3.3,14.48,
2015-04-14,14.11,-0.1,24.85,
2015-04-15,12.72,6.51,19.0,
2015-04-16,8.78,2.63,14.97,
2015-04-17,12.17,-1.68,18.83,
2015-04-18,10.48,1.08,22.25,
2015-04-19,4.66,-0.49,8.43,
2015-04-20,5.72,-3.44,9.83,
2015-04-21,3.11,-2.68,10.4,
2015-04-22,2.57,-8.93,11.61,
2015-04-23,3.77,-0.9,8.43,
2015-04-24,8.94,-1.77,17.84,
2015-04-25,8.16,4.28,12.86,
2015-04-26,6.8,1.49,12.02,
2015-04-27,6.38,3.72,11.13,
2015-04-28,9.57,2.14,18.19,
2015-04-29,15.53,5.92,25.19,
2015-04-30,14.89,7.85,18.97,
2015-05-02,15.14,6.06,27.06,
2015-05-03,10.51,6.85,17.75,
2015-05-04,12.03,1.55,20.63,
2015-05-05,17.57,9.86,25.48,
2015-05-06,12.12,9.74,14.4,
2015-05-07,6.28,2.57,13.34,
2015-05-08,5.46,1.55,7.93,
2015-05-09,5.52,2.93,9.15,
2015-05-10,5.87,-2.02,8.84,
2015-05-11,6.25,-2.48,14.99,
2015-05-12,9.81,3.51,18.64,
2015-05-13,9.39,7.33,13.09,
2015-05-14,6.72,5.57,13.33,
2015-05-15,8.78,0.28,16.8,
2015-05-16,10.12,8.0,13.52,
2015-05-17,5.15,-0.69,10.25,
2015-05-18,4.89,-0.21,11.47,
2015-05-19,3.89,-4.55,16.0,
2015-05-20,11.2,-2.17,21.09,
2015-05-21,14.53,1.71,22.72,
2015-05-22,15.04,4.72,23.28,
2015-05-23,16.07,4.96,21.0,
2015-05-24,16.45,5.44,24.15,
2015-05-25,15.57,5.82,21.71,
2015-05-26,17.31,6.7,26.62,
2015-05-27,15.66,6.95,24.82,
2015-05-28,15.85,11.56,20.67,
2015-05-29,8.2,5.76,12.35,
2015-05-30,11.2,0.45,16.46,
2015-05-31,13.01,8.36,18.66,
2015-06-01,17.91,8.92,30.1,
2015-06-05,17.27,10.57,22.21,
2015-06-09,22.02,17.64,23.64,
2015-06-11,17.39,13.11,23.61,
2015-06-12,20.11,14.2,30.94,
2015-10-06,3.72,-3.07,14.16,
2015-10-07,11.21,3.61,22.95,
2015-10-08,10.96,2.96,19.19,
2015-10-09,9.35,1.34,23.12,
2015-10-10,17.27,8.87,27.72,
2015-10-11,10.79,5.43,19.6,
2015-10-12,9.83,5.95,13.01,
2015-10-13,10.07,5.14,17.92,
2015-10-14,7.77,-2.3,19.38,
2015-10-15,5.95,-1.85,13.4,
2015-10-16,0.73,-5.92,14.08,
2015-10-17,2.87,-1.38,15.02,
2015-10-18,9.07,1.39,24.8,
2015-10-19,11.47,1.84,15.95,
2015-10-20,9.41,6.03,13.35,
2015-10-21,8.17,1.24,16.8,
2015-10-22,8.2,-0.06,20.73,
2015-10-23,8.38,2.48,14.59,
2015-10-24,4.09,-5.31,12.55,
2015-10-25,1.29,-2.88,9.77,
2015-10-26,1.73,-1.86,7.94,
2015-10-28,0.29,-0.12,0.44,
2015-10-29,-1.22,0.0,3.9,
2015-10-31,7.31,1.93,14.21,
2015-11-01,7.28,0.39,17.23,
2015-11-02,5.11,0.28,12.69,
2015-11-03,3.33,1.72,6.46,
2015-11-04,3.49,1.17,4.14,
2015-11-05,1.61,1.58,3.93,
2015-11-06,-0.8,-5.36,4.71,
2015-11-07,0.98,-3.35,10.95,
2015-11-08,4.23,-5.4,13.58,
2015-11-09,1.08,-4.99,10.55,
2015-11-10,-1.02,-4.02,0.74,
2015-11-13,2.08,-6.54,11.34,
2015-11-14,7.74,0.57,16.05,
2015-11-15,5.02,-5.5,15.22,
2015-11-16,0.19,-3.95,7.57,
2015-11-17,-2.31,-7.26,5.47,
2015-11-18,1.84,-5.17,8.27,
2015-11-19,-5.49,-14.21,-2.0,
2015-11-20,-8.75,-15.62,-3.53,
2015-11-21,-6.8,-13.28,-2.12,
2015-11-23,-4.99,-8.16,4.98,
2015-11-24,-0.69,-6.16,3.89,
2015-11-25,-8.69,-12.49,-1.28,
2015-11-29,-12.45,-18.54,-3.26,
2015-11-30,-9.22,-17.16,-2.82,
2015-12-01,-7.78,-13.62,-0.87,
2015-12-02,-3.35,-10.47,4.66,
2015-12-03,2.77,-7.36,8.29,
2015-12-04,2.26,-2.45,9.0,
2015-12-05,1.0,-5.56,7.54,
2015-12-06,1.68,-6.56,10.81,
2015-12-08,3.11,-1.05,10.88,
2015-12-11,-4.69,-1.34,-1.83,
2015-12-12,-3.7,-10.52,-1.13,
2015-12-13,-4.73,-7.83,1.3,
2015-12-14,-4.48,-4.09,0.15,
2015-12-15,-3.38,-4.42,-4.13,
2015-12-16,-4.79,-10.21,-4.19,
2015-12-17,-9.08,-14.0,-6.06,
2015-12-18,-12.59,-15.73,-9.9,
2015-12-19,-6.77,-11.93,1.96,
2015-12-20,-3.35,-7.93,-0.34,
2015-12-21,-3.96,-9.75,3.95,
2015-12-22,-4.78,-11.05,-1.02,
2015-12-23,-9.04,-12.65,-2.94,
2015-12-24,-6.73,-11.31,-2.28,
2015-12-25,-12.53,-18.45,-3.84,
2015-12-26,-17.6,-23.81,-10.64,
2015-12-27,-13.83,-23.63,-3.99,
2015-12-28,-11.49,-17.41,-7.56,
2015-12-29,-14.3,-17.26,-13.05,
2015-12-30,-12.9,-12.82,-11.34,
2016-01-01,-6.1,-7.2,-0.67,
2016-01-02,-6.7,-12.28,-1.68,
2016-01-03,-11.48,-18.42,-1.84,
2016-01-04,-9.08,-18.42,1.04,
2016-01-05,-10.22,-15.94,-7.37,
2016-01-06,-7.1,-9.13,-2.95,
2016-01-07,-5.8,-6.99,-4.6,
2016-01-08,-13.05,-16.82,-6.26,
2016-01-09,-18.88,-25.99,-16.99,
2016-01-12,-12.28,-18.24,-3.55,
2016-01-13,-4.08,-8.51,3.61,
2016-01-14,-3.92,-9.28,2.6,
2016-01-15,-7.88,-18.88,-5.95,
2016-01-16,-19.37,-25.52,-16.77,
2016-01-17,-22.76,-28.21,-17.73,
2016-01-18,-16.84,-26.8,-8.87,
2016-01-19,-9.39,-15.43,-0.56,
2016-01-20,-12.89,-17.58,-7.24,
2016-01-21,-8.09,-10.71,-7.7,
2016-01-22,-1.16,-7.17,4.46,
2016-01-23,0.61,-4.08,6.5,
2016-01-24,-3.22,-3.54,-3.02,
2016-01-25,-4.68,-7.62,-0.44,
2016-01-26,-7.11,-7.87,-0.39,
2016-01-27,1.97,-0.07,5.59,
2016-01-28,1.6,-6.84,7.67,
2016-01-29,3.71,0.01,8.34,
2016-01-30,2.09,-4.7,4.82,
2016-02-01,-2.48,-6.71,1.48,
2016-02-03,-6.14,-10.9,-3.43,
2016-02-04,-4.97,-12.04,1.78,
2016-02-05,-4.62,-13.77,3.07,
2016-02-06,4.02,-2.59,8.41,
2016-02-07,-1.45,-3.89,2.53,
2016-02-08,-3.6,-6.3,0.71,
2016-02-09,-0.92,-4.39,1.32,
2016-02-10,-0.9,-4.0,1.25,
2016-02-11,-7.37,-5.6,-4.75,
2016-02-12,-10.52,-17.98,-7.33,
2016-02-13,-7.61,-10.78,-2.7,
2016-02-15,-1.3,-4.86,2.91,
2016-02-17,-0.04,0.01,7.19,
2016-02-18,1.8,-2.28,2.13,
2016-02-19,3.02,0.34,8.3,
2016-02-20,-0.45,-6.43,6.76,
2016-02-21,-1.39,-5.2,1.65,
2016-02-22,-0.38,-8.11,8.53,
2016-02-23,-1.14,-5.51,3.77,
2016-02-24,-1.22,-3.47,-0.56,
2016-02-25,-2.29,-9.88,4.66,
2016-02-26,2.33,-4.13,14.03,
2016-02-27,5.88,-1.32,13.95,
2016-02-28,3.46,-1.81,8.56,
2016-02-29,-11.02,-10.68,-1.39,
2016-03-01,-6.72,-14.92,1.38,
2016-03-02,-3.03,-6.79,-0.62,
2016-03-03,-2.01,-3.7,2.26,
2016-03-04,2.85,-2.84,6.49,
2016-03-05,5.66,-4.88,19.51,
2016-03-06,6.62,1.03,17.61,
2016-03-09,-0.36,-10.9,12.08,
2016-03-10,3.91,-7.71,19.8,
2016-03-11,8.46,2.23,14.44,
2016-03-12,11.27,-0.16,21.09,
2016-03-14,5.68,-3.23,14.39,
2016-03-15,2.71,-0.71,7.94,
2016-03-16,2.54,-2.28,5.78,
2016-03-17,-4.14,-7.42,-2.45,
2016-03-18,-2.8,-3.34,-1.59,
2016-03-19,-4.45,-8.26,0.32,
2016-03-20,-1.55,-8.43,14.16,
2016-03-21,3.23,-5.47,10.68,
2016-03-22,-0.52,-1.23,2.8,
2016-03-23,-1.86,-4.82,3.13,
2016-03-24,3.07,-8.2,13.36,
2016-03-25,-2.24,-10.23,4.83,
2016-03-26,-1.38,-10.89,7.77,
2016-03-27,4.27,-5.64,14.28,
2016-03-28,6.15,-1.5,13.2,
2016-03-29,5.73,1.79,9.05,
2016-03-30,5.54,-5.4,11.75,
2016-04-01,1.35,-4.48,10.66,
2016-04-02,7.62,-3.93,22.95,
2016-04-03,9.54,-0.88,17.54,
2016-04-04,3.13,-6.77,16.13,
2016-04-05,7.65,0.17,12.12,
2016-04-06,2.72,-0.15,14.53,
2016-04-07,4.68,0.65,11.57,
2016-04-08,1.54,-4.48,10.35,
2016-04-09,6.97,-0.23,21.23,
2016-04-10,-0.64,-5.43,4.55,
2016-04-11,0.74,-12.9,8.9,
2016-04-12,6.56,-3.11,14.67,
2016-04-13,11.48,-0.4,22.6,
2016-04-14,13.28,1.78,17.27,
2016-04-15,6.02,3.47,7.9,
2016-04-16,2.05,0.05,1.14,
2016-04-17,2.89,0.46,4.46,
2016-04-18,5.48,1.93,8.3,
2016-04-19,6.59,4.71,13.57,
2016-04-20,11.78,1.77,19.22,
2016-04-21,9.02,4.66,14.52,
2016-04-22,12.66,1.15,21.2,
2016-04-23,9.2,2.29,18.34,
2016-04-24,3.77,4.07,6.38,
2016-04-25,1.19,-0.72,3.83,
2016-04-26,3.55,-1.84,3.37,
2016-04-27,5.55,3.32,8.73,
2016-04-28,6.26,0.34,12.62,
2016-04-29,8.06,-3.15,15.1,
2016-04-30,8.03,0.07,16.79,
2016-05-01,9.1,-1.13,18.76,
2016-05-02,13.23,5.34,21.92,
2016-05-03,15.12,6.42,25.05,
2016-05-04,17.65,3.67,27.99,
2016-05-05,23.13,9.28,32.16,
2016-05-06,13.23,9.72,18.41,
2016-05-07,14.23,0.37,21.67,
2016-05-08,14.72,4.68,24.64,
2016-05-09,14.06,5.94,22.58,
2016-05-10,8.44,4.45,14.68,
2016-05-11,4.87,2.15,11.23,
2016-05-12,4.99,-0.62,12.45,
2016-05-13,3.92,1.66,9.18,
2016-05-14,9.71,-1.48,14.85,
2016-05-15,9.88,-1.12,20.27,
2016-05-16,9.94,0.02,19.09,
2016-05-17,12.27,-0.46,21.5,
2016-05-18,18.25,8.74,22.5,
2016-05-19,16.67,7.26,26.43,
2016-05-20,18.72,10.72,24.33,
2016-05-21,18.4,9.85,22.85,
2016-05-22,17.83,13.35,26.34,
2016-05-23,14.29,4.51,22.27,
2016-05-24,14.4,2.9,21.79,
2016-05-25,12.63,9.24,15.07,
2016-05-27,13.74,6.79,18.92,
2016-05-28,14.61,11.43,22.58,
2016-05-29,15.48,5.7,22.42,
2016-05-30,11.95,6.36,13.95,
2016-05-31,10.13,6.35,11.01,
2016-06-01,10.75,5.83,19.59,
2016-06-02,17.99,7.16,27.41,
2016-06-03,17.5,11.42,21.97,
2016-06-04,19.06,9.74,26.01,
2016-06-05,19.5,10.14,26.02,
2016-06-06,16.47,7.94,21.52,
2016-06-08,22.26,15.52,29.69,
2016-06-12,17.51,14.33,23.0,
2016-06-15,18.75,13.99,25.79,
2016-06-16,22.84,16.92,29.29,
2016-06-17,20.28,12.6,24.07,
2016-06-18,21.06,12.62,31.9,
2016-06-19,20.49,15.85,25.87,
2016-06-20,17.58,7.18,27.04,
2016-06-21,21.14,11.19,29.91,
2016-06-22,16.2,9.32,20.59,
2016-06-23,16.76,6.7,26.7,
2016-06-24,22.73,14.92,30.93,
2016-06-26,18.49,12.94,22.08,
2016-06-27,17.42,10.02,22.27,
2016-06-28,18.66,9.32,27.72,
2016-06-29,19.2,9.7,28.96,
2016-06-30,16.02,9.24,23.56,
2016-07-01,17.37,9.23,27.09,
2016-07-02,22.79,16.27,30.49,
2016-07-03,22.77,17.68,30.32,
2016-07-04,21.89,14.17,29.74,
2016-07-05,19.41,12.88,24.36,
2016-07-06,15.27,9.99,23.24,
2016-07-07,15.77,10.72,23.27,
2016-07-08,19.15,9.51,27.42,
2016-07-09,26.17,18.29,31.59,
2016-07-10,21.25,18.94,26.9,
2016-07-11,19.93,15.01,23.62,
2016-07-12,16.17,16.08,21.61,
2016-07-13,17.83,15.3,25.94,
2016-07-15,17.67,8.05,23.96,
2016-07-16,17.48,14.66,23.68,
2016-07-17,19.03,12.8,25.66,
2016-07-18,23.46,13.2,32.52,
2016-07-19,25.76,18.42,36.42,
2016-07-20,27.82,17.58,35.12,
2016-07-21,26.47,13.17,35.84,
2016-07-22,23.9,14.26,32.9,
2016-07-31,27.48,17.78,35.99,
2016-08-01,22.02,17.44,28.99,
2016-08-02,20.17,10.78,30.3,
2016-08-03,23.38,18.46,31.98,
2016-08-04,19.12,14.37,23.54,
2016-08-05,17.92,8.15,28.53,
2016-08-06,22.01,12.64,30.01,
2016-08-07,22.84,14.46,26.45,
2016-08-08,24.47,18.14,31.42,
2016-08-10,22.12,16.6,27.83,
2016-08-11,20.1,14.2,27.72,
2016-08-12,18.89,10.89,24.69,
2016-08-13,20.61,11.92,26.03,
2016-08-14,18.92,8.15,30.25,
2016-08-15,22.0,11.03,28.86,
2016-08-17,25.32,15.47,35.52,
2016-08-18,21.78,13.37,26.46,
2016-08-27,17.73,8.15,27.75,
2016-08-28,24.15,13.58,33.55,
2016-08-29,18.1,12.01,26.69,
2016-08-30,19.57,8.88,27.82,
2016-08-31,25.77,16.95,33.47,
2016-09-02,26.43,20.68,29.92,
2016-09-03,19.82,12.0,23.72,
2016-09-04,11.56,12.69,13.01,
2016-09-05,13.03,9.5,13.34,
2016-09-06,13.65,9.83,18.95,
2016-09-08,12.1,5.21,20.16,
2016-09-09,12.22,7.62,18.92,
2016-09-10,13.55,5.31,22.96,
2016-09-11,15.39,7.2,27.45,
2016-09-12,9.85,8.22,11.98,
2016-09-13,6.7,1.42,13.52,
2016-09-17,15.56,7.39,27.66,
2016-09-18,17.3,12.05,23.87,
2016-09-20,14.2,4.59,21.85,
2016-09-21,12.16,10.72,14.14,
2016-09-22,11.24,9.88,13.8,
2016-09-23,8.8,10.26,12.69,
2016-09-24,13.57,9.65,15.65,
2016-09-25,12.09,7.27,16.04,
2016-09-26,9.8,2.67,18.35,
2016-09-27,13.45,1.96,25.34,
2016-09-29,17.44,6.36,22.59,
2016-10-01,13.34,5.34,26.26,
2016-10-02,17.79,10.29,24.15,
2016-10-06,0.76,-1.33,3.2,
2016-10-07,0.04,-0.25,2.95,
2016-10-08,2.51,-1.1,5.99,
2016-10-11,1.72,-0.75,1.84,
2016-10-22,9.18,-0.4,18.11,
2016-10-23,5.31,3.26,11.94,
2016-10-24,3.91,-1.1,11.76,
2016-10-25,6.69,3.22,10.54,
2016-10-26,7.24,0.5,14.08,
2016-10-27,11.31,2.89,18.21,
2016-10-28,9.3,4.63,15.34,
2016-10-29,3.61,1.72,6.97,
2016-10-30,6.52,3.69,10.67,
2016-10-31,5.8,4.27,7.46,
2016-11-02,4.68,-1.78,13.92,
2016-11-03,5.78,1.42,16.57,
2016-11-04,7.74,-1.19,20.81,
2016-11-05,7.69,-2.96,19.08,
2016-11-06,6.37,-1.1,20.85,
2016-11-07,4.48,-1.06,11.63,
2016-11-08,4.76,-4.46,14.91,
2016-11-09,8.66,1.42,19.53,
2016-11-10,7.31,-2.82,11.25,
2016-11-11,4.04,-7.01,14.59,
2016-11-12,7.45,3.0,17.27,
2016-11-13,9.61,0.19,13.88,
2016-11-14,6.33,1.14,17.26,
2016-11-15,6.43,4.68,11.72,
2016-11-16,6.93,0.84,7.06,
2016-11-17,-1.79,-2.72,2.58,
2016-11-18,-2.54,-7.49,-1.07,
2016-11-19,-4.93,-11.89,3.15,
2016-11-20,-1.71,-6.2,6.96,
2016-11-21,0.56,-2.41,5.75,
2016-11-23,-0.33,-0.58,2.56,
2016-11-24,-0.92,-2.94,4.17,
2016-11-25,-2.37,-9.88,8.28,
2016-11-26,0.63,-6.17,8.0,
2016-11-27,1.56,-0.37,9.34,
2016-11-28,-4.15,-4.35,-2.33,
2016-11-29,-3.55,-5.76,-1.77,
2016-11-30,-4.41,-3.64,-3.58,
2016-12-01,-3.43,-2.45,-1.54,
2016-12-02,-3.76,-8.97,-0.75,
2016-12-03,-2.25,-6.41,0.55,
2016-12-04,-2.29,-8.25,0.68,
2016-12-07,-15.13,-17.52,-17.99,
2016-12-08,-21.02,-26.21,-19.33,
2016-12-09,-26.41,-29.04,-19.19,
2016-12-11,-20.28,-24.26,-17.0,
2016-12-12,-16.53,-21.66,-16.85,
2016-12-13,-15.13,-19.69,-12.07,
2016-12-14,-21.75,-26.16,-18.04,
2016-12-15,-19.06,-25.43,-14.43,
2016-12-16,-16.92,-21.96,-15.81,
2016-12-18,-15.38,-25.99,-5.89,
2016-12-19,-3.01,-5.65,-1.31,
2016-12-21,-2.84,-7.15,4.05,
2016-12-22,-3.84,-9.42,-1.66,
2016-12-23,-8.81,-14.46,-3.57,
2016-12-24,-10.15,-15.3,-7.11,
2016-12-26,-14.1,-18.35,-11.52,
2016-12-27,-14.58,-21.45,-2.54,
2016-12-28,-4.29,-6.67,-2.12,
2016-12-29,-8.35,-11.96,-6.21,
2016-12-30,-5.16,-9.58,-1.0,
2017-01-01,-9.41,-14.25,-8.57,
2017-01-02,-15.04,-17.33,-12.94,
2017-01-03,-24.96,-28.46,-17.4,
2017-01-04,-21.88,-27.19,-20.5,
2017-01-05,-19.77,-23.74,-17.17,
2017-01-06,-21.58,-29.83,-18.3,
2017-01-07,-27.28,-34.36,-20.79,
2017-01-08,-18.09,-22.03,-13.12,
2017-01-09,-14.95,-17.63,-11.3,
2017-01-10,-15.8,-17.17,-12.55,
2017-01-11,-23.12,-26.69,-18.56,
2017-01-13,-18.23,-25.59,-12.61,
2017-01-14,-17.15,-21.38,-11.22,
2017-01-15,-12.98,-18.75,-6.89,
2017-01-16,-12.38,-15.19,-5.92,
2017-01-17,-7.6,-17.78,1.0,
2017-01-18,-0.5,-5.62,4.43,
2017-01-19,-4.36,-8.7,-0.2,
2017-01-20,-5.22,-10.69,-1.25,
2017-01-21,-3.69,-7.07,-0.34,
2017-01-22,-2.65,-5.19,-0.14,
2017-01-23,-4.69,-5.77,-1.54,
2017-01-24,-9.3,-8.08,-6.16,
2017-01-25,-8.88,-10.47,-9.91,
2017-01-28,1.59,-3.23,2.27,
2017-01-29,0.5,-1.53,4.62,
2017-01-30,2.48,-0.52,5.28,
2017-01-31,-6.58,-9.13,-3.73,
2017-02-01,-14.03,-14.98,-9.08,
2017-02-02,-16.97,-20.67,-12.21,
2017-02-03,-15.36,-19.45,-8.77,
2017-02-04,-14.15,-17.65,-9.43,
2017-02-05,-11.26,-16.45,-10.51,
2017-02-06,-13.88,-15.47,-12.57,
2017-02-07,-20.4,-27.54,-15.97,
2017-02-08,-23.73,-29.72,-17.69,
2017-02-09,-13.52,-26.48,2.37,
2017-02-10,2.79,-1.03,4.05,
2017-02-11,0.33,-3.33,4.88,
2017-02-12,-4.76,-5.72,1.15,
2017-02-13,-2.72,-3.25,2.78,
2017-02-14,-3.21,-6.3,1.69,
2017-02-15,-0.5,-5.34,5.02,
2017-02-16,2.74,-1.02,7.25,
2017-02-17,2.21,-0.78,7.92,
2017-02-18,1.82,-3.42,3.35,
2017-02-19,-0.59,-1.64,1.99,
2017-02-20,3.33,-0.37,7.29,
2017-02-21,-0.6,-0.63,8.23,
2017-02-22,-0.9,-2.46,-1.54,
2017-02-23,-7.68,-12.44,-3.83,
2017-02-24,-7.62,-12.47,-4.3,
2017-02-25,-6.17,-14.07,-3.26,
2017-02-26,-8.2,-14.69,-5.26,
2017-02-27,-10.16,-19.23,-6.95,
2017-02-28,-8.98,-18.26,-2.63,
2017-03-01,-10.23,-16.66,-3.59,
2017-03-02,-9.08,-16.74,-6.53,
2017-03-03,-0.07,-11.12,6.47,
2017-03-04,0.61,-3.37,7.06,
2017-03-05,3.86,-2.67,9.61,
2017-03-06,-5.51,-8.77,-1.55,
2017-03-10,-15.7,-18.47,-12.4,
2017-03-11,-14.38,-15.25,-9.53,
2017-03-13,-15.76,-20.81,-11.55,
2017-03-14,-6.03,-9.95,-3.4,
2017-03-15,0.96,-5.21,7.45,
2017-03-16,4.7,-0.11,10.06,
2017-03-17,2.28,-2.83,4.34,
2017-03-18,3.92,-2.77,16.46,
2017-03-19,7.96,1.38,10.89,
2017-03-20,3.43,-3.33,9.29,
2017-03-22,-0.17,-2.83,9.61,
2017-03-24,5.46,-2.45,13.27,
2017-03-25,8.95,2.81,13.36,
2017-03-26,7.67,2.59,17.87,
2017-03-27,6.81,0.3,16.73,
2017-03-28,6.14,1.76,13.39,
2017-03-29,6.41,-1.81,16.12,
2017-03-30,8.72,3.66,16.6,
2017-03-31,8.88,2.29,10.32,
2017-04-01,7.64,5.13,16.45,
2017-04-02,8.18,3.41,13.17,
2017-04-03,3.05,-0.68,12.63,
2017-04-07,14.25,3.62,24.37,
2017-04-08,13.73,8.68,19.76,
2017-04-09,3.08,1.39,6.06,
2017-04-10,1.28,-4.14,9.92,
2017-04-11,7.88,-2.69,16.65,
2017-04-12,6.97,0.75,19.25,
2017-04-13,12.1,2.84,18.99,
2017-04-15,5.68,-0.65,9.05,
2017-04-16,-0.38,-5.23,5.37,
2017-04-17,0.6,-9.8,9.49,
2017-04-18,5.54,2.09,12.47,
2017-04-19,6.56,-0.42,10.37,
2017-04-20,7.86,4.63,15.3,
2017-04-21,8.77,1.23,17.0,
2017-04-22,6.66,2.57,12.03,
2017-04-23,0.07,-1.53,4.66,
2017-04-24,-0.78,-2.99,1.67,
2017-04-25,-0.57,-1.55,3.02,
2017-04-26,3.52,-5.15,10.35,
2017-04-27,3.26,-6.31,10.58,
2017-04-28,2.94,-6.65,10.94,
2017-04-29,6.76,-1.19,15.89,
2017-04-30,9.88,-1.91,18.78,
2017-05-01,9.17,6.06,14.47,
2017-05-02,11.66,2.23,15.72,
2017-05-03,10.95,1.94,15.48,
2017-05-04,14.8,1.99,25.2,
2017-05-05,17.39,5.6,26.84,
2017-05-06,20.76,11.07,28.1,
2017-05-08,12.16,9.1,20.54,
2017-05-09,11.39,0.43,19.38,
2017-05-10,11.73,3.9,20.18,
2017-05-11,17.44,5.55,24.43,
2017-05-12,17.91,7.05,28.63,
2017-05-13,20.05,9.59,27.52,
2017-05-14,15.67,8.28,20.08,
2017-05-15,11.53,5.05,19.93,
2017-05-16,13.36,7.97,16.91,
2017-05-18,7.39,-0.94,14.6,
2017-05-19,7.49,-1.92,14.33,
2017-05-20,12.65,6.15,16.85,
2017-05-21,13.25,0.34,20.64,
2017-05-22,14.12,9.65,17.8,
2017-05-23,13.2,2.5,21.37,
2017-05-24,16.14,9.04,25.18,
2017-05-26,12.07,10.47,19.72,
2017-05-28,15.06,5.97,20.87,
2017-05-29,12.25,5.96,19.18,
2017-05-30,11.01,1.33,17.9,
2017-05-31,15.22,-0.7,25.7,
2017-06-01,22.91,9.99,33.23,
2017-06-02,23.76,14.42,28.72,
2017-06-03,16.22,10.41,27.64,
2017-06-04,20.19,6.82,30.88,
2017-06-05,24.16,17.65,33.63,
2017-06-06,15.87,10.46,23.08,
2017-06-07,19.37,6.06,24.31,
2017-06-08,17.32,11.57,26.04,
2017-06-09,24.39,18.25,29.35,
2017-06-10,19.44,14.74,25.09,
2017-06-11,18.12,10.24,24.28,
2017-06-12,18.2,7.07,26.31,
2017-06-13,17.02,13.37,19.99,
2017-06-14,15.48,12.9,19.86,
2017-06-15,15.81,11.74,22.71,
2017-06-16,16.6,8.41,21.42,
2017-06-17,16.32,10.47,19.76,
2017-06-20,16.06,8.26,23.5,
2017-06-21,20.13,13.35,25.14,
2017-06-22,14.69,11.51,20.93,
2017-06-23,13.39,8.75,19.22,
2017-06-24,11.64,7.39,18.39,
2017-06-25,13.33,5.93,20.43,
2017-06-26,16.63,6.3,27.01,
2017-06-27,23.36,16.4,31.35,
2017-06-28,20.12,9.98,26.77,
2017-06-29,17.98,7.43,25.75,
2017-06-30,13.06,4.89,21.1,
2017-07-01,19.3,12.61,25.98,
2017-07-02,19.68,10.49,27.58,
2017-07-03,22.68,11.76,31.77,
2017-07-04,26.08,13.98,32.96,
2017-07-05,27.52,17.05,36.25,
2017-07-06,23.03,15.31,30.58,
2017-07-07,20.96,10.22,29.2,
2017-07-08,22.91,9.5,36.26,
2017-07-09,24.2,19.15,30.94,
2017-07-10,24.96,15.08,34.96,
2017-07-11,24.03,17.4,30.3,
2017-07-12,18.78,15.49,23.05,
2017-07-13,19.26,9.39,28.48,
2017-07-14,27.58,15.87,37.55,
2017-07-15,22.39,12.24,29.58,
2017-07-16,27.81,19.62,39.21,
2017-07-17,23.83,16.2,30.88,
2017-07-18,21.23,9.13,29.67,
2017-07-19,24.09,15.36,31.76,
2017-07-20,25.12,15.34,32.14,
2017-07-21,24.85,16.94,33.96,
2017-07-22,19.04,11.89,27.96,
2017-07-23,22.18,9.41,31.84,
2017-07-24,27.62,21.13,35.42,
2017-07-25,22.91,15.79,29.14,
2017-07-26,23.75,11.78,30.27,
2017-07-27,23.34,16.23,26.85,
2017-07-28,24.93,16.91,32.94,
2017-07-29,24.33,17.72,33.2,
2017-07-30,26.17,12.2,33.4,
2017-07-31,26.18,18.08,33.2,
2017-08-01,20.15,15.34,29.04,
2017-08-02,16.89,13.3,18.73,
2017-08-03,15.94,5.62,21.15,
2017-08-04,15.86,9.05,24.7,
2017-08-05,14.43,11.83,16.16,
2017-08-06,16.15,13.49,23.04,
2017-08-07,16.51,7.74,25.94,
2017-08-08,21.14,12.4,30.17,
2017-08-09,17.18,12.11,21.59,
2017-08-10,15.47,8.53,25.26,
2017-08-11,20.1,10.14,28.65,
2017-08-12,17.62,14.07,22.37,
2017-08-13,18.02,8.25,25.3,
2017-08-14,17.37,11.18,27.82,
2017-08-15,18.01,15.14,23.19,
2017-08-18,19.26,10.96,28.56,
2017-08-19,20.11,15.46,30.4,
2017-08-20,17.24,9.7,27.26,
2017-08-21,17.63,9.65,25.54,
2017-08-22,15.66,3.43,28.35,
2017-08-23,21.24,7.68,32.93,
2017-08-24,23.37,12.1,31.95,
2017-08-25,20.81,17.22,22.19,
2017-08-26,19.37,11.71,25.79,
2017-08-29,21.73,9.22,36.43,
2017-08-30,23.4,16.86,29.85,
2017-08-31,23.25,16.26,31.96,
2017-09-01,20.68,13.8,24.74,
2017-09-02,19.22,7.77,30.29,
2017-09-04,16.21,10.09,20.58,
2017-09-05,14.99,6.09,20.12,
2017-09-06,14.51,5.89,27.61,
2017-09-07,18.15,5.77,28.99,
2017-09-08,19.69,9.39,27.93,
2017-09-09,20.46,12.62,34.02,
2017-09-10,21.4,16.42,28.89,
2017-09-11,18.36,7.94,29.83,
2017-09-12,20.23,9.83,32.06,
2017-09-13,16.49,5.08,24.51,
2017-09-14,14.27,11.56,18.71,
2017-09-15,7.92,4.71,11.73,
2017-09-16,6.11,5.26,9.01,
2017-09-19,15.43,10.32,16.04,
2017-09-20,11.52,3.34,20.04,
2017-09-22,7.94,5.69,10.84,
2017-09-23,7.32,5.05,9.55,
2017-09-27,11.62,6.02,20.83,
2017-09-28,12.1,5.01,18.12,
2017-09-29,13.68,4.36,21.59,
2017-09-30,15.1,9.21,25.13,
2017-10-03,3.87,1.52,4.63,
2017-10-04,5.57,1.61,12.41,
2017-10-06,6.7,-2.04,19.47,
2017-10-07,11.21,5.38,17.97,
2017-10-10,8.11,-0.83,18.2,
2017-10-11,8.22,-3.13,18.44,
2017-10-12,5.58,0.98,9.54,
2017-10-13,2.4,-6.53,10.27,
2017-10-14,3.83,-1.6,8.03,
2017-10-17,13.19,2.82,23.6,
2017-10-18,9.9,5.36,20.21,
2017-10-19,12.67,2.62,26.45,
2017-10-21,8.42,0.41,13.64,
2017-10-24,7.74,-0.25,15.61,
2017-10-25,12.26,1.83,22.64,
2017-10-26,-0.11,-6.96,8.97,
2017-10-27,-2.66,-11.04,8.7,
2017-10-28,5.15,-7.16,15.36,
2017-10-31,-2.05,-5.82,4.25,
2017-11-01,2.05,-5.57,3.32,
2017-11-02,-1.39,-3.39,-1.71,
2017-11-03,-1.42,-4.18,-3.12,
2017-11-05,-8.83,-13.11,-8.78,
2017-11-07,-11.34,-16.84,-2.57,
2017-11-10,-1.2,-6.04,5.12,
2017-11-11,-6.27,-10.71,1.81,
2017-11-14,0.96,-5.49,10.54,
2017-11-15,-8.37,-12.76,-4.2,
2017-11-16,-2.97,-10.51,2.44,
2017-11-17,-1.74,-10.61,5.03,
2017-11-18,-7.93,-11.42,-2.9,
2017-11-21,-12.28,-16.85,-9.35,
2017-11-22,0.51,-13.58,11.85,
2017-11-23,5.54,-1.99,18.69,
2017-11-24,6.46,-2.41,11.61,
2017-11-25,1.18,-3.74,10.86,
2017-11-29,2.12,-0.01,6.42,
2017-11-30,-0.23,-4.49,5.47,
2017-12-01,1.73,-4.86,8.91,
2017-12-02,-0.79,-6.64,8.36,
2017-12-05,-4.25,-11.26,-0.5,
2017-12-07,-4.17,-13.43,-0.46,
2017-12-08,0.0,-4.15,2.11,
2017-12-09,-0.44,-9.45,6.54,
2017-12-12,2.9,-3.85,11.81,
2017-12-13,0.25,-1.55,7.04,
2017-12-14,-1.84,-5.01,2.63,
2017-12-15,1.07,-3.4,6.72,
2017-12-16,-0.64,-5.8,3.19,
2017-12-19,-1.2,-5.19,0.04,
2017-12-20,-9.74,-11.92,-3.52,
2017-12-21,-10.87,-22.81,-7.16,
2017-12-22,-7.9,-13.37,-6.17,
2017-12-27,-22.68,-33.88,-12.52,
2017-12-28,-21.77,-26.11,-21.02,
2017-12-29,-22.94,-27.82,-20.35,
2018-01-02,-12.98,-27.62,-6.63,
2018-01-03,-9.3,-14.24,-3.41,
2018-01-04,-9.38,-13.0,-6.54,
2018-01-06,-4.35,-8.53,3.15,
2018-01-09,-2.42,-9.04,5.98,
2018-01-10,-10.25,-18.87,1.92,
2018-01-11,-23.4,-33.06,-19.04,
2018-01-12,-30.41,-35.83,-22.21,
2018-01-16,-19.35,-29.01,-8.59,
2018-01-17,-3.29,-14.2,2.17,
2018-01-18,0.0,-6.68,5.27,
2018-01-19,2.41,-1.94,3.51,
2018-01-20,-1.03,-4.12,2.7,
2018-01-23,-5.39,-9.69,0.42,
2018-01-24,-9.04,-14.02,2.66,
2018-01-25,-5.03,-11.45,4.65,
2018-01-26,-2.39,-6.66,-0.11,
2018-01-30,0.0,-6.28,6.86,
2018-02-01,-18.45,-23.99,-14.14,
2018-02-02,-13.07,-19.17,-9.63,
2018-02-06,-21.18,-29.04,-12.66,
2018-02-07,-18.37,-26.93,-11.53,
2018-02-08,-17.7,-23.19,-12.14,
2018-02-13,-11.25,-24.31,-2.8,
2018-02-14,-0.44,-5.71,3.24,
2018-02-15,-13.43,-18.74,-7.13,
2018-02-16,-9.34,-19.42,-0.33,
2018-02-20,-15.46,-21.76,-13.11,
2018-02-21,-17.78,-23.86,-7.29,
2018-02-22,-19.66,-26.24,-11.2,
2018-02-27,-8.72,-14.69,2.52,
2018-02-28,-6.77,-12.73,-0.75,
2018-03-01,-4.95,-16.94,5.9,
2018-03-02,-2.34,-4.6,-1.94,
2018-03-03,-4.7,-7.0,-2.97,
2018-03-06,-8.89,-11.48,-9.42,
2018-03-07,-13.21,-20.99,-8.39,
2018-03-08,-12.51,-19.64,-9.86,
2018-03-09,-4.14,-11.07,-0.65,
2018-03-10,-7.14,-13.08,-4.27,
2018-03-13,-4.1,-15.42,3.46,
2018-03-14,-3.19,-12.07,2.66,
2018-03-15,-2.4,-6.22,2.68,
2018-03-16,-0.86,-7.94,3.14,
2018-03-20,1.19,-1.81,2.55,
2018-03-21,-1.98,-7.54,7.15,
2018-03-22,-0.31,-4.03,5.27,
2018-03-23,-0.73,-1.67,-0.13,
2018-03-24,2.41,-0.51,4.57,
2018-03-29,-2.93,-6.84,2.61,
2018-03-30,-8.59,-12.0,-3.16,
2018-04-03,-6.91,-10.96,-2.16,
2018-04-04,-4.21,-10.05,2.02,
2018-04-05,-6.87,-11.67,-3.71,
2018-04-06,-13.17,-17.25,-8.93,
2018-04-07,-6.21,-15.5,1.79,
2018-04-11,4.28,0.54,8.91,
2018-04-12,0.69,-2.13,4.79,
2018-04-13,-2.71,-4.67,1.26,
2018-04-17,3.48,3.69,6.74,
2018-04-18,2.46,0.12,11.61,
2018-04-19,3.61,-1.98,11.48,
2018-04-20,8.58,0.61,17.15,
2018-04-25,10.72,-1.14,20.56,
2018-04-26,10.29,-1.49,20.42,
2018-04-27,9.35,1.91,17.09,
2018-04-28,13.21,0.93,21.25,
2018-04-29,16.95,10.16,27.26,
2018-04-30,8.92,8.35,11.77,
2018-05-01,8.22,4.84,10.92,
2018-05-03,12.62,1.38,22.68,
2018-05-04,15.18,4.64,26.28,
2018-05-05,15.73,8.46,22.65,
2018-05-06,17.62,6.33,27.83,
2018-05-07,15.93,9.15,24.61,
2018-05-08,17.87,9.99,22.76,
2018-05-11,6.69,3.71,12.08,
2018-05-12,12.47,6.06,16.74,
2018-05-13,14.5,3.64,22.76,
2018-05-14,15.97,9.47,25.14,
2018-05-16,22.56,8.88,31.0,
2018-05-17,17.72,13.54,22.14,
2018-05-18,8.52,7.16,13.02,
2018-05-20,13.32,0.3,20.23,
2018-05-23,19.79,11.61,25.48,
2018-05-24,20.01,12.21,27.27,
2018-05-26,21.82,12.51,33.85,
2018-05-27,19.47,16.29,26.0,
2018-05-28,20.83,14.82,23.05,
2018-05-29,20.53,15.9,25.47,
2018-05-30,20.94,15.38,26.1,
2018-05-31,17.24,15.26,21.84,
2018-06-01,16.45,14.26,21.67,
2018-06-02,12.72,6.7,20.93,
2018-06-03,18.07,7.09,24.54,
2018-06-04,21.64,10.6,32.2,
2018-06-06,18.45,8.92,26.82,
2018-06-07,22.88,15.58,28.46,
2018-06-08,22.98,15.88,29.26,
2018-06-09,23.92,14.21,32.47,
2018-06-10,23.01,17.98,29.3,
2018-06-11,15.83,8.84,22.91,
2018-06-14,21.27,13.09,31.24,
2018-06-15,16.7,9.08,24.58,
2018-06-16,12.16,9.97,17.1,
2018-06-17,17.51,11.37,21.48,
2018-06-18,16.86,9.68,23.96,
2018-06-19,20.38,13.81,23.53,
2018-06-20,21.46,9.6,28.05,
2018-06-22,18.63,16.28,28.1,
2018-06-24,20.43,13.53,26.32,
2018-06-25,20.01,12.18,27.26,
2018-06-29,16.3,15.09,25.17,
2018-06-30,18.97,13.3,24.37,
2018-07-01,20.28,11.27,26.85,
2018-07-02,21.18,11.19,26.13,
2018-07-03,21.44,13.66,24.46,
2018-07-04,17.82,12.03,23.16,
2018-07-05,18.19,9.74,26.96,
2018-07-06,24.6,16.56,33.02,
2018-07-07,27.73,21.75,32.49,
2018-07-08,25.19,17.22,32.39,
2018-07-09,25.57,16.41,34.26,
2018-07-10,26.13,21.44,32.18,
2018-07-11,22.56,20.66,27.67,
2018-07-12,21.68,14.57,30.07,
2018-07-13,24.84,12.61,34.3,
2018-07-14,26.83,19.79,33.97,
2018-07-15,17.91,9.19,27.07,
2018-07-16,20.67,10.17,27.43,
2018-07-17,21.25,10.3,29.18,
2018-07-18,23.36,14.4,27.61,
2018-07-19,23.48,18.12,30.0,
2018-07-20,20.99,14.77,26.93,
2018-07-21,21.14,14.41,30.51,
2018-07-22,19.85,15.63,26.91,
2018-07-24,19.44,12.23,27.32,
2018-07-25,18.55,10.3,24.38,
2018-07-26,14.69,10.91,21.82,
2018-07-27,17.15,10.11,22.8,
2018-07-28,19.04,8.49,25.81,
2018-07-29,19.82,9.95,28.25,
2018-07-30,21.08,11.24,29.98,
2018-07-31,19.08,13.85,26.26,
2018-08-01,19.19,13.25,25.2,
2018-08-02,24.51,10.33,35.6,
2018-08-03,23.71,13.18,34.18,
2018-08-04,24.58,19.24,30.46,
2018-08-05,19.52,13.13,25.82,
2018-08-06,19.57,14.13,27.31,
2018-08-07,23.65,13.78,31.97,
2018-08-08,20.95,10.59,33.07,
2018-08-09,25.18,11.97,37.42,
2018-08-10,24.54,12.3,36.4,
2018-08-11,28.77,19.16,40.62,
2018-08-12,32.12,19.88,41.35,
2018-08-13,19.73,13.6,25.49,
2018-08-15,21.23,12.94,30.07,
2018-08-16,22.24,13.52,31.54,
2018-08-18,25.19,18.88,33.32,
2018-08-20,13.48,5.14,21.14,
2018-08-22,18.35,5.02,27.94,
2018-08-24,21.11,8.0,32.18,
2018-08-26,13.49,5.76,18.25,
2018-08-27,12.31,10.37,12.28,
2018-08-28,11.96,9.24,15.55,
2018-08-30,20.9,10.1,31.62,
2018-08-31,18.44,12.72,26.14,
2018-09-01,18.46,5.8,28.94,
2018-09-02,14.63,4.38,24.31,
2018-09-03,21.29,11.92,31.73,
2018-09-04,14.2,7.83,20.61,
2018-09-05,13.59,4.51,20.59,
2018-09-07,16.16,7.62,27.28,
2018-09-08,21.73,16.31,32.62,
2018-09-09,14.98,10.8,24.6,
2018-09-10,16.84,7.01,27.14,
2018-09-11,18.61,13.2,23.07,
2018-09-12,13.12,6.62,18.82,
2018-09-13,13.28,6.43,20.69,
2018-09-14,15.81,10.78,20.96,
2018-09-15,11.74,8.34,18.97,
2018-09-18,12.06,0.41,22.47,
2018-09-20,6.4,3.47,8.44,
2018-09-21,5.88,1.8,13.78,
2018-09-22,11.24,3.34,20.92,
2018-09-23,4.35,2.97,5.14,
2018-09-24,6.74,5.86,12.25,
2018-09-25,7.73,2.49,10.59,
2018-09-26,7.04,-0.05,17.59,
2018-09-27,6.1,2.81,12.28,
2018-09-29,7.72,1.16,9.78,
2018-10-01,6.68,-0.49,13.31,
2018-10-02,9.09,3.16,16.33,
2018-10-03,2.85,-2.48,4.69,
2018-10-04,-1.72,-5.01,4.73,
2018-10-05,2.08,1.36,4.33,
2018-10-06,0.91,-6.17,9.5,
2018-10-07,3.68,-2.08,7.45,
2018-10-08,2.77,-1.81,6.11,
2018-10-09,4.27,1.18,4.36,
2018-10-10,-1.15,-2.68,1.22,
2018-10-11,0.23,-8.12,5.9,
2018-10-12,6.56,-3.48,13.6,
2018-10-13,1.98,-2.13,10.52,
2018-10-14,-2.59,-6.67,1.09,
2018-10-17,8.29,-2.08,18.86,
2018-10-18,8.22,-0.04,24.75,
2018-10-19,9.67,6.92,15.37,
2018-10-20,3.01,-7.72,13.01,
2018-10-21,7.43,-2.42,17.44,
2018-10-22,0.44,-5.03,11.78,
2018-10-23,5.99,-4.28,14.69,
2018-10-24,9.63,3.18,21.48,
2018-10-25,9.54,1.15,17.41,
2018-10-26,7.82,-0.38,17.75,
2018-10-27,7.52,3.1,11.88,
2018-10-28,6.75,-1.37,12.07,
2018-10-29,8.34,3.21,6.66,
2018-10-31,2.37,-1.41,9.09,
2018-11-03,0.54,-2.56,3.38,
2018-11-04,3.7,-0.2,5.56,
2018-11-06,-8.54,-11.62,-6.13,
2018-11-07,-11.21,-13.11,-6.51,
2018-11-08,-11.46,-18.15,-8.33,
2018-11-09,-10.01,-19.63,-8.27,
2018-11-10,-5.54,-8.33,0.56,
2018-11-11,-8.56,-11.96,-5.71,
2018-11-12,-10.5,-14.15,-6.83,
2018-11-13,-1.64,-15.34,4.68,
2018-11-14,3.27,-1.28,8.27,
2018-11-15,3.06,1.26,5.61,
2018-11-16,-3.47,-9.7,0.3,
2018-11-17,-11.74,-15.28,-9.99,
2018-11-18,-5.87,-10.42,0.55,
2018-11-19,-7.67,-10.57,-5.46,
2018-11-21,-2.39,-2.33,0.68,
2018-11-22,-2.4,-6.51,4.95,
2018-11-23,1.38,0.07,8.88,
2018-11-25,-6.83,-6.86,-4.65,
2018-11-27,-2.26,-8.49,0.66,
2018-11-29,-0.54,-2.15,4.21,
2018-12-01,-0.81,-3.14,0.5,
2018-12-02,-5.09,-7.73,-2.06,
2018-12-03,-3.01,-5.74,-1.5,
2018-12-05,-6.5,-10.26,-5.74,
2018-12-06,-9.78,-10.45,-6.28,
2018-12-07,-8.57,-16.07,-1.26,
2018-12-08,-9.7,-11.95,-4.39,
2018-12-09,-8.18,-12.25,1.77,
2018-12-10,-1.25,-7.94,5.5,
2018-12-11,-2.14,-6.67,5.16,
2018-12-12,1.02,-5.63,6.67,
2018-12-13,0.04,-8.19,3.45,
2018-12-15,1.69,-2.77,7.02,
2018-12-16,-2.52,-4.18,2.41,
2018-12-17,-1.28,-4.96,8.08,
2018-12-19,2.62,-1.49,6.48,
2018-12-20,1.24,-4.6,4.58,
2018-12-21,0.9,-4.25,3.75,
2018-12-22,-1.65,-4.48,-0.35,
2018-12-23,-4.25,-9.96,-0.01,
2018-12-24,-4.79,-7.21,2.13,
2018-12-25,-8.02,-8.19,-5.03,
2018-12-26,-8.38,-12.89,-8.17,
2018-12-27,-10.37,-15.41,-9.12,
2018-12-29,-9.01,-23.1,0.26,
2018-12-30,-4.91,-13.05,4.09,
2019-01-01,-17.35,-26.86,-4.65,
2019-01-02,-0.34,-6.86,3.12,
2019-01-03,1.06,1.36,6.0,
2019-01-04,3.86,0.14,5.09,
2019-01-05,-0.67,-4.51,2.41,
2019-01-06,-0.26,-4.75,1.47,
2019-01-07,-1.96,-5.76,3.1,
2019-01-08,-8.57,-13.75,-4.72,
2019-01-09,-11.16,-15.64,-7.67,
2019-01-10,-6.54,-10.5,6.29,
2019-01-11,-9.56,-14.0,-7.19,
2019-01-12,-10.7,-16.28,-3.73,
2019-01-14,-3.45,-7.6,2.61,
2019-01-15,-7.46,-7.75,-1.37,
2019-01-16,-8.94,-11.0,-7.35,
2019-01-17,-8.62,-12.88,-8.29,
2019-01-18,-17.7,-19.12,-15.75,
2019-01-19,-13.88,-17.99,-10.61,
2019-01-20,-14.17,-15.24,-10.89,
2019-01-21,-12.05,-13.64,-8.6,
2019-01-22,-4.5,-12.36,-4.15,
2019-01-23,-6.42,-16.79,-4.01,
2019-01-25,-10.64,-16.58,-3.7,
2019-01-26,-4.88,-9.73,-1.66,
2019-01-27,-2.94,-10.01,3.88,
2019-01-28,-11.81,-19.46,-6.01,
2019-01-29,-22.31,-26.5,-20.39,
2019-01-30,-19.71,-24.18,-16.25,
2019-01-31,-7.67,-15.97,0.18,
2019-02-02,-8.74,-12.94,-2.65,
2019-02-03,-19.9,-23.44,-10.67,
2019-02-04,-22.23,-23.91,-19.66,
2019-02-05,-21.12,-25.2,-21.75,
2019-02-06,-23.63,-30.7,-19.51,
2019-02-07,-27.95,-34.3,-24.39,
2019-02-09,-22.57,-26.36,-20.32,
2019-02-10,-22.51,-26.47,-16.91,
2019-02-11,-20.8,-25.53,-15.56,
2019-02-12,-22.81,-29.18,-20.48,
2019-02-13,-20.56,-24.7,-16.12,
2019-02-14,-22.96,-33.56,-16.81,
2019-02-15,-24.66,-35.89,-15.53,
2019-02-16,-13.22,-19.51,-13.06,
2019-02-17,-14.83,-16.45,-11.67,
2019-02-18,-16.55,-23.58,-16.12,
2019-02-19,-21.74,-29.52,-8.6,
2019-02-20,-17.15,-19.52,-10.05,
2019-02-21,-16.08,-23.6,-11.32,
2019-02-22,-19.13,-30.32,-7.19,
2019-02-23,-17.64,-25.7,-11.54,
2019-02-24,-22.05,-24.28,-19.02,
2019-02-25,-24.67,-24.84,-20.56,
2019-02-26,-18.38,-23.07,-16.45,
2019-02-28,-12.39,-17.0,-6.68,
2019-03-02,-24.3,-28.92,-20.61,
2019-03-03,-23.38,-26.08,-19.01,
2019-03-05,-14.12,-18.76,-7.58,
2019-03-06,-16.66,-22.31,-15.35,
2019-03-07,-12.52,-20.7,-7.37,
2019-03-08,-7.73,-15.16,-0.54,
2019-03-09,-7.6,-12.52,-2.46,
2019-03-11,-9.89,-20.23,3.75,
2019-03-12,-4.55,-11.14,2.97,
2019-03-13,-3.14,-9.62,1.18,
2019-03-16,-3.15,-10.58,2.84,
2019-03-17,-3.27,-10.5,2.15,
2019-03-18,-0.83,-8.5,5.1,
2019-03-19,1.79,-5.28,5.13,
2019-03-20,3.43,-0.86,10.72,
2019-03-21,3.25,-1.06,11.54,
2019-03-22,3.66,-1.75,9.8,
2019-03-23,6.04,-1.34,13.11,
2019-03-24,1.79,-0.72,5.58,
2019-03-26,7.97,1.23,19.26,
2019-03-27,3.15,-1.47,6.29,
2019-03-28,1.59,-3.4,7.37,
2019-03-30,-1.36,-7.43,6.02,
2019-03-31,1.1,1.66,4.46,
2019-04-01,0.62,-3.2,6.78,
2019-04-02,3.64,-2.6,6.32,
2019-04-03,1.57,-6.67,10.92,
2019-04-04,11.16,3.72,18.89,
2019-04-05,5.06,0.2,8.81,
2019-04-06,5.07,3.32,8.54,
2019-04-07,10.51,0.44,18.17,
2019-04-09,2.21,-0.89,8.43,
2019-04-10,-1.94,-6.91,1.38,
2019-04-12,2.05,-3.91,9.71,
2019-04-13,3.99,-8.35,11.93,
2019-04-14,7.13,1.23,16.93,
2019-04-15,6.95,-0.33,14.29,
2019-04-16,5.64,-4.64,16.17,
2019-04-17,8.08,3.84,13.8,
2019-04-18,7.75,-0.03,14.88,
2019-04-19,14.22,2.38,23.65,
2019-04-20,12.09,7.29,16.39,
2019-04-22,7.17,-2.39,16.07,
2019-04-23,16.17,4.32,21.44,
2019-04-24,12.09,4.21,15.93,
2019-04-25,6.83,2.2,13.25,
2019-04-27,5.53,4.33,8.66,
2019-04-28,2.14,0.16,4.93,
2019-05-02,6.62,-2.67,16.65,
2019-05-03,8.05,-2.55,15.2,
2019-05-04,3.41,0.88,9.77,
2019-05-05,3.56,-0.83,6.04,
2019-05-07,6.64,0.49,10.46,
2019-05-08,9.72,-1.24,13.52,
2019-05-09,5.34,-5.32,10.43,
2019-05-10,11.95,5.21,20.02,
2019-05-11,9.84,5.09,13.44,
2019-05-12,9.24,0.54,20.16,
2019-05-13,18.32,6.53,26.27,
2019-05-14,15.88,7.92,21.9,
2019-05-16,10.57,6.86,17.46,
2019-05-17,6.75,1.26,10.97,
2019-05-18,4.37,1.39,8.12,
2019-05-19,7.36,1.03,11.19,
2019-05-20,10.6,4.49,15.39,
2019-05-21,10.8,7.45,15.92,
2019-05-22,10.89,8.23,14.03,
2019-05-23,10.93,1.08,20.27,
2019-05-24,10.47,7.86,12.05,
2019-05-25,13.12,2.94,22.62,
2019-05-26,11.92,6.8,16.16,
2019-05-27,9.83,4.49,16.94,
2019-05-28,12.65,0.08,23.02,
2019-05-30,20.49,11.09,28.76,
2019-05-31,13.01,6.43,16.52,
2019-06-01,14.94,4.56,19.75,
2019-06-02,20.11,10.04,28.38,
2019-06-04,18.31,13.33,27.67,
2019-06-07,23.14,14.73,24.81,
2019-06-08,9.81,7.78,12.93,
2019-06-10,14.12,4.83,24.19,
2019-06-11,15.58,8.37,20.36,
2019-06-12,15.63,5.59,23.62,
2019-06-13,18.14,12.07,27.64,
2019-06-14,21.01,15.31,27.12,
2019-06-15,16.92,13.18,22.22,
2019-06-16,12.86,6.74,17.62,
2019-06-17,12.88,8.15,19.72,
2019-06-18,16.18,5.12,25.52,
2019-06-21,15.85,10.65,17.12,
2019-06-23,16.65,8.16,21.6,
2019-06-24,15.43,8.15,22.17,
2019-06-28,24.09,18.04,27.04,
2019-06-29,22.66,17.41,23.2,
2019-06-30,19.21,12.08,24.84,
2019-07-01,20.78,12.2,27.6,
2019-07-02,15.53,11.42,17.78,
2019-07-03,14.15,9.41,18.17,
2019-07-04,14.77,7.59,23.27,
2019-07-05,17.33,10.92,25.42,
2019-07-06,17.43,12.63,25.69,
2019-07-07,22.69,14.12,29.07,
2019-07-08,24.43,16.66,29.67,
2019-07-30,19.72,11.55,26.06,
2019-07-31,24.99,15.85,35.0,
2019-08-01,18.35,14.25,29.64,
2019-08-02,22.79,16.22,30.16,
2019-08-03,26.91,16.99,35.31,
2019-08-04,22.47,14.84,28.96,
2019-08-05,20.56,14.84,28.77,
2019-08-06,22.18,12.2,30.4,
2019-08-08,17.34,6.2,27.12,
2019-08-09,22.79,14.38,29.22,
2019-08-10,21.13,17.0,25.21,
2019-08-11,16.67,16.44,19.64,
2019-08-12,18.57,13.93,26.25,
2019-08-13,16.18,10.82,17.9,
2019-08-14,15.24,5.23,25.27,
2019-08-16,19.56,8.79,31.38,
2019-08-17,14.58,9.09,17.78,
2019-08-18,16.05,5.5,24.21,
2019-08-19,22.22,8.9,33.34,
2019-08-22,20.77,13.84,29.89,
2019-08-23,23.89,17.32,29.11,
2019-08-24,21.7,17.44,31.23,
2019-08-25,20.46,14.52,29.26,
2019-08-26,14.75,12.29,20.96,
2019-08-27,13.82,9.39,19.93,
2019-08-28,17.55,3.07,31.5,
2019-08-30,15.31,5.79,24.49,
2019-08-31,16.03,7.71,25.74,
2019-09-01,18.67,10.16,25.46,
2019-09-02,17.76,13.53,22.96,
2019-09-03,16.21,11.84,23.38,
2019-09-04,17.82,6.78,33.53,
2019-09-05,21.26,13.07,26.89,
2019-09-06,14.77,8.66,25.24,
2019-09-08,12.1,7.92,18.56,
2019-09-09,12.56,12.13,13.99,
2019-09-11,13.13,10.97,13.49,
2019-09-12,9.74,9.15,11.52,
2019-09-18,18.63,13.08,24.87,
2019-09-19,18.38,8.41,27.04,
2019-09-20,18.47,15.84,24.43,
2019-09-21,12.06,7.77,14.46,
2019-09-22,13.25,4.97,23.87,
2019-09-23,18.4,6.8,25.02,
2019-09-24,13.79,10.85,19.55,
2019-09-25,11.96,6.26,17.47,
2019-09-26,11.19,6.38,18.62,
2019-09-27,8.75,6.44,13.28,
2019-09-28,6.13,4.97,9.39,
2019-09-29,5.01,3.38,8.61,
2019-09-30,6.31,3.06,6.27,
2019-10-02,3.76,0.39,2.66,
2019-10-03,2.56,-0.33,6.56,
2019-10-05,8.99,7.61,15.54,
2019-10-06,7.6,7.03,15.23,
2019-10-08,11.73,6.14,25.78,
2019-10-09,-0.25,-1.11,5.04,
2019-10-10,-1.67,-3.2,-0.05,
2019-10-11,0.14,-3.0,2.38,
2019-10-12,0.97,-0.23,4.29,
2019-10-13,0.99,-2.74,9.71,
2019-10-14,2.57,-6.85,12.14,
2019-10-15,2.16,-1.73,6.19,
2019-10-17,7.37,-2.4,23.24,
2019-10-18,9.48,2.79,14.66,
2019-10-19,6.09,0.27,13.79,
2019-10-20,2.03,-6.21,10.99,
2019-10-21,1.34,-7.36,8.92,
2019-10-24,2.47,-0.15,7.12,
2019-10-26,1.81,-0.68,12.7,
2019-10-27,-5.76,-9.95,-2.56,
2019-10-30,-6.21,-10.26,-0.87,
2019-11-01,0.4,-4.22,2.18,
2019-11-02,-2.59,-5.35,5.13,
2019-11-03,1.36,-2.1,4.47,
2019-11-04,-5.58,-10.86,-1.56,
2019-11-06,-11.11,-17.67,-5.87,
2019-11-07,-8.13,-20.19,-2.76,
2019-11-08,1.2,-8.91,10.62,
2019-11-09,0.16,-7.15,8.0,
2019-11-10,-12.09,-15.59,-6.58,
2019-11-11,-18.33,-23.51,-12.84,
2019-11-12,-8.05,-18.68,-1.82,
2019-11-14,-0.21,-3.09,4.82,
2019-11-15,2.56,-3.84,13.19,
2019-11-16,4.93,1.1,4.2,
2019-11-17,2.95,-4.06,6.11,
2019-11-18,6.77,-0.35,12.15,
2019-11-19,-1.61,-5.01,6.11,
2019-11-20,-2.26,-5.66,1.67,
2019-11-21,-3.17,-9.59,3.06,
2019-11-23,1.88,-2.74,9.66,
2019-11-24,4.98,-2.06,11.5,
2019-11-25,0.3,-1.57,3.01,
2019-11-28,-5.24,-5.38,-5.69,
2019-11-29,-2.58,-3.15,-0.68,
2019-11-30,-3.41,-6.04,-2.27,
2019-12-01,-6.82,-9.8,-3.94,
2019-12-03,0.03,-2.96,6.8,
2019-12-04,2.78,-4.93,9.56,
2019-12-05,-4.22,-13.65,1.44,
2019-12-06,-3.41,-10.7,3.2,
2019-12-07,0.22,-4.5,9.26,
2019-12-08,-9.84,-20.23,-1.78,
2019-12-10,-21.65,-31.29,-11.76,
2019-12-11,-18.56,-24.48,-12.73,
2019-12-13,-10.99,-19.35,-3.83,
2019-12-14,-14.09,-19.73,-14.07,
2019-12-15,-7.18,-12.9,-5.72,
2019-12-16,-8.61,-15.43,-2.37,
2019-12-17,-9.83,-13.87,-3.88,
2019-12-18,-5.11,-12.0,5.24,
2019-12-21,0.7,-3.8,7.75,
2019-12-24,-5.2,-4.97,-3.31,
2019-12-25,-6.49,-7.34,-4.6,
2019-12-26,-7.62,-12.09,-3.05,
2019-12-27,-7.96,-15.15,1.66,
2019-12-28,-10.04,-13.54,-6.07,
2019-12-29,-8.37,-11.09,-6.04,
2019-12-30,-8.97,-11.97,-4.84,
2020-01-01,0.37,-0.92,4.7,
2020-01-02,-0.85,-1.44,1.6,
2020-01-03,-7.28,-13.11,-3.74,
2020-01-04,1.27,-5.84,6.68,
2020-01-05,-1.62,-7.38,3.12,
2020-01-07,-11.05,-15.97,-7.61,
2020-01-08,-8.98,-13.13,-6.19,
2020-01-09,-10.93,-17.31,-3.16,
2020-01-10,-18.34,-23.1,-14.03,
2020-01-12,-9.86,-12.64,-2.87,
2020-01-13,-16.75,-22.38,-12.9,
2020-02-12,-16.43,-27.37,-0.95,
2020-02-13,-20.11,-28.53,-8.1,
2020-02-15,-6.65,-9.91,-3.37,
2020-02-16,-4.97,-8.25,1.68,
2020-02-17,-4.84,-8.32,-1.6,
2020-02-18,-19.49,-21.57,-6.21,
2020-02-19,-18.38,-27.86,-8.4,
2020-02-20,-7.81,-19.4,4.64,
2020-02-21,-0.66,-8.04,7.13,
2020-02-22,1.39,-6.34,8.1,
2020-02-23,-0.61,-3.18,4.52,
2020-02-24,-0.86,-3.13,-0.09,
2020-02-25,-7.13,-13.68,-1.14,
2020-02-26,-6.62,-15.22,-0.43,
2020-02-27,0.83,-6.85,4.54,
2020-02-28,1.89,-3.68,7.84,
2020-02-29,3.26,-2.94,10.84,
2020-03-01,-1.52,-6.24,2.9,
2020-03-02,-0.81,-5.84,5.56,
2020-03-03,2.45,-0.79,6.47,
2020-03-04,2.02,-1.19,9.19,
2020-03-05,1.2,-2.5,8.84,
2020-03-06,7.17,-3.29,16.92,
2020-03-07,6.5,-1.92,17.06,
2020-03-09,-4.47,-10.69,2.94,
2020-03-10,-0.49,-5.58,5.14,
2020-03-12,0.19,-2.36,3.07,
2020-03-13,-6.33,-7.85,-5.17,
2020-03-14,-5.27,-8.25,-3.33,
2020-03-15,-4.32,-6.76,0.88,
2020-03-16,-5.25,-10.79,-3.37,
2020-03-17,-3.87,-14.44,6.05,
2020-03-18,-3.1,-6.93,1.55,
2020-03-20,-11.44,-22.5,-3.06,
2020-03-21,-2.41,-6.14,3.43,
2020-03-22,-1.14,-9.22,5.71,
2020-03-24,4.06,-1.53,9.95,
2020-03-25,-3.61,-4.09,3.41,
2020-03-26,1.15,-5.2,9.07,
2020-03-27,3.57,-2.47,9.01,
2020-03-28,6.6,-2.27,15.42,
2020-03-29,4.04,-4.73,16.74,
2020-03-30,11.24,1.69,19.01,
2020-03-31,5.31,0.13,12.46,
2020-04-01,-6.49,-12.06,-0.29,
2020-04-02,-13.0,-16.1,-7.24,
2020-04-03,-11.44,-21.13,-4.38,
2020-04-04,-1.01,-11.43,8.63,
2020-04-05,0.49,-9.03,8.34,
2020-04-06,4.12,-2.68,16.27,
2020-04-07,4.12,-1.41,14.78,
2020-04-08,2.68,-1.48,8.86,
2020-04-09,-2.31,-8.28,4.66,
2020-04-10,4.29,-4.22,12.28,
2020-04-11,0.43,-3.45,4.35,
2020-04-12,-3.18,-9.31,2.84,
2020-04-13,-8.52,-13.23,-2.86,
2020-04-14,-6.22,-14.91,-0.48,
2020-04-15,-2.04,-8.54,4.69,
2020-04-16,-0.67,-7.02,4.81,
2020-04-17,2.36,-5.99,13.6,
2020-04-18,8.9,-0.92,9.97,
2020-04-19,2.03,-8.2,14.11,
2020-04-20,8.51,0.23,15.56,
2020-04-21,12.37,3.11,22.58,
2020-04-22,14.15,2.64,22.92,
2020-04-23,10.23,1.67,18.3,
2020-04-24,7.06,-1.39,15.76,
2020-04-25,8.45,0.38,16.41,
2020-04-26,12.61,2.0,19.88,
2020-04-27,11.46,-1.38,22.8,
2020-04-28,10.54,3.94,13.59,
2020-04-29,9.95,-3.31,22.83,
2020-04-30,19.35,10.25,29.52,
2020-05-01,14.9,10.14,16.79,
2020-05-02,11.4,1.2,20.08,
2020-05-03,8.57,1.63,19.56,
2020-05-04,9.58,5.07,14.7,
2020-05-05,7.35,-3.54,15.95,
2020-05-06,10.6,-2.18,18.96,
2020-05-07,9.84,1.07,17.01,
2020-05-08,7.21,-2.77,19.01,
2020-05-09,3.12,0.96,7.71,
2020-05-10,3.36,-0.46,7.23,
2020-05-11,3.06,-6.06,12.26,
2020-05-12,5.79,-0.79,9.69,
2020-05-13,9.4,2.34,14.77,
2020-05-14,9.34,6.01,16.65,
2020-05-15,13.34,-1.65,19.97,
2020-05-16,14.29,4.31,21.59,
2020-05-17,15.74,4.44,20.87,
2020-05-18,17.63,12.54,20.33,
2020-05-19,20.1,12.65,30.23,
2020-05-20,20.45,12.91,28.34,
2020-05-21,20.59,13.02,27.56,
2020-05-22,16.98,5.9,27.13,
2020-05-23,13.85,10.44,16.15,
2020-05-24,10.07,7.47,10.2,
2020-05-25,13.1,9.09,20.36,
2020-05-26,14.63,4.28,21.56,
2020-05-27,15.72,7.31,21.71,
2020-05-28,15.22,8.61,20.2,
2020-05-29,11.05,2.1,19.92,
2020-05-30,15.01,6.66,23.9,
2020-05-31,20.1,11.65,29.83,
2020-06-01,21.36,13.95,27.99,
2020-06-02,20.45,15.59,25.17,
2020-06-03,19.27,7.11,24.78,
2020-06-04,16.78,7.36,22.54,
2020-06-06,19.7,14.36,21.82,
2020-06-07,20.42,15.43,28.12,
2020-06-08,15.79,10.46,20.05,
2020-06-09,10.35,8.89,17.29,
2020-06-10,13.85,7.4,20.08,
2020-06-11,17.8,5.61,28.21,
2020-06-12,19.78,12.8,27.92,
2020-06-13,24.5,15.57,32.89,
2020-06-14,23.92,19.28,28.67,
2020-06-15,19.92,13.11,25.9,
2020-06-16,19.79,13.55,30.22,
2020-06-17,16.45,10.89,23.3,
2020-06-18,13.83,10.43,14.67,
2020-06-19,14.49,3.83,21.93,
2020-06-20,15.76,9.15,23.56,
2020-06-21,16.08,10.23,21.97,
2020-06-22,15.48,9.14,23.04,
2020-06-23,16.63,5.94,27.56,
2020-06-24,23.47,14.84,33.31,
2020-06-25,21.51,19.26,29.76,
2020-06-26,23.42,13.82,32.11,
2020-06-27,29.3,20.42,37.12,
2020-06-28,24.48,18.84,28.64,
2020-06-29,21.3,17.25,30.96,
2020-06-30,19.44,18.06,19.38,
2020-07-01,20.67,10.59,25.42,
2020-07-02,24.13,14.78,27.98,
2020-07-03,22.68,16.32,30.71,
2020-07-04,24.39,16.15,31.25,
2020-07-05,20.42,16.56,26.4,
2020-07-06,20.64,14.66,26.32,
2020-07-07,22.57,12.91,28.72,
2020-07-08,18.48,11.52,24.66,
2020-07-09,18.67,13.64,24.02,
2020-07-10,17.3,8.51,25.82,
2020-07-11,20.27,12.99,25.12,
2020-07-12,23.68,11.65,31.73,
2020-07-13,22.04,16.33,25.11,
2020-07-14,18.92,9.31,25.69,
2020-07-15,20.66,8.41,29.4,
2020-07-16,20.84,11.08,30.81,
2020-07-17,25.45,19.89,31.69,
2020-07-18,20.86,15.82,22.68,
2020-07-19,20.15,12.74,25.98,
2020-07-20,16.7,16.33,18.58,
2020-07-26,19.31,9.87,25.42,
2020-07-27,20.58,10.5,27.43,
2020-07-29,24.17,15.12,32.94,
2020-07-30,23.66,16.66,36.51,
2020-07-31,22.8,15.79,30.47,
2020-08-01,21.9,13.0,25.86,
2020-08-02,19.27,11.95,23.6,
2020-08-03,20.5,13.89,27.48,
2020-08-04,21.61,15.36,29.18,
2020-08-05,20.41,12.57,27.64,
2020-08-07,27.46,20.79,33.05,
2020-08-08,20.06,9.61,30.2,
2020-08-09,20.32,16.57,26.38,
2020-08-10,20.01,7.01,28.7,
2020-08-11,21.32,12.39,31.62,
2020-08-12,25.0,14.98,35.63,
2020-08-13,23.42,18.23,28.18,
2020-08-14,17.54,13.68,26.01,
2020-08-15,20.17,12.71,29.77,
2020-08-16,21.69,12.04,30.98,
2020-08-17,24.65,11.92,34.32,
2020-08-18,28.5,14.14,37.1,
2020-08-19,23.78,14.93,37.07,
2020-08-20,28.48,20.18,35.69,
2020-08-21,25.55,19.71,32.5,
2020-08-22,23.88,13.35,35.06,
2020-08-23,22.66,17.54,28.98,
2020-08-24,20.86,9.55,29.72,
2020-08-25,25.64,20.33,33.91,
2020-08-26,25.52,17.39,32.28,
2020-08-27,18.1,12.83,28.58,
2020-08-28,17.29,10.79,24.41,
2020-08-29,19.76,6.44,26.47,
2020-08-30,15.65,12.31,22.56,
2020-08-31,14.85,7.03,22.68,
2020-09-01,16.47,6.96,25.02,
2020-09-02,18.77,9.77,30.4,
2020-09-03,15.56,9.76,24.52,
2020-09-04,15.98,8.41,25.45,
2020-09-05,19.88,8.2,29.95,
2020-09-06,17.51,13.76,20.29,
2020-09-07,10.41,3.07,14.38,
2020-09-08,2.67,-2.66,11.03,
2020-09-09,9.81,-0.83,17.75,
2020-09-10,13.36,3.3,25.49,
2020-09-11,14.86,4.1,20.48,
2020-09-12,15.9,4.24,26.74,
2020-09-13,11.51,5.95,17.1,
2020-09-14,15.95,7.23,26.48,
2020-09-15,12.46,7.18,18.45,
2020-09-16,10.05,5.03,15.67,
2020-09-17,13.04,6.27,21.0,
2020-09-18,16.31,5.59,24.97,
2020-09-19,17.01,9.39,20.27,
2020-09-20,17.54,13.36,22.8,
2020-09-21,17.09,8.19,26.18,
2020-09-22,17.58,5.63,30.39,
2020-09-23,15.89,13.64,21.19,
2020-09-24,17.77,9.86,30.61,
2020-09-25,14.88,12.33,22.16,
2020-09-26,14.87,8.69,20.96,
2020-09-27,11.4,5.95,15.79,
2020-09-28,10.24,2.6,15.38,
2020-09-29,15.5,4.31,21.42,
2020-09-30,9.02,4.99,13.73,
2020-10-01,6.2,-0.63,8.93,
2020-10-02,7.61,2.93,17.32,
2020-10-03,10.32,-0.2,16.28,
2020-10-04,12.44,-0.06,26.61,
2020-10-05,14.71,11.34,22.25,
2020-10-06,15.45,5.55,22.05,
2020-10-07,13.42,9.44,16.8,
2020-10-08,13.44,7.3,26.24,
2020-10-09,11.1,7.05,20.36,
2020-10-10,13.3,4.75,26.0,
2020-10-11,13.46,6.09,18.4,
2020-10-12,8.6,3.37,12.4,
2020-10-13,7.99,2.72,13.11,
2020-10-14,6.65,-0.19,11.44,
2020-10-15,3.61,-2.83,6.76,
2020-10-16,0.13,-4.26,5.26,
2020-10-17,-2.85,-6.04,0.23,
2020-10-18,-5.61,-5.14,-4.0,
2020-10-20,-1.83,-1.25,0.37,
2020-10-21,-4.43,-10.61,2.37,
2020-10-22,-3.11,-8.64,-3.34,
2020-10-23,-8.68,-15.73,-5.3,
2020-10-24,-8.56,-10.08,-4.2,
2020-10-25,-7.98,-11.7,-6.35,
2020-10-26,-8.5,-15.52,-5.03,
2020-10-27,0.27,-8.92,7.85,
2020-10-29,0.3,-5.46,7.0,
2020-10-30,9.13,3.41,14.68,
2020-10-31,2.75,-3.09,14.4,
2020-11-01,2.24,-5.32,10.55,
2020-11-03,11.66,3.12,21.74,
2020-11-04,10.94,3.18,20.44,
2020-11-05,8.58,1.9,20.18,
2020-11-06,7.86,0.13,11.43,
2020-11-07,0.2,-2.83,0.84,
2020-11-08,0.87,-5.72,-0.11,
2020-11-09,-7.97,-12.79,-6.64,
2020-11-11,-4.83,-10.98,-0.22,
2020-11-12,-8.61,-16.77,-2.62,
2020-11-13,-4.05,-12.68,5.94,
2020-11-14,1.47,-2.76,4.77,
2020-11-15,-1.35,-6.13,2.92,
2020-11-16,-2.3,-6.28,1.97,
2020-11-17,1.26,-7.57,10.32,
2020-11-18,5.89,-2.08,10.61,
2020-11-20,-4.88,-13.0,-3.92,
2020-11-21,-1.28,-9.83,0.93,
2020-11-22,-2.8,-8.54,6.17,
2020-11-23,-3.6,-8.12,3.87,
2020-11-24,-5.82,-7.51,-2.21,
2020-11-25,-0.3,-3.28,8.48,
2020-11-26,1.01,-8.1,3.94,
2020-11-27,-1.39,-8.31,10.32,
2020-11-28,2.25,-2.54,10.34,
2020-11-29,-5.3,-11.33,0.94,
2020-12-01,0.91,-2.77,2.23,
2020-12-02,-4.8,-10.32,4.71,
2020-12-03,1.0,-5.06,7.04,
2020-12-04,2.64,-3.72,5.19,
2020-12-05,-1.52,-5.99,7.24,
2020-12-06,-2.47,-5.49,8.6,
2020-12-07,2.33,-4.55,11.28,
2020-12-08,7.46,1.38,14.34,
2020-12-09,1.7,-6.21,14.63,
2020-12-10,-2.66,-12.21,1.31,
2020-12-11,-10.34,-13.41,-4.75,
2020-12-12,-5.24,-6.14,-5.69,
2020-12-13,-15.04,-15.02,-3.17,
2020-12-14,-13.04,-16.9,-8.18,
2020-12-15,-5.59,-10.83,-0.57,
2020-12-16,-1.42,-9.04,2.24,
2020-12-17,-4.56,-10.58,5.61,
2020-12-18,-8.52,-12.86,-0.73,
2020-12-19,-0.29,-13.0,8.28,
2020-12-20,2.59,-5.42,10.16,
2020-12-21,1.93,-3.55,3.73,
2020-12-22,-0.07,-8.7,7.33,
2020-12-23,-12.51,-17.59,-6.8,
2020-12-24,-4.95,-13.77,1.91,
2020-12-25,-3.43,-8.21,2.76,
2020-12-26,-5.99,-12.33,1.84,
2020-12-27,-7.91,-8.76,-6.26,
2020-12-28,-8.34,-9.61,-3.81,
2020-12-29,-5.63,-11.34,-4.45,
2020-12-30,-8.01,-10.75,-1.12,
2020-12-31,-4.9,-11.39,3.37,
2021-01-01,-3.81,-13.14,5.58,
2021-01-02,-1.18,-6.96,4.52,0.27
2021-01-03,1.89,-1.71,4.46,0.0
2021-01-04,-2.75,-3.7,6.72,0.0
2021-01-05,-0.9,-5.69,4.61,1.71
2021-01-06,-4.07,-9.4,7.86,0.0
2021-01-07,-3.33,-5.9,4.06,0.0
2021-01-08,-4.55,-7.53,-0.83,0.0
2021-01-09,-3.66,-7.11,-0.56,0.0
2021-01-10,-1.79,-4.0,4.81,0.0
2021-01-11,-0.99,-7.12,5.88,0.0
2021-01-12,0.59,-3.01,8.05,0.0
2021-01-13,5.88,-0.83,11.85,0.0
2021-01-14,-0.48,-5.42,2.86,1.77
2021-01-15,-3.6,-6.38,-3.24,0.0
2021-01-16,-4.55,-9.95,4.14,0.0
2021-01-17,-2.14,-9.13,-0.35,0.0
2021-01-18,-3.41,-4.76,0.58,2.37
2021-01-19,-3.26,-9.34,0.78,0.15
2021-01-20,-0.69,0.64,4.03,0.0
2021-01-21,-6.71,-12.15,-2.68,0.31
2021-01-22,-8.35,-13.3,-4.95,0.0
2021-01-23,-12.24,-16.27,-4.23,0.0
2021-01-24,-13.49,-14.86,-9.19,0.0
2021-01-25,-14.84,-16.65,-13.19,0.0
2021-01-26,-19.54,-25.88,-13.22,0.0
2021-01-27,-15.49,-21.68,-7.63,0.0
2021-01-28,-9.71,-11.52,-5.29,0.0
2021-01-29,-7.39,-13.28,-5.54,0.0
2021-01-30,-8.82,-15.22,-4.15,0.82
2021-01-31,-7.6,-16.26,-1.87,0.0
2021-02-01,-6.23,-15.7,9.19,0.0
2021-02-02,1.11,-5.55,15.73,0.0
2021-02-03,-8.86,-15.44,1.05,2.52
2021-02-04,-14.11,-15.78,-11.04,0.0
2021-02-05,-15.58,-22.12,-13.11,0.85
2021-02-06,-23.16,-28.38,-20.59,0.0
2021-02-07,-23.28,-31.69,-22.68,0.91
2021-02-08,-28.96,-34.94,-19.57,0.0
2021-02-09,-22.29,-25.9,-20.55,0.0
2021-02-10,-24.46,-27.87,-20.4,0.0
2021-02-11,-25.47,-29.29,-24.33,0.0
2021-02-12,-24.98,-30.97,-21.34,0.0
2021-02-13,-30.38,-35.78,-24.43,0.0
2021-02-14,-28.22,-35.18,-17.86,0.0
2021-02-15,-20.05,-27.74,-9.42,0.0
2021-02-16,-19.58,-24.58,-14.36,0.57
2021-02-17,-15.58,-27.68,-8.74,0.0
2021-02-18,-13.17,-18.84,-8.63,0.0
2021-02-19,-10.9,-25.31,3.02,0.0
2021-02-20,-2.16,-10.07,5.4,0.0
2021-02-21,-1.54,-8.36,6.4,0.0
2021-02-22,4.13,-0.19,10.16,0.41
2021-02-23,-0.93,-4.72,2.05,3.03
2021-02-24,-6.55,-9.48,0.91,0.0
2021-02-25,-1.25,-9.85,8.11,0.0
2021-02-26,0.83,-5.76,6.09,0.0
2021-02-27,-8.5,-11.59,-2.09,0.0
2021-02-28,-6.8,-14.23,3.86,0.0
2021-03-01,-2.36,-13.5,13.03,0.0
2021-03-02,5.13,0.97,12.77,0.0
2021-03-03,4.89,-5.6,17.01,0.0
2021-03-04,1.62,-8.78,16.9,0.0
2021-03-05,3.28,-6.3,13.15,0.0
2021-03-06,7.55,0.44,15.55,0.0
2021-03-07,5.46,-3.34,11.02,0.0
2021-03-08,4.08,-6.79,16.77,0.0
2021-03-09,2.32,-1.44,5.74,0.5
2021-03-10,-0.4,-4.9,4.24,0.0
2021-03-11,-7.16,-8.36,-0.23,0.0
2021-03-12,-1.13,-11.99,13.43,0.0
2021-03-13,4.19,-8.16,16.05,0.0
2021-03-15,2.27,0.39,2.06,0.27
2021-03-16,0.12,-2.05,2.3,0.0
2021-03-17,-0.42,-9.77,5.57,0.0
2021-03-18,1.45,-12.58,11.17,0.0
2021-03-19,8.63,-5.62,21.41,0.0
2021-03-20,7.93,-1.46,13.18,0.0
2021-03-21,6.6,-4.22,9.4,0.0
2021-03-22,2.97,-9.74,12.3,0.0
2021-03-23,4.01,-1.88,11.62,0.0
2021-03-24,1.03,-9.67,9.86,0.0
2021-03-25,6.49,-1.69,13.66,0.0
2021-03-26,1.09,-1.38,5.27,0.0
2021-03-27,-1.81,-4.93,4.45,0.68
2021-03-28,4.6,-4.29,17.42,0.0
2021-03-29,2.8,-5.33,10.41,1.18
2021-03-30,-7.33,-11.64,-4.47,0.58
2021-03-31,-4.8,-14.78,6.9,0.0
2021-04-01,9.07,-0.09,18.59,0.0
2021-04-02,11.35,3.88,16.88,0.0
2021-04-03,12.41,0.96,23.9,0.0
2021-04-04,10.56,-4.02,20.55,0.0
2021-04-05,8.95,3.34,12.92,0.0
2021-04-06,5.57,-2.64,13.22,0.0
2021-04-07,6.24,-4.8,17.46,0.0
2021-04-08,10.27,-3.49,20.03,0.0
2021-04-09,6.07,0.37,13.76,0.0
2021-04-10,8.18,-2.37,21.47,0.0
2021-04-11,3.88,2.39,9.7,2.89
2021-04-12,-1.67,-1.53,1.16,10.76
2021-04-13,-4.13,-4.42,-2.32,5.53
2021-04-14,-2.92,-6.72,-0.5,1.31
2021-04-15,1.41,-2.12,4.65,0.0
2021-04-16,4.68,0.58,9.4,0.0
2021-04-17,5.66,-5.49,15.62,0.0
2021-04-18,4.25,-2.71,6.17,1.95
2021-04-19,-2.18,-7.76,4.68,0.0
2021-04-20,-3.0,-4.68,3.62,0.0
2021-04-21,4.08,-2.27,11.4,0.0
2021-04-22,7.85,0.45,16.5,0.0
2021-04-23,0.05,-0.67,4.3,0.0
2021-04-24,2.27,-9.06,10.37,0.0
2021-04-25,6.23,2.33,7.66,1.37
2021-04-26,4.62,2.93,10.85,3.1
2021-04-27,9.03,0.12,17.69,0.0
2021-04-28,10.7,3.21,19.02,0.0
2021-04-29,10.15,1.16,17.53,0.0
2021-04-30,18.07,6.5,27.97,0.0
2021-05-01,18.79,14.97,25.12,0.0
2021-05-02,11.59,7.17,15.3,2.37
2021-05-03,7.85,0.44,11.72,0.06
2021-05-04,5.15,-2.02,13.66,0.58
2021-05-05,10.84,0.1,13.92,1.5
2021-05-06,9.17,-0.93,20.87,0.0
2021-05-07,8.41,3.97,18.73,0.0
2021-05-08,3.28,-0.04,9.31,15.35
2021-05-09,7.15,2.41,12.25,2.0
2021-05-10,9.35,-1.49,13.09,0.0
2021-05-11,11.79,1.47,17.42,0.0
2021-05-12,12.27,8.68,19.41,1.65
2021-05-13,12.49,2.56,18.54,0.0
2021-05-14,12.6,3.26,22.88,0.0
2021-05-15,16.1,3.09,23.22,0.0
2021-05-16,16.86,7.88,26.39,0.0
2021-05-17,20.8,12.6,28.71,0.0
2021-05-18,22.65,11.61,28.71,0.0
2021-05-19,17.57,12.9,21.78,0.0
2021-05-20,13.5,8.24,18.34,5.9
2021-05-21,5.23,3.26,9.5,9.95
2021-05-22,8.42,4.44,10.14,6.61
2021-05-23,9.17,6.9,10.32,11.83
2021-05-24,14.9,9.2,19.52,3.6
2021-05-25,12.13,5.27,14.7,2.32
2021-05-26,6.66,6.48,12.13,0.0
2021-05-27,7.71,4.08,10.32,0.0
2021-05-28,9.71,5.03,17.9,0.9
2021-05-29,15.25,7.52,20.77,2.76
2021-05-30,13.16,6.88,22.09,0.0
2021-05-31,14.33,1.35,25.87,0.0
2021-06-01,20.88,10.7,25.76,0.0
2021-06-02,23.15,8.98,27.41,0.0
2021-06-03,25.34,14.6,35.88,0.0
2021-06-04,24.0,17.64,36.29,0.0
2021-06-05,24.69,17.22,32.86,0.0
2021-06-06,17.47,14.9,21.46,11.63
2021-06-07,20.76,10.92,27.5,0.0
2021-06-08,21.88,14.2,28.16,2.1
2021-06-09,21.19,15.42,27.49,0.0
2021-06-10,24.29,16.86,32.11,0.0
2021-06-11,16.82,10.08,21.21,10.61
2021-06-12,19.72,9.75,28.93,0.0
2021-06-13,21.32,9.73,26.38,0.0
2021-06-14,22.99,12.14,30.96,0.0
2021-06-15,24.36,16.86,31.68,0.0
2021-06-16,23.07,15.21,26.0,0.0
2021-06-17,20.38,11.27,26.96,0.0
2021-06-18,14.87,8.14,21.84,0.0
2021-06-19,19.67,7.35,28.26,1.2
2021-06-20,14.53,12.0,20.77,0.4
2021-06-21,16.15,5.54,19.73,0.0
2021-06-22,19.24,9.19,31.31,0.0
2021-06-23,25.12,15.67,34.28,0.0
2021-06-24,19.44,11.02,24.12,0.0
2021-06-25,15.82,11.28,18.7,3.84
2021-06-26,18.02,12.01,25.13,3.06
2021-06-27,18.38,10.29,24.02,2.72
2021-06-28,19.66,9.2,24.72,0.0
2021-06-29,19.9,11.56,30.27,0.0
2021-06-30,25.83,15.04,32.32,0.0
2021-07-01,26.98,16.07,32.06,0.0
2021-07-02,29.43,18.19,34.3,0.0
2021-07-03,30.8,23.07,39.11,0.0
2021-07-04,25.34,18.94,31.89,0.0
2021-07-05,24.38,19.6,29.74,0.31
2021-07-06,17.61,15.85,19.94,1.09
2021-07-07,17.16,13.75,22.57,0.0
2021-07-08,21.94,16.77,28.73,15.36
2021-07-09,19.25,16.55,24.89,0.46
2021-07-10,23.07,16.15,29.86,0.0
2021-07-11,26.5,18.88,32.28,0.0
2021-07-12,21.63,15.91,24.92,0.0
2021-07-13,21.66,12.02,26.01,0.0
2021-07-14,23.27,16.11,28.83,0.0
2021-07-15,24.04,17.74,32.5,0.0
2021-07-16,25.18,19.56,35.39,0.0
2021-07-17,27.37,20.55,33.05,1.24
2021-07-18,28.7,19.63,36.97,0.0
2021-07-19,30.46,20.82,38.76,0.0
2021-07-20,27.56,22.49,32.11,0.0
2021-07-21,24.05,18.84,30.33,0.0
2021-07-22,23.61,16.85,34.79,1.29
2021-07-23,26.65,16.33,31.68,0.0
2021-07-24,22.52,14.24,31.58,0.0
2021-07-25,24.69,11.98,34.24,0.0
2021-07-26,24.97,17.54,37.56,0.0
2021-07-27,25.78,17.05,33.27,1.28
2021-07-28,24.47,21.33,29.76,0.0
2021-07-29,21.94,17.97,28.58,0.0
2021-07-30,24.8,15.49,31.91,0.0
2021-07-31,23.31,12.84,30.08,0.0
2021-08-01,23.12,16.44,31.67,0.0
2021-08-02,21.73,14.0,31.41,0.0
2021-08-03,21.31,10.87,33.49,0.0
2021-08-04,24.59,18.42,31.85,0.0
2021-08-05,22.15,13.52,28.35,0.0
2021-08-06,23.06,15.24,28.07,1.87
2021-08-07,25.24,16.62,31.16,4.38
2021-08-08,25.6,15.23,35.42,0.0
2021-08-09,17.18,13.67,23.19,0.32
2021-08-10,19.83,10.39,28.25,0.0
2021-08-11,20.61,8.81,30.48,0.0
2021-08-12,19.23,6.77,23.41,0.0
2021-08-13,20.91,8.28,29.85,0.0
2021-08-14,24.57,10.82,36.3,0.0
2021-08-15,26.08,13.18,39.6,0.0
2021-08-16,26.4,16.23,36.92,0.0
2021-08-17,23.48,16.95,32.32,0.0
2021-08-18,18.12,15.3,24.42,0.0
2021-08-19,15.43,13.67,18.57,5.87
2021-08-20,13.72,12.73,16.41,20.29
2021-08-21,15.02,7.11,22.58,0.0
2021-08-22,15.67,13.67,20.09,4.7
2021-08-23,17.63,6.69,26.86,0.0
2021-08-24,17.39,11.29,22.51,0.0
2021-08-25,13.3,6.4,21.91,1.54
2021-08-26,16.51,12.5,18.65,1.8
2021-08-27,17.15,13.58,24.72,2.56
2021-08-28,17.2,9.11,24.14,0.0
2021-08-29,18.98,8.99,27.39,0.0
2021-08-30,21.65,9.88,30.08,0.0
2021-08-31,20.85,12.77,28.58,0.0
2021-09-01,22.42,18.65,25.72,0.0
2021-09-02,21.53,15.12,25.03,0.79
2021-09-03,16.64,8.81,24.12,0.0
2021-09-04,17.61,7.69,27.25,0.0
2021-09-05,17.4,4.94,30.38,0.0
2021-09-06,21.0,12.59,32.02,0.0
2021-09-07,15.49,9.02,25.34,0.0
2021-09-08,15.15,5.33,23.91,0.0
2021-09-09,19.11,9.95,32.26,0.0
2021-09-10,19.73,10.52,31.61,0.0
2021-09-11,14.57,9.78,18.5,0.52
2021-09-12,15.86,9.81,23.48,0.0
2021-09-13,15.51,8.99,25.06,0.0
2021-09-14,15.19,4.73,23.09,0.0
2021-09-15,18.6,11.64,28.01,0.0
2021-09-16,12.52,6.19,13.77,1.81
2021-09-17,12.95,2.34,23.14,0.0
2021-09-18,22.71,9.7,34.3,0.0
2021-09-19,16.9,12.1,27.0,2.78
2021-09-20,13.55,7.1,19.62,0.0
2021-09-21,13.77,5.08,21.13,0.0
2021-09-22,15.74,1.81,30.94,0.0
2021-09-23,17.61,9.01,23.65,0.0
2021-09-24,9.92,-0.43,18.91,0.0
2021-09-25,15.09,3.64,29.41,0.0
2021-09-26,18.1,7.69,29.64,0.0
2021-09-27,18.07,11.65,31.54,0.0
2021-09-28,20.82,6.75,35.99,0.0
2021-09-29,14.33,12.13,25.99,2.41
2021-09-30,15.75,8.85,23.07,0.0
2021-10-01,13.64,1.49,25.47,0.0
2021-10-02,12.39,2.86,22.99,0.0
2021-10-03,13.02,5.1,26.11,0.0
2021-10-04,15.59,3.63,32.71,0.0
2021-10-05,18.08,9.81,32.0,0.0
2021-10-06,19.71,5.06,31.93,0.0
2021-10-07,15.7,11.7,22.46,0.0
2021-10-08,13.13,3.81,19.53,0.0
2021-10-09,8.43,8.29,11.16,2.38
2021-10-10,9.11,2.54,20.84,0.0
2021-10-11,8.05,5.03,9.5,0.0
2021-10-12,5.96,3.47,5.97,3.89
2021-10-13,1.53,0.27,2.69,32.96
2021-10-14,2.78,0.61,4.85,0.0
2021-10-15,2.81,-0.57,12.13,0.36
2021-10-16,8.36,0.73,17.53,0.0
2021-10-17,13.1,3.42,25.2,0.0
2021-10-18,12.66,1.21,22.29,0.0
2021-10-19,3.45,-1.86,8.05,0.0
2021-10-20,-1.05,-5.03,6.1,0.0
2021-10-21,1.19,-5.23,11.14,0.31
2021-10-22,5.05,-0.26,13.19,1.54
2021-10-23,3.22,-0.03,10.11,0.0
2021-10-24,5.31,1.69,5.35,1.11
2021-10-25,5.18,3.16,8.87,0.0
2021-10-26,7.41,7.06,8.44,4.63
2021-10-27,6.48,1.63,15.37,0.0
2021-10-28,5.33,0.66,13.88,0.0
2021-10-29,10.58,0.1,23.4,0.0
2021-10-30,6.08,-1.04,13.53,0.05
2021-10-31,-2.41,-6.19,2.69,0.0
2021-11-01,-2.96,-6.29,0.86,0.0
2021-11-02,-3.47,-11.65,9.34,0.0
2021-11-03,-0.83,-8.98,12.83,0.0
2021-11-04,6.39,-4.1,17.64,0.0
2021-11-05,11.38,4.25,16.24,1.12
2021-11-06,5.77,0.67,17.26,0.0
2021-11-07,4.74,-2.24,11.53,1.64
2021-11-08,1.48,-4.11,11.99,0.0
2021-11-09,3.54,-6.42,12.15,0.0
2021-11-10,5.19,3.61,8.46,1.58
2021-11-11,-3.19,-4.01,1.91,0.0
2021-11-12,-6.21,-8.47,-3.47,0.0
2021-11-13,-0.36,-2.72,7.74,2.61
2021-11-14,0.87,-0.07,6.3,3.04
2021-11-15,4.52,4.73,10.26,2.75
2021-11-16,5.15,0.69,10.76,0.0
2021-11-17,-5.13,-7.0,-0.53,0.0
2021-11-18,-5.84,-10.81,-1.04,0.0
2021-11-19,0.58,-7.25,6.53,0.0
2021-11-20,1.23,-9.0,6.69,0.0
2021-11-21,-4.72,-9.46,-0.15,0.0
2021-11-22,-0.98,-5.36,7.3,0.0
2021-11-23,2.3,-2.43,8.32,0.5
2021-11-24,-6.4,-16.51,1.23,0.95
2021-11-25,-6.13,-15.68,4.19,0.0
2021-11-26,5.4,-0.38,11.35,0.0
2021-11-27,2.96,-6.12,6.2,0.0
2021-11-28,4.24,-4.97,9.39,0.0
2021-11-29,5.82,-2.26,8.77,0.0
2021-11-30,0.22,-3.82,5.07,0.0
2021-12-01,6.61,1.0,15.75,0.0
2021-12-02,2.26,-1.31,5.97,0.0
2021-12-03,-1.63,-6.42,3.06,0.0
2021-12-04,-2.02,-4.22,-1.58,6.47
2021-12-05,-7.36,-16.13,-2.86,0.42
2021-12-06,-17.22,-23.33,-11.01,0.0
2021-12-07,-12.61,-18.22,-9.18,0.1
2021-12-08,-4.61,-13.97,6.47,0.03
2021-12-09,-2.51,-7.85,2.53,0.0
2021-12-10,-5.7,-12.74,-0.05,0.0
2021-12-11,-3.44,-11.72,3.29,0.0
2021-12-12,2.87,-0.87,6.78,0.0
2021-12-13,-1.86,-7.01,4.68,0.0
2021-12-14,-1.88,-5.66,5.61,0.0
2021-12-15,-11.73,-15.89,-5.87,3.05
2021-12-16,-16.85,-20.68,-11.84,0.0
2021-12-17,-15.98,-22.92,-12.44,2.42
2021-12-18,-17.68,-25.82,-7.2,0.0
2021-12-19,-3.98,-12.51,3.29,0.0
2021-12-20,-13.71,-18.97,-10.99,3.37
2021-12-21,-11.98,-14.1,-9.74,0.0
2021-12-22,-7.17,-11.04,-3.6,0.36
2021-12-23,-0.95,-4.05,7.22,0.88
2021-12-24,-11.19,-18.37,3.38,1.06
2021-12-25,-16.48,-23.01,-14.83,1.44
2021-12-26,-14.95,-25.54,-11.19,3.45
2021-12-27,-24.68,-26.98,-14.69,3.23
2021-12-28,-26.41,-30.58,-20.16,0.0
2021-12-29,-25.89,-31.48,-23.17,0.0
2021-12-30,-22.75,-28.93,-15.56,0.0
2021-12-31,-28.33,-28.77,-24.87,0.0
2022-01-01,-28.51,-33.05,-19.92,0.0
2022-01-02,-10.8,-28.48,-2.79,0.0
2022-01-03,-9.42,-15.7,-5.59,0.0
2022-01-04,-15.2,-19.29,-9.56,3.29
2022-01-05,-25.03,-31.43,-20.96,0.0
2022-01-06,-29.94,-33.18,-24.49,0.0
2022-01-07,-13.13,-23.71,-6.34,1.86
2022-01-08,-15.7,-23.05,-1.16,0.0
2022-01-09,-20.24,-26.54,-16.31,0.0
2022-01-10,-15.87,-21.98,-4.2,0.0
2022-01-11,-0.49,-4.11,4.48,0.99
2022-01-12,0.13,-0.6,4.49,0.0
2022-01-13,-3.22,-7.72,1.04,0.0
2022-01-14,-4.19,-8.48,-1.16,0.0
2022-01-15,-2.58,-6.31,1.81,0.0
2022-01-16,1.02,-3.7,3.82,0.0
2022-01-17,-1.15,-4.18,4.05,0.0
2022-01-18,-10.54,-20.39,2.34,1.28
2022-01-19,-22.17,-26.14,-18.26,0.0
2022-01-20,-15.47,-26.33,-3.47,0.0
2022-01-21,-1.44,-10.64,2.33,1.18
2022-01-22,-6.52,-12.92,1.0,2.37
2022-01-23,-1.69,-9.44,3.82,4.81
2022-01-24,-11.95,-19.46,1.66,1.29
2022-01-25,-17.62,-24.57,-9.1,0.0
2022-01-26,-1.39,-8.3,-0.48,3.21
2022-01-27,-5.91,-8.14,-0.26,1.29
2022-01-28,-4.85,-8.89,1.81,0.0
2022-01-29,0.24,-7.79,0.15,0.0
2022-01-30,-3.67,-8.65,1.83,0.0
2022-01-31,-3.39,-12.4,1.8,6.56
2022-02-01,-16.28,-20.53,-11.34,0.0
2022-02-02,-20.79,-24.11,-17.57,0.0
2022-02-03,-17.74,-21.67,-9.03,0.0
2022-02-04,-15.76,-24.17,-6.61,0.0
2022-02-05,0.49,-5.17,3.73,0.0
2022-02-06,-2.68,-6.65,5.36,1.17
2022-02-07,1.28,-0.87,8.13,0.0
2022-02-08,1.87,0.7,1.64,0.0
2022-02-09,-0.12,-2.05,1.05,0.12
2022-02-10,3.45,-0.99,9.78,1.75
2022-02-11,-10.34,-15.27,1.76,0.0
2022-02-12,-9.61,-15.6,-7.43,0.0
2022-02-13,-2.55,-14.76,5.63,0.0
2022-02-14,-9.45,-12.01,-3.19,0.97
2022-02-15,-8.18,-14.17,-4.81,0.0
2022-02-16,-10.37,-16.94,-6.35,0.0
2022-02-17,-8.55,-15.7,2.79,0.0
2022-02-18,-8.25,-14.04,2.77,1.14
2022-02-19,0.06,-16.42,9.64,0.0
2022-02-20,-10.13,-19.98,7.99,2.84
2022-02-21,-21.14,-23.69,-19.7,2.25
2022-02-22,-24.02,-29.09,-20.05,0.0
2022-02-23,-25.19,-31.07,-16.49,0.0
2022-02-24,-18.34,-27.32,-13.4,0.0
2022-02-25,-17.9,-25.6,-8.78,0.0
2022-02-26,-8.38,-14.31,-0.1,0.0
2022-02-27,-0.69,-7.14,4.94,0.0
2022-02-28,2.6,-0.85,6.03,0.0
2022-03-01,-2.2,-3.26,0.08,0.0
2022-03-02,-4.87,-8.33,0.78,1.48
2022-03-03,-7.17,-7.05,-4.71,2.71
2022-03-04,-6.07,-9.28,-5.81,0.0
2022-03-05,-6.37,-12.5,-6.33,0.0
2022-03-06,-8.27,-13.53,-3.24,0.0
2022-03-07,-4.46,-12.69,4.81,0.0
2022-03-08,-7.51,-12.06,-1.33,0.0
2022-03-09,-15.31,-20.52,-11.62,0.0
2022-03-10,-13.56,-18.62,-3.52,0.0
2022-03-11,-13.94,-22.84,-6.99,0.0
2022-03-12,-1.7,-11.68,8.95,0.0
2022-03-14,2.62,-1.37,10.32,0.0
2022-03-15,4.9,-2.4,13.55,0.0
2022-03-16,5.41,0.27,10.25,0.0
2022-03-17,4.41,-3.1,11.98,0.0
2022-03-18,5.79,-0.46,12.18,0.0
2022-03-19,3.71,-4.7,14.02,0.0
2022-03-20,6.88,1.66,14.69,0.0
2022-03-21,4.76,-0.05,9.09,0.0
2022-03-22,2.42,-3.96,8.45,0.0
2022-03-23,1.3,-8.25,12.23,0.0
2022-03-24,5.93,0.56,12.64,0.0
2022-03-25,0.89,-4.7,7.17,0.0
2022-03-26,-3.06,-9.52,1.1,0.0
2022-03-27,-1.95,-6.49,7.88,0.0
2022-03-28,6.61,-4.17,16.5,0.0
2022-03-29,0.77,-4.62,7.21,1.37
2022-03-30,-1.81,-2.93,4.85,0.37
2022-03-31,3.08,-6.2,15.11,0.0
2022-04-01,2.54,-4.64,9.96,0.0
2022-04-02,3.13,-6.32,11.94,0.0
2022-04-03,2.86,-0.15,6.34,8.1
2022-04-04,8.31,0.02,18.14,0.0
2022-04-05,5.07,1.82,8.15,1.32
2022-04-06,3.22,0.01,6.87,3.04
2022-04-07,5.97,-1.52,10.13,0.0
2022-04-08,4.13,-7.57,12.19,0.0
2022-04-09,7.67,0.02,14.46,0.0
2022-04-10,3.44,-3.05,6.86,1.09
2022-04-11,1.57,-4.61,7.39,1.49
2022-04-12,-4.13,-5.97,-2.2,16.17
2022-04-13,-5.38,-7.51,-7.11,22.54
2022-04-14,-6.57,-10.03,-7.49,3.05
2022-04-15,-10.02,-13.34,-5.75,0.0
2022-04-16,-9.81,-17.36,-1.71,0.0
2022-04-17,-5.21,-9.21,-4.07,4.54
2022-04-18,-2.53,-11.88,2.45,0.0
2022-04-19,2.0,-2.48,5.43,0.0
2022-04-20,3.89,-0.9,8.25,0.0
2022-04-21,2.77,1.43,3.2,0.0
2022-04-22,1.68,-0.34,2.75,1.89
2022-04-23,1.2,-0.48,1.83,61.18
2022-04-24,0.46,0.49,2.91,12.0
2022-04-25,-0.9,-8.79,3.39,0.0
2022-04-26,-0.78,-4.31,3.16,0.0
2022-04-27,3.84,-1.54,7.86,1.05
2022-04-28,8.5,0.35,16.24,0.81
2022-04-29,7.39,5.3,10.05,0.0
2022-04-30,6.89,1.18,15.42,0.0
2022-05-01,5.48,-0.94,14.51,0.0
2022-05-02,8.24,-1.32,16.3,0.0
2022-05-03,7.61,-0.18,13.91,0.0
2022-05-04,11.7,7.46,19.16,0.0
2022-05-05,16.74,4.2,23.11,0.0
2022-05-06,17.05,8.32,23.81,1.24
2022-05-07,16.57,5.88,23.92,0.65
2022-05-08,9.43,5.53,18.21,0.48
2022-05-09,6.51,4.75,11.65,8.28
2022-05-10,10.55,0.93,18.62,0.0
2022-05-11,10.87,9.64,14.11,19.87
2022-05-12,8.84,8.45,12.99,25.4
2022-05-13,8.5,5.78,11.97,23.57
2022-05-14,11.72,5.19,15.53,1.26
2022-05-15,12.72,4.73,19.17,0.0
2022-05-16,14.41,6.37,23.12,1.28
2022-05-17,17.32,10.76,22.63,0.0
2022-05-18,15.12,9.44,16.49,0.0
2022-05-19,9.67,7.81,12.8,2.71
2022-05-20,0.93,1.42,6.35,3.25
2022-05-21,6.95,1.27,9.34,0.55
2022-05-22,8.81,-1.47,14.77,0.0
2022-05-23,11.66,2.35,17.49,1.64
2022-05-24,12.15,2.89,19.85,0.0
2022-05-25,14.16,7.0,22.19,0.0
2022-05-26,16.27,9.51,24.51,0.0
2022-05-27,15.97,9.0,22.49,0.0
2022-05-28,15.8,9.86,24.59,15.47
2022-05-29,16.03,9.97,19.23,17.16
2022-05-30,13.97,11.69,16.13,0.0
2022-05-31,14.2,7.76,16.99,0.0
2022-06-01,12.24,2.43,19.44,0.0
2022-06-02,13.37,4.48,18.25,0.0
2022-06-03,12.53,3.06,20.61,0.0
2022-06-04,16.03,9.58,23.67,0.0
2022-06-05,14.35,10.92,17.45,3.73
2022-06-06,11.34,8.71,16.24,1.2
2022-06-07,11.1,7.67,14.76,10.4
2022-06-08,13.91,5.77,22.54,0.0
2022-06-09,15.81,9.9,22.45,1.86
2022-06-10,18.42,9.6,29.44,0.0
2022-06-11,21.61,11.7,28.21,1.48
2022-06-12,20.95,13.51,28.69,0.0
2022-06-13,18.06,15.69,23.97,22.96
2022-06-14,14.94,10.42,18.53,0.0
2022-06-15,12.22,9.42,14.43,5.15
2022-06-16,17.47,13.22,23.37,0.0
2022-06-17,19.87,11.23,28.03,0.0
2022-06-18,26.79,19.22,35.3,0.0
2022-06-19,24.36,18.01,27.02,0.52
2022-06-20,18.19,13.73,24.83,12.38
2022-06-21,17.3,13.08,22.03,0.0
2022-06-22,19.7,10.92,29.76,0.0
